{"id": 27376641, "competitionId": 30067, "createTime": {"seconds": 1632925340}, "endTime": {"seconds": 1632925340}, "agents": [{"id": 69849882, "state": 2, "submissionId": 22733606, "reward": 100005, "index": 0, "initialScore": 1163.409603344567, "initialConfidence": 35.0, "updatedScore": 1158.4116447014435, "updatedConfidence": 35.0, "teamId": 99999}, {"id": 69849883, "state": 2, "submissionId": 23032370, "reward": 410038, "index": 1, "initialScore": 1111.1092548579788, "initialConfidence": 87.76197106745536, "updatedScore": 1142.5338221752538, "updatedConfidence": 83.36895285075654, "teamId": 99999}]}