{"id": 27377546, "competitionId": 30067, "createTime": {"seconds": 1632927021}, "endTime": {"seconds": 1632927021}, "agents": [{"id": 69851692, "state": 2, "submissionId": 23032370, "reward": 620061, "index": 0, "initialScore": 1268.8683874829055, "initialConfidence": 65.68097591356316, "updatedScore": 1285.277547729097, "updatedConfidence": 63.81603375034143, "teamId": 99999}, {"id": 69851693, "state": 2, "submissionId": 22897355, "reward": 150018, "index": 1, "initialScore": 1288.4925067347997, "initialConfidence": 35.0, "updatedScore": 1283.8329645198123, "updatedConfidence": 35.0, "teamId": 99999}]}