{"id": 27376121, "competitionId": 30067, "createTime": {"seconds": 1632924380}, "endTime": {"seconds": 1632924380}, "agents": [{"id": 69848842, "state": 2, "submissionId": 23032370, "reward": 320039, "index": 0, "initialScore": 1000.479232923537, "initialConfidence": 109.11225885634508, "updatedScore": 1024.083707471555, "updatedConfidence": 103.4076159351778, "teamId": 99999}, {"id": 69848843, "state": 2, "submissionId": 22785713, "reward": 0, "index": 1, "initialScore": 864.838183007039, "initialConfidence": 35.0, "updatedScore": 862.4094301051774, "updatedConfidence": 35.0, "teamId": 99999}]}