{"id": 27388340, "competitionId": 30067, "createTime": {"seconds": 1632947149}, "endTime": {"seconds": 1632947149}, "agents": [{"id": 69873280, "state": 2, "submissionId": 22925050, "reward": 0, "index": 0, "initialScore": 1398.0253936914835, "initialConfidence": 35.0, "updatedScore": 1394.9600058018032, "updatedConfidence": 35.0, "teamId": 99999}, {"id": 69873281, "state": 2, "submissionId": 23032370, "reward": 190011, "index": 1, "initialScore": 1491.4955482882322, "initialConfidence": 41.82466782207809, "updatedScore": 1495.8729292974554, "updatedConfidence": 41.41547272958724, "teamId": 99999}]}