{"id": 27475476, "competitionId": 30067, "createTime": {"seconds": 1633104932}, "endTime": {"seconds": 1633104932}, "agents": [{"id": 70047552, "state": 2, "submissionId": 22902119, "reward": 0, "index": 0, "initialScore": 1584.5205274505026, "initialConfidence": 35.0, "updatedScore": 1580.4148349809502, "updatedConfidence": 35.0, "teamId": 99999}, {"id": 70047553, "state": 2, "submissionId": 23032370, "reward": 50008, "index": 1, "initialScore": 1608.4367531751077, "initialConfidence": 35.0, "updatedScore": 1612.54244564466, "updatedConfidence": 35.0, "teamId": 99999}]}