{"id": 27583631, "competitionId": 30067, "createTime": {"seconds": 1633290325}, "endTime": {"seconds": 1633290325}, "agents": [{"id": 70263862, "state": 2, "submissionId": 22913959, "reward": 0, "index": 0, "initialScore": 1619.5411816441836, "initialConfidence": 35.0, "updatedScore": 1616.198951069421, "updatedConfidence": 35.0, "teamId": 99999}, {"id": 70263863, "state": 2, "submissionId": 23032370, "reward": 170014, "index": 1, "initialScore": 1694.0279290649332, "initialConfidence": 35.0, "updatedScore": 1697.370159639696, "updatedConfidence": 35.0, "teamId": 99999}]}