{"id": 27690626, "competitionId": 30067, "createTime": {"seconds": 1633465246}, "endTime": {"seconds": 1633465246}, "agents": [{"id": 70477852, "state": 2, "submissionId": 23032370, "reward": 160006, "index": 0, "initialScore": 1728.576888689839, "initialConfidence": 35.0, "updatedScore": 1731.571604119728, "updatedConfidence": 35.0, "teamId": 99999}, {"id": 70477853, "state": 2, "submissionId": 23008895, "reward": 50005, "index": 1, "initialScore": 1629.22139895185, "initialConfidence": 35.0, "updatedScore": 1626.226683521961, "updatedConfidence": 35.0, "teamId": 99999}]}