{"id": 27703479, "competitionId": 30067, "createTime": {"seconds": 1633485914}, "endTime": {"seconds": 1633485914}, "agents": [{"id": 70503558, "state": 2, "submissionId": 22913959, "reward": 110011, "index": 0, "initialScore": 1593.010033816766, "initialConfidence": 35.0, "updatedScore": 1590.5581650112288, "updatedConfidence": 35.0, "teamId": 99999}, {"id": 70503559, "state": 2, "submissionId": 23032370, "reward": 180021, "index": 1, "initialScore": 1734.4271443493249, "initialConfidence": 35.0, "updatedScore": 1736.8790131548622, "updatedConfidence": 35.0, "teamId": 99999}]}