{"id": 27743142, "competitionId": 30067, "createTime": {"seconds": 1633548358}, "endTime": {"seconds": 1633548358}, "agents": [{"id": 70582884, "state": 2, "submissionId": 22947606, "reward": 20002, "index": 0, "initialScore": 1614.883532047103, "initialConfidence": 35.0, "updatedScore": 1612.375313355528, "updatedConfidence": 35.0, "teamId": 99999}, {"id": 70582885, "state": 2, "submissionId": 23032370, "reward": 320032, "index": 1, "initialScore": 1751.7153795886013, "initialConfidence": 35.0, "updatedScore": 1754.2235982801765, "updatedConfidence": 35.0, "teamId": 99999}]}