{"id": 27827811, "competitionId": 30067, "createTime": {"seconds": 1633678031}, "endTime": {"seconds": 1633678031}, "agents": [{"id": 70752222, "state": 2, "submissionId": 23032370, "reward": 210021, "index": 0, "initialScore": 1764.6029882029216, "initialConfidence": 35.0, "updatedScore": 1768.2781673866816, "updatedConfidence": 35.0, "teamId": 99999}, {"id": 70752223, "state": 2, "submissionId": 23034455, "reward": 40005, "index": 1, "initialScore": 1712.7743522363437, "initialConfidence": 35.0, "updatedScore": 1709.0991730525836, "updatedConfidence": 35.0, "teamId": 99999}]}