{"id": 27861467, "competitionId": 30067, "createTime": {"seconds": 1633728324}, "endTime": {"seconds": 1633728324}, "agents": [{"id": 70819534, "state": 2, "submissionId": 23032370, "reward": 570048, "index": 0, "initialScore": 1769.902257346434, "initialConfidence": 35.0, "updatedScore": 1773.5808572860576, "updatedConfidence": 35.0, "teamId": 99999}, {"id": 70819535, "state": 2, "submissionId": 23034455, "reward": 360039, "index": 1, "initialScore": 1718.301203835824, "initialConfidence": 35.0, "updatedScore": 1714.6226038962004, "updatedConfidence": 35.0, "teamId": 99999}]}