{"id": 27989397, "competitionId": 30067, "createTime": {"seconds": 1633914421}, "endTime": {"seconds": 1633914421}, "agents": [{"id": 71075394, "state": 2, "submissionId": 22902113, "reward": 80008, "index": 0, "initialScore": 1681.39086785324, "initialConfidence": 35.0, "updatedScore": 1678.7008551740194, "updatedConfidence": 35.0, "teamId": 99999}, {"id": 71075395, "state": 2, "submissionId": 23032370, "reward": 610063, "index": 1, "initialScore": 1803.800708689225, "initialConfidence": 35.0, "updatedScore": 1806.4907213684455, "updatedConfidence": 35.0, "teamId": 99999}]}