{"id": 28017329, "competitionId": 30067, "createTime": {"seconds": 1633954053}, "endTime": {"seconds": 1633954053}, "agents": [{"id": 71131258, "state": 2, "submissionId": 23032370, "reward": 150014, "index": 0, "initialScore": 1814.4952454435067, "initialConfidence": 35.0, "updatedScore": 1817.3193731868064, "updatedConfidence": 35.0, "teamId": 99999}, {"id": 71131259, "state": 2, "submissionId": 23034455, "reward": 20002, "index": 1, "initialScore": 1702.3930590252792, "initialConfidence": 35.0, "updatedScore": 1699.5689312819795, "updatedConfidence": 35.0, "teamId": 99999}]}