{"id": 28116298, "competitionId": 30067, "createTime": {"seconds": 1634097161}, "endTime": {"seconds": 1634097161}, "agents": [{"id": 71329196, "state": 2, "submissionId": 23032370, "reward": 130013, "index": 0, "initialScore": 1842.0194422181532, "initialConfidence": 35.0, "updatedScore": 1835.0039299114692, "updatedConfidence": 35.0, "teamId": 99999}, {"id": 71329197, "state": 2, "submissionId": 23034455, "reward": 190019, "index": 1, "initialScore": 1702.2526498490734, "initialConfidence": 35.0, "updatedScore": 1709.2681621557574, "updatedConfidence": 35.0, "teamId": 99999}]}