{"id": 28151974, "competitionId": 30067, "createTime": {"seconds": 1634145845}, "endTime": {"seconds": 1634145845}, "agents": [{"id": 71400548, "state": 2, "submissionId": 23034455, "reward": 230023, "index": 0, "initialScore": 1711.1699790609675, "initialConfidence": 35.0, "updatedScore": 1708.508689050601, "updatedConfidence": 35.0, "teamId": 99999}, {"id": 71400549, "state": 2, "submissionId": 23032370, "reward": 350034, "index": 1, "initialScore": 1835.8226652796209, "initialConfidence": 35.0, "updatedScore": 1838.4839552899875, "updatedConfidence": 35.0, "teamId": 99999}]}