{"id": 28181046, "competitionId": 30067, "createTime": {"seconds": 1634185632}, "endTime": {"seconds": 1634185632}, "agents": [{"id": 71458692, "state": 2, "submissionId": 23032370, "reward": 90010, "index": 0, "initialScore": 1844.7978716098723, "initialConfidence": 35.0, "updatedScore": 1847.1099369068736, "updatedConfidence": 35.0, "teamId": 99999}, {"id": 71458693, "state": 2, "submissionId": 23034455, "reward": 40006, "index": 1, "initialScore": 1691.7464269888185, "initialConfidence": 35.0, "updatedScore": 1689.434361691817, "updatedConfidence": 35.0, "teamId": 99999}]}