{"id": 28188192, "competitionId": 30067, "createTime": {"seconds": 1634195230}, "endTime": {"seconds": 1634195230}, "agents": [{"id": 71472984, "state": 2, "submissionId": 23032370, "reward": 100016, "index": 0, "initialScore": 1847.1099369068736, "initialConfidence": 35.0, "updatedScore": 1849.103498318374, "updatedConfidence": 35.0, "teamId": 99999}, {"id": 71472985, "state": 2, "submissionId": 23129375, "reward": 20002, "index": 1, "initialScore": 1665.9676389604476, "initialConfidence": 35.0, "updatedScore": 1663.9740775489472, "updatedConfidence": 35.0, "teamId": 99999}]}