{"id": 28217113, "competitionId": 30067, "createTime": {"seconds": 1634233901}, "endTime": {"seconds": 1634233901}, "agents": [{"id": 71530826, "state": 2, "submissionId": 23034455, "reward": 150015, "index": 0, "initialScore": 1693.010660087739, "initialConfidence": 35.0, "updatedScore": 1690.8072442825926, "updatedConfidence": 35.0, "teamId": 99999}, {"id": 71530827, "state": 2, "submissionId": 23032370, "reward": 330029, "index": 1, "initialScore": 1855.379597487736, "initialConfidence": 35.0, "updatedScore": 1857.583013292883, "updatedConfidence": 35.0, "teamId": 99999}]}