{"id": 28371827, "competitionId": 30067, "createTime": {"seconds": 1634436935}, "endTime": {"seconds": 1634436935}, "agents": [{"id": 71840254, "state": 2, "submissionId": 23034455, "reward": 180019, "index": 0, "initialScore": 1691.9279579741433, "initialConfidence": 35.0, "updatedScore": 1690.0251596967496, "updatedConfidence": 35.0, "teamId": 99999}, {"id": 71840255, "state": 2, "submissionId": 23032370, "reward": 300030, "index": 1, "initialScore": 1881.547952728047, "initialConfidence": 35.0, "updatedScore": 1883.450751005441, "updatedConfidence": 35.0, "teamId": 99999}]}