{"id": 28402473, "competitionId": 30067, "createTime": {"seconds": 1634475816}, "endTime": {"seconds": 1634475816}, "agents": [{"id": 71901546, "state": 2, "submissionId": 23034455, "reward": 370038, "index": 0, "initialScore": 1680.205289029802, "initialConfidence": 35.0, "updatedScore": 1688.6055146836327, "updatedConfidence": 35.0, "teamId": 99999}, {"id": 71901547, "state": 2, "submissionId": 23032370, "reward": 280038, "index": 1, "initialScore": 1888.9377404453744, "initialConfidence": 35.0, "updatedScore": 1880.537514791544, "updatedConfidence": 35.0, "teamId": 99999}]}