{"id": 28426036, "competitionId": 30067, "createTime": {"seconds": 1634505604}, "endTime": {"seconds": 1634505604}, "agents": [{"id": 71948672, "state": 2, "submissionId": 23129375, "reward": 10008, "index": 0, "initialScore": 1684.164009100292, "initialConfidence": 35.0, "updatedScore": 1682.3697154365605, "updatedConfidence": 35.0, "teamId": 99999}, {"id": 71948673, "state": 2, "submissionId": 23032370, "reward": 120012, "index": 1, "initialScore": 1884.2415288244483, "initialConfidence": 35.0, "updatedScore": 1886.03582248818, "updatedConfidence": 35.0, "teamId": 99999}]}