{"id": 28433659, "competitionId": 30067, "createTime": {"seconds": 1634515205}, "endTime": {"seconds": 1634515205}, "agents": [{"id": 71963918, "state": 2, "submissionId": 23034455, "reward": 220022, "index": 0, "initialScore": 1701.076382920818, "initialConfidence": 35.0, "updatedScore": 1699.1239978999065, "updatedConfidence": 35.0, "teamId": 99999}, {"id": 71963919, "state": 2, "submissionId": 23032370, "reward": 250025, "index": 1, "initialScore": 1886.03582248818, "initialConfidence": 35.0, "updatedScore": 1887.9882075090916, "updatedConfidence": 35.0, "teamId": 99999}]}