{"id": 28456076, "competitionId": 30067, "createTime": {"seconds": 1634543284}, "endTime": {"seconds": 1634543284}, "agents": [{"id": 72008752, "state": 2, "submissionId": 23032370, "reward": 460045, "index": 0, "initialScore": 1881.725632330979, "initialConfidence": 35.0, "updatedScore": 1883.8744303117724, "updatedConfidence": 35.0, "teamId": 99999}, {"id": 72008753, "state": 2, "submissionId": 23034455, "reward": 380039, "index": 1, "initialScore": 1714.5738471113775, "initialConfidence": 35.0, "updatedScore": 1712.4250491305845, "updatedConfidence": 35.0, "teamId": 99999}]}