{"id": 28471742, "competitionId": 30067, "createTime": {"seconds": 1634562726}, "endTime": {"seconds": 1634562726}, "agents": [{"id": 72040084, "state": 2, "submissionId": 23032370, "reward": 120012, "index": 0, "initialScore": 1885.911593557979, "initialConfidence": 35.0, "updatedScore": 1887.8505118305104, "updatedConfidence": 35.0, "teamId": 99999}, {"id": 72040085, "state": 2, "submissionId": 23034455, "reward": 70008, "index": 1, "initialScore": 1699.693453549152, "initialConfidence": 35.0, "updatedScore": 1697.7545352766203, "updatedConfidence": 35.0, "teamId": 99999}]}