{"id": 27374559, "competitionId": 30067, "createTime": {"seconds": 1632921405}, "endTime": {"seconds": 1632921405}, "agents": [{"id": 69845718, "state": 2, "submissionId": 23032370, "reward": 1, "index": 0, "initialScore": 0.0, "initialConfidence": 0.0, "updatedScore": 600.0, "updatedConfidence": 200.0, "teamId": 99999}, {"id": 69845719, "state": 2, "submissionId": 23032370, "reward": 80007, "index": 1, "initialScore": 0.0, "initialConfidence": 0.0, "updatedScore": 600.0, "updatedConfidence": 200.0, "teamId": 99999}]}