{"id": 27375863, "competitionId": 30067, "createTime": {"seconds": 1632923900}, "endTime": {"seconds": 1632923900}, "agents": [{"id": 69848326, "state": 2, "submissionId": 22526881, "reward": 0, "index": 0, "initialScore": 747.9430862097896, "initialConfidence": 35.0, "updatedScore": 746.0609081654195, "updatedConfidence": 35.0, "teamId": 99999}, {"id": 69848327, "state": 2, "submissionId": 23032370, "reward": 70011, "index": 1, "initialScore": 938.8023308830444, "initialConfidence": 124.40301454768364, "updatedScore": 962.5809386446736, "updatedConfidence": 117.3580929518908, "teamId": 99999}]}