{"id": 27378064, "competitionId": 30067, "createTime": {"seconds": 1632927980}, "endTime": {"seconds": 1632927980}, "agents": [{"id": 69852728, "state": 2, "submissionId": 22874441, "reward": 1, "index": 0, "initialScore": 1220.875597739824, "initialConfidence": 35.0, "updatedScore": 1217.8723948763172, "updatedConfidence": 35.0, "teamId": 99999}, {"id": 69852729, "state": 2, "submissionId": 23032370, "reward": 70008, "index": 1, "initialScore": 1316.529658104012, "initialConfidence": 59.758003103077016, "updatedScore": 1325.284347321017, "updatedConfidence": 58.6037281787661, "teamId": 99999}]}