{"id": 27380258, "competitionId": 30067, "createTime": {"seconds": 1632932060}, "endTime": {"seconds": 1632932060}, "agents": [{"id": 69857116, "state": 2, "submissionId": 22954913, "reward": 10001, "index": 0, "initialScore": 1294.344892317831, "initialConfidence": 35.0, "updatedScore": 1292.0580762312238, "updatedConfidence": 35.0, "teamId": 99999}, {"id": 69857117, "state": 2, "submissionId": 23032370, "reward": 90009, "index": 1, "initialScore": 1449.167414628149, "initialConfidence": 45.76627598189573, "updatedScore": 1453.0775005443, "updatedConfidence": 45.310451518872746, "teamId": 99999}]}