{"id": 27386088, "competitionId": 30067, "createTime": {"seconds": 1632943037}, "endTime": {"seconds": 1632943037}, "agents": [{"id": 69868776, "state": 2, "submissionId": 23032370, "reward": 150015, "index": 0, "initialScore": 1484.7747810481758, "initialConfidence": 42.337444157599165, "updatedScore": 1491.4955482882322, "updatedConfidence": 41.82466782207809, "teamId": 99999}, {"id": 69868777, "state": 2, "submissionId": 22632517, "reward": 40005, "index": 1, "initialScore": 1492.6161241083732, "initialConfidence": 35.0, "updatedScore": 1488.023026552208, "updatedConfidence": 35.0, "teamId": 99999}]}