{"id": 27383281, "competitionId": 30067, "createTime": {"seconds": 1632937695}, "endTime": {"seconds": 1632937695}, "agents": [{"id": 69863162, "state": 2, "submissionId": 23025551, "reward": 90009, "index": 0, "initialScore": 1428.375728846229, "initialConfidence": 39.3422869271184, "updatedScore": 1423.7505987842455, "updatedConfidence": 38.97319919177695, "teamId": 99999}, {"id": 69863163, "state": 2, "submissionId": 23032370, "reward": 650069, "index": 1, "initialScore": 1479.2974808228798, "initialConfidence": 42.8135164469269, "updatedScore": 1484.7747810481758, "updatedConfidence": 42.337444157599165, "teamId": 99999}]}