{"id": 27438984, "competitionId": 30067, "createTime": {"seconds": 1633039787}, "endTime": {"seconds": 1633039787}, "agents": [{"id": 69974568, "state": 2, "submissionId": 22930827, "reward": 1, "index": 0, "initialScore": 1601.32486448355, "initialConfidence": 35.0, "updatedScore": 1596.5842483264212, "updatedConfidence": 35.0, "teamId": 99999}, {"id": 69974569, "state": 2, "submissionId": 23032370, "reward": 280024, "index": 1, "initialScore": 1586.2981226835457, "initialConfidence": 35.24295268011179, "updatedScore": 1591.1047812877644, "updatedConfidence": 35.0, "teamId": 99999}]}