{"id": 27446028, "competitionId": 30067, "createTime": {"seconds": 1633052554}, "endTime": {"seconds": 1633052554}, "agents": [{"id": 69988656, "state": 2, "submissionId": 22917746, "reward": 0, "index": 0, "initialScore": 1615.6223354861806, "initialConfidence": 35.0, "updatedScore": 1610.764960995498, "updatedConfidence": 35.0, "teamId": 99999}, {"id": 69988657, "state": 2, "submissionId": 23032370, "reward": 260032, "index": 1, "initialScore": 1593.744524945792, "initialConfidence": 35.0, "updatedScore": 1598.6018994364747, "updatedConfidence": 35.0, "teamId": 99999}]}