{"id": 27513621, "competitionId": 30067, "createTime": {"seconds": 1633171492}, "endTime": {"seconds": 1633171492}, "agents": [{"id": 70123842, "state": 2, "submissionId": 23032370, "reward": 180018, "index": 0, "initialScore": 1621.1596160492873, "initialConfidence": 35.0, "updatedScore": 1625.3195802217483, "updatedConfidence": 35.0, "teamId": 99999}, {"id": 70123843, "state": 2, "submissionId": 22993987, "reward": 30003, "index": 1, "initialScore": 1600.665643806893, "initialConfidence": 35.0, "updatedScore": 1596.5056796344318, "updatedConfidence": 35.0, "teamId": 99999}]}