{"id": 27544321, "competitionId": 30067, "createTime": {"seconds": 1633224054}, "endTime": {"seconds": 1633224054}, "agents": [{"id": 70185242, "state": 2, "submissionId": 23032370, "reward": 220019, "index": 0, "initialScore": 1660.5831038243189, "initialConfidence": 35.0, "updatedScore": 1664.5257307766065, "updatedConfidence": 35.0, "teamId": 99999}, {"id": 70185243, "state": 2, "submissionId": 22913959, "reward": 10001, "index": 1, "initialScore": 1626.260040413437, "initialConfidence": 35.0, "updatedScore": 1622.3174134611495, "updatedConfidence": 35.0, "teamId": 99999}]}