{"id": 27571179, "competitionId": 30067, "createTime": {"seconds": 1633269445}, "endTime": {"seconds": 1633269445}, "agents": [{"id": 70238958, "state": 2, "submissionId": 23032370, "reward": 560054, "index": 0, "initialScore": 1685.3772631142424, "initialConfidence": 35.0, "updatedScore": 1689.8641826328817, "updatedConfidence": 35.0, "teamId": 99999}, {"id": 70238959, "state": 2, "submissionId": 22902113, "reward": 240032, "index": 1, "initialScore": 1685.0982365997568, "initialConfidence": 35.0, "updatedScore": 1680.6113170811177, "updatedConfidence": 35.0, "teamId": 99999}]}