{"id": 27589658, "competitionId": 30067, "createTime": {"seconds": 1633300433}, "endTime": {"seconds": 1633300433}, "agents": [{"id": 70275916, "state": 2, "submissionId": 23032370, "reward": 140016, "index": 0, "initialScore": 1701.202787427009, "initialConfidence": 35.0, "updatedScore": 1705.0876573645724, "updatedConfidence": 35.0, "teamId": 99999}, {"id": 70275917, "state": 2, "submissionId": 22902113, "reward": 50007, "index": 1, "initialScore": 1663.1469347874413, "initialConfidence": 35.0, "updatedScore": 1659.262064849878, "updatedConfidence": 35.0, "teamId": 99999}]}