{"id": 27632921, "competitionId": 30067, "createTime": {"seconds": 1633371827}, "endTime": {"seconds": 1633371827}, "agents": [{"id": 70362442, "state": 2, "submissionId": 23032370, "reward": 210022, "index": 0, "initialScore": 1726.8807949766492, "initialConfidence": 35.0, "updatedScore": 1729.7408182593754, "updatedConfidence": 35.0, "teamId": 99999}, {"id": 70362443, "state": 2, "submissionId": 22913959, "reward": 1, "index": 1, "initialScore": 1617.49339758042, "initialConfidence": 35.0, "updatedScore": 1614.6333742976938, "updatedConfidence": 35.0, "teamId": 99999}]}