{"id": 27749629, "competitionId": 30067, "createTime": {"seconds": 1633558438}, "endTime": {"seconds": 1633558438}, "agents": [{"id": 70595858, "state": 2, "submissionId": 23032370, "reward": 190018, "index": 0, "initialScore": 1754.2235982801765, "initialConfidence": 35.0, "updatedScore": 1757.6030418084429, "updatedConfidence": 35.0, "teamId": 99999}, {"id": 70595859, "state": 2, "submissionId": 23034455, "reward": 0, "index": 1, "initialScore": 1682.3219083909332, "initialConfidence": 35.0, "updatedScore": 1678.9424648626668, "updatedConfidence": 35.0, "teamId": 99999}]}