{"id": 27808003, "competitionId": 30067, "createTime": {"seconds": 1633648267}, "endTime": {"seconds": 1633648267}, "agents": [{"id": 70712606, "state": 2, "submissionId": 23032370, "reward": 530044, "index": 0, "initialScore": 1763.809971001028, "initialConfidence": 35.0, "updatedScore": 1767.1438146484356, "updatedConfidence": 35.0, "teamId": 99999}, {"id": 70712607, "state": 2, "submissionId": 22902113, "reward": 290029, "index": 1, "initialScore": 1688.7386656960382, "initialConfidence": 35.0, "updatedScore": 1685.4048220486306, "updatedConfidence": 35.0, "teamId": 99999}]}