{"id": 27881695, "competitionId": 30067, "createTime": {"seconds": 1633758360}, "endTime": {"seconds": 1633758360}, "agents": [{"id": 70859990, "state": 2, "submissionId": 23032370, "reward": 160012, "index": 0, "initialScore": 1779.2738806894006, "initialConfidence": 35.0, "updatedScore": 1781.6572379718982, "updatedConfidence": 35.0, "teamId": 99999}, {"id": 70859991, "state": 2, "submissionId": 22930827, "reward": 10007, "index": 1, "initialScore": 1632.202816221465, "initialConfidence": 35.0, "updatedScore": 1629.8194589389673, "updatedConfidence": 35.0, "teamId": 99999}]}