{"id": 27928668, "competitionId": 30067, "createTime": {"seconds": 1633827033}, "endTime": {"seconds": 1633827033}, "agents": [{"id": 70953936, "state": 2, "submissionId": 23032370, "reward": 50005, "index": 0, "initialScore": 1789.366768377293, "initialConfidence": 35.0, "updatedScore": 1791.1946390620062, "updatedConfidence": 35.0, "teamId": 99999}, {"id": 70953937, "state": 2, "submissionId": 22908160, "reward": 20002, "index": 1, "initialScore": 1592.5650002201917, "initialConfidence": 35.0, "updatedScore": 1590.7371295354783, "updatedConfidence": 35.0, "teamId": 99999}]}