{"id": 28080417, "competitionId": 30067, "createTime": {"seconds": 1634047894}, "endTime": {"seconds": 1634047894}, "agents": [{"id": 71257434, "state": 2, "submissionId": 23032370, "reward": 430046, "index": 0, "initialScore": 1829.4113414542592, "initialConfidence": 35.0, "updatedScore": 1832.052650138832, "updatedConfidence": 35.0, "teamId": 99999}, {"id": 71257435, "state": 2, "submissionId": 23034455, "reward": 260041, "index": 1, "initialScore": 1703.190722929956, "initialConfidence": 35.0, "updatedScore": 1700.549414245383, "updatedConfidence": 35.0, "teamId": 99999}]}