{"id": 28094706, "competitionId": 30067, "createTime": {"seconds": 1634067574}, "endTime": {"seconds": 1634067574}, "agents": [{"id": 71286012, "state": 2, "submissionId": 23032370, "reward": 100010, "index": 0, "initialScore": 1834.674800711088, "initialConfidence": 35.0, "updatedScore": 1837.1782733564803, "updatedConfidence": 35.0, "teamId": 99999}, {"id": 71286013, "state": 2, "submissionId": 23034455, "reward": 0, "index": 1, "initialScore": 1697.458956757221, "initialConfidence": 35.0, "updatedScore": 1694.9554841118286, "updatedConfidence": 35.0, "teamId": 99999}]}