{"id": 28144328, "competitionId": 30067, "createTime": {"seconds": 1634135321}, "endTime": {"seconds": 1634135321}, "agents": [{"id": 71385256, "state": 2, "submissionId": 23032370, "reward": 10004, "index": 0, "initialScore": 1842.9119719979367, "initialConfidence": 35.0, "updatedScore": 1835.8226652796209, "updatedConfidence": 35.0, "teamId": 99999}, {"id": 71385257, "state": 2, "submissionId": 23034455, "reward": 10007, "index": 1, "initialScore": 1699.366167108151, "initialConfidence": 35.0, "updatedScore": 1706.4554738264671, "updatedConfidence": 35.0, "teamId": 99999}]}