{"id": 28166718, "competitionId": 30067, "createTime": {"seconds": 1634166113}, "endTime": {"seconds": 1634166113}, "agents": [{"id": 71430036, "state": 2, "submissionId": 23034455, "reward": 30003, "index": 0, "initialScore": 1694.707044729954, "initialConfidence": 35.0, "updatedScore": 1692.3144286770153, "updatedConfidence": 35.0, "teamId": 99999}, {"id": 71430037, "state": 2, "submissionId": 23032370, "reward": 150006, "index": 1, "initialScore": 1841.0087991699056, "initialConfidence": 35.0, "updatedScore": 1843.401415222844, "updatedConfidence": 35.0, "teamId": 99999}]}