{"id": 28283163, "competitionId": 30067, "createTime": {"seconds": 1634321673}, "endTime": {"seconds": 1634321673}, "agents": [{"id": 71662926, "state": 2, "submissionId": 23143395, "reward": 10003, "index": 0, "initialScore": 1652.7549418243768, "initialConfidence": 35.0, "updatedScore": 1651.1336801188409, "updatedConfidence": 35.0, "teamId": 99999}, {"id": 71662927, "state": 2, "submissionId": 23032370, "reward": 40005, "index": 1, "initialScore": 1870.3352920265224, "initialConfidence": 35.0, "updatedScore": 1871.9565537320584, "updatedConfidence": 35.0, "teamId": 99999}]}