{"id": 28311879, "competitionId": 30067, "createTime": {"seconds": 1634359623}, "endTime": {"seconds": 1634359623}, "agents": [{"id": 71720358, "state": 2, "submissionId": 23032370, "reward": 120010, "index": 0, "initialScore": 1877.138043265325, "initialConfidence": 35.0, "updatedScore": 1869.058160146397, "updatedConfidence": 35.0, "teamId": 99999}, {"id": 71720359, "state": 2, "submissionId": 23034455, "reward": 170017, "index": 1, "initialScore": 1684.0269029685746, "initialConfidence": 35.0, "updatedScore": 1692.1067860875023, "updatedConfidence": 35.0, "teamId": 99999}]}