{"id": 28333832, "competitionId": 30067, "createTime": {"seconds": 1634388211}, "endTime": {"seconds": 1634388211}, "agents": [{"id": 71764264, "state": 2, "submissionId": 23032370, "reward": 590050, "index": 0, "initialScore": 1872.7558800167117, "initialConfidence": 35.0, "updatedScore": 1874.2921665318167, "updatedConfidence": 35.0, "teamId": 99999}, {"id": 71764265, "state": 2, "submissionId": 23143395, "reward": 360036, "index": 1, "initialScore": 1646.1552343429237, "initialConfidence": 35.0, "updatedScore": 1644.618947827818, "updatedConfidence": 35.0, "teamId": 99999}]}