{"id": 28340974, "competitionId": 30067, "createTime": {"seconds": 1634397333}, "endTime": {"seconds": 1634397333}, "agents": [{"id": 71778548, "state": 2, "submissionId": 23129375, "reward": 20002, "index": 0, "initialScore": 1664.1509848801122, "initialConfidence": 35.0, "updatedScore": 1662.457493426601, "updatedConfidence": 35.0, "teamId": 99999}, {"id": 71778549, "state": 2, "submissionId": 23032370, "reward": 90009, "index": 1, "initialScore": 1874.2921665318167, "initialConfidence": 35.0, "updatedScore": 1875.985657985328, "updatedConfidence": 35.0, "teamId": 99999}]}