{"id": 28364308, "competitionId": 30067, "createTime": {"seconds": 1634427332}, "endTime": {"seconds": 1634427332}, "agents": [{"id": 71825216, "state": 2, "submissionId": 23010508, "reward": 160016, "index": 0, "initialScore": 1659.5161797586572, "initialConfidence": 35.0, "updatedScore": 1657.922145035849, "updatedConfidence": 35.0, "teamId": 99999}, {"id": 71825217, "state": 2, "submissionId": 23032370, "reward": 290025, "index": 1, "initialScore": 1879.953918005239, "initialConfidence": 35.0, "updatedScore": 1881.547952728047, "updatedConfidence": 35.0, "teamId": 99999}]}