{"id": 28395018, "competitionId": 30067, "createTime": {"seconds": 1634466453}, "endTime": {"seconds": 1634466453}, "agents": [{"id": 71886636, "state": 2, "submissionId": 23129375, "reward": 140014, "index": 0, "initialScore": 1686.0167254953851, "initialConfidence": 35.0, "updatedScore": 1684.2332164120685, "updatedConfidence": 35.0, "teamId": 99999}, {"id": 71886637, "state": 2, "submissionId": 23032370, "reward": 360039, "index": 1, "initialScore": 1887.154231362057, "initialConfidence": 35.0, "updatedScore": 1888.9377404453744, "updatedConfidence": 35.0, "teamId": 99999}]}