{"id": 28418101, "competitionId": 30067, "createTime": {"seconds": 1634495526}, "endTime": {"seconds": 1634495526}, "agents": [{"id": 71932802, "state": 2, "submissionId": 23032370, "reward": 170017, "index": 0, "initialScore": 1882.3574297332316, "initialConfidence": 35.0, "updatedScore": 1884.2415288244483, "updatedConfidence": 35.0, "teamId": 99999}, {"id": 71932803, "state": 2, "submissionId": 23034455, "reward": 80008, "index": 1, "initialScore": 1690.9612008384818, "initialConfidence": 35.0, "updatedScore": 1689.0771017472648, "updatedConfidence": 35.0, "teamId": 99999}]}