{"id": 28487184, "competitionId": 30067, "createTime": {"seconds": 1634581955}, "endTime": {"seconds": 1634581955}, "agents": [{"id": 72070968, "state": 2, "submissionId": 23034455, "reward": 10005, "index": 0, "initialScore": 1684.7051607576252, "initialConfidence": 35.0, "updatedScore": 1682.9605381175793, "updatedConfidence": 35.0, "teamId": 99999}, {"id": 72070969, "state": 2, "submissionId": 23032370, "reward": 70006, "index": 1, "initialScore": 1889.6973292294929, "initialConfidence": 35.0, "updatedScore": 1891.4419518695383, "updatedConfidence": 35.0, "teamId": 99999}]}