{"id": 28542119, "competitionId": 30067, "createTime": {"seconds": 1634650267}, "endTime": {"seconds": 1634650267}, "agents": [{"id": 72180838, "state": 2, "submissionId": 23129375, "reward": 320037, "index": 0, "initialScore": 1706.0140812045809, "initialConfidence": 35.0, "updatedScore": 1704.0741780953456, "updatedConfidence": 35.0, "teamId": 99999}, {"id": 72180839, "state": 2, "submissionId": 23032370, "reward": 560062, "index": 1, "initialScore": 1892.139996123657, "initialConfidence": 35.0, "updatedScore": 1894.0798992328923, "updatedConfidence": 35.0, "teamId": 99999}]}