{"id": 28550107, "competitionId": 30067, "createTime": {"seconds": 1634660361}, "endTime": {"seconds": 1634660361}, "agents": [{"id": 72196814, "state": 2, "submissionId": 23128925, "reward": 490049, "index": 0, "initialScore": 1703.848055933095, "initialConfidence": 35.0, "updatedScore": 1701.9517112822266, "updatedConfidence": 35.0, "teamId": 99999}, {"id": 72196815, "state": 2, "submissionId": 23032370, "reward": 570049, "index": 1, "initialScore": 1894.0798992328923, "initialConfidence": 35.0, "updatedScore": 1895.976243883761, "updatedConfidence": 35.0, "teamId": 99999}]}