{"id": 28638569, "competitionId": 30067, "createTime": {"seconds": 1634767231}, "endTime": {"seconds": 1634767231}, "agents": [{"id": 72373738, "state": 2, "submissionId": 23032370, "reward": 170017, "index": 0, "initialScore": 1904.4120330190108, "initialConfidence": 35.0, "updatedScore": 1906.071121878788, "updatedConfidence": 35.0, "teamId": 99999}, {"id": 72373739, "state": 2, "submissionId": 23128925, "reward": 10002, "index": 1, "initialScore": 1690.752559945434, "initialConfidence": 35.0, "updatedScore": 1689.0934710856566, "updatedConfidence": 35.0, "teamId": 99999}]}