{"id": 28719731, "competitionId": 30067, "createTime": {"seconds": 1634864123}, "endTime": {"seconds": 1634864123}, "agents": [{"id": 72536062, "state": 2, "submissionId": 23032370, "reward": 50006, "index": 0, "initialScore": 1909.3877826650223, "initialConfidence": 35.0, "updatedScore": 1911.0737635546009, "updatedConfidence": 35.0, "teamId": 99999}, {"id": 72536063, "state": 2, "submissionId": 23176680, "reward": 10003, "index": 1, "initialScore": 1698.4822871763122, "initialConfidence": 35.0, "updatedScore": 1696.796306286734, "updatedConfidence": 35.0, "teamId": 99999}]}