{"id": 28744366, "competitionId": 30067, "createTime": {"seconds": 1634892921}, "endTime": {"seconds": 1634892921}, "agents": [{"id": 72585332, "state": 2, "submissionId": 23032370, "reward": 170011, "index": 0, "initialScore": 1914.5168329486744, "initialConfidence": 35.0, "updatedScore": 1916.1259374948688, "updatedConfidence": 35.0, "teamId": 99999}, {"id": 72585333, "state": 2, "submissionId": 23176680, "reward": 1, "index": 1, "initialScore": 1695.6643418918354, "initialConfidence": 35.0, "updatedScore": 1694.0552373456412, "updatedConfidence": 35.0, "teamId": 99999}]}