{"id": 27377285, "competitionId": 30067, "createTime": {"seconds": 1632926540}, "endTime": {"seconds": 1632926540}, "agents": [{"id": 69851170, "state": 2, "submissionId": 22785230, "reward": 0, "index": 0, "initialScore": 1182.9957310249074, "initialConfidence": 35.0, "updatedScore": 1179.1748689556143, "updatedConfidence": 35.0, "teamId": 99999}, {"id": 69851171, "state": 2, "submissionId": 23032370, "reward": 130013, "index": 1, "initialScore": 1216.3801320453476, "initialConfidence": 72.11503676970327, "updatedScore": 1232.6011061164866, "updatedConfidence": 69.87816296484722, "teamId": 99999}]}