{"id": 27375218, "competitionId": 30067, "createTime": {"seconds": 1632922700}, "endTime": {"seconds": 1632922700}, "agents": [{"id": 69847036, "state": 2, "submissionId": 22730603, "reward": 0, "index": 0, "initialScore": 664.2175624649606, "initialConfidence": 35.0, "updatedScore": 661.127397468827, "updatedConfidence": 35.0, "teamId": 99999}, {"id": 69847037, "state": 2, "submissionId": 23032370, "reward": 130011, "index": 1, "initialScore": 702.1407272359372, "initialConfidence": 185.0, "updatedScore": 788.4761533524049, "updatedConfidence": 170.0, "teamId": 99999}]}