{"id": 27380524, "competitionId": 30067, "createTime": {"seconds": 1632932541}, "endTime": {"seconds": 1632932541}, "agents": [{"id": 69857648, "state": 2, "submissionId": 23032370, "reward": 110011, "index": 0, "initialScore": 1453.0775005443, "initialConfidence": 45.310451518872746, "updatedScore": 1458.5890269149268, "updatedConfidence": 44.77475169557163, "teamId": 99999}, {"id": 69857649, "state": 2, "submissionId": 23016333, "reward": 40003, "index": 1, "initialScore": 1376.420223723519, "initialConfidence": 37.05071633489651, "updatedScore": 1372.7349620732712, "updatedConfidence": 36.75839678927245, "teamId": 99999}]}