{"id": 27380387, "competitionId": 30067, "createTime": {"seconds": 1632932301}, "endTime": {"seconds": 1632932301}, "agents": [{"id": 69857374, "state": 2, "submissionId": 23032370, "reward": 160011, "index": 0, "initialScore": 1458.5890269149268, "initialConfidence": 44.77475169557163, "updatedScore": 1464.5218939468582, "updatedConfidence": 44.231123102211214, "teamId": 99999}, {"id": 69857375, "state": 2, "submissionId": 22599381, "reward": 40004, "index": 1, "initialScore": 1404.9730434825017, "initialConfidence": 35.0, "updatedScore": 1401.3478237811407, "updatedConfidence": 35.0, "teamId": 99999}]}