{"id": 27391671, "competitionId": 30067, "createTime": {"seconds": 1632953567}, "endTime": {"seconds": 1632953567}, "agents": [{"id": 69879942, "state": 2, "submissionId": 23032370, "reward": 250033, "index": 0, "initialScore": 1495.8729292974554, "initialConfidence": 41.41547272958724, "updatedScore": 1500.7884820492045, "updatedConfidence": 40.99025479158535, "teamId": 99999}, {"id": 69879943, "state": 2, "submissionId": 22994810, "reward": 0, "index": 1, "initialScore": 1433.8854843010768, "initialConfidence": 35.0, "updatedScore": 1430.374869301849, "updatedConfidence": 35.0, "teamId": 99999}]}