{"id": 27417826, "competitionId": 30067, "createTime": {"seconds": 1633001665}, "endTime": {"seconds": 1633001665}, "agents": [{"id": 69932252, "state": 2, "submissionId": 22902119, "reward": 240018, "index": 0, "initialScore": 1601.9808412407228, "initialConfidence": 35.0, "updatedScore": 1596.4624386107016, "updatedConfidence": 35.0, "teamId": 99999}, {"id": 69932253, "state": 2, "submissionId": 23032370, "reward": 490041, "index": 1, "initialScore": 1541.342981678723, "initialConfidence": 38.05878538993072, "updatedScore": 1547.8680812526388, "updatedConfidence": 37.655788470123206, "teamId": 99999}]}