{"id": 27452060, "competitionId": 30067, "createTime": {"seconds": 1633063353}, "endTime": {"seconds": 1633063353}, "agents": [{"id": 70000720, "state": 2, "submissionId": 22934122, "reward": 290029, "index": 0, "initialScore": 1598.0988180914092, "initialConfidence": 35.0, "updatedScore": 1602.598602447888, "updatedConfidence": 35.0, "teamId": 99999}, {"id": 70000721, "state": 2, "submissionId": 23032370, "reward": 120012, "index": 1, "initialScore": 1598.6018994364747, "initialConfidence": 35.0, "updatedScore": 1594.102115079996, "updatedConfidence": 35.0, "teamId": 99999}]}