{"id": 27489857, "competitionId": 30067, "createTime": {"seconds": 1633130220}, "endTime": {"seconds": 1633130220}, "agents": [{"id": 70076314, "state": 2, "submissionId": 22917589, "reward": 0, "index": 0, "initialScore": 1616.9866977644022, "initialConfidence": 35.0, "updatedScore": 1612.4250806541845, "updatedConfidence": 35.0, "teamId": 99999}, {"id": 70076315, "state": 2, "submissionId": 23032370, "reward": 80018, "index": 1, "initialScore": 1612.737786123307, "initialConfidence": 35.0, "updatedScore": 1617.2994032335248, "updatedConfidence": 35.0, "teamId": 99999}]}