{"id": 27489861, "competitionId": 30067, "createTime": {"seconds": 1633130220}, "endTime": {"seconds": 1633130220}, "agents": [{"id": 70076322, "state": 2, "submissionId": 23032370, "reward": 550047, "index": 0, "initialScore": 1617.2994032335248, "initialConfidence": 35.0, "updatedScore": 1621.8275677097458, "updatedConfidence": 35.0, "teamId": 99999}, {"id": 70076323, "state": 2, "submissionId": 22934122, "reward": 350035, "index": 1, "initialScore": 1619.524459555776, "initialConfidence": 35.0, "updatedScore": 1614.996295079555, "updatedConfidence": 35.0, "teamId": 99999}]}