{"id": 27519881, "competitionId": 30067, "createTime": {"seconds": 1633182295}, "endTime": {"seconds": 1633182295}, "agents": [{"id": 70136362, "state": 2, "submissionId": 23032370, "reward": 160016, "index": 0, "initialScore": 1625.3195802217483, "initialConfidence": 35.0, "updatedScore": 1629.399562043454, "updatedConfidence": 35.0, "teamId": 99999}, {"id": 70136363, "state": 2, "submissionId": 23003907, "reward": 30002, "index": 1, "initialScore": 1599.775042439281, "initialConfidence": 35.0, "updatedScore": 1595.695060617575, "updatedConfidence": 35.0, "teamId": 99999}]}