{"id": 27512397, "competitionId": 30067, "createTime": {"seconds": 1633169337}, "endTime": {"seconds": 1633169337}, "agents": [{"id": 70121394, "state": 2, "submissionId": 23032370, "reward": 640047, "index": 0, "initialScore": 1626.1337337574907, "initialConfidence": 35.0, "updatedScore": 1621.1596160492873, "updatedConfidence": 35.0, "teamId": 99999}, {"id": 70121395, "state": 2, "submissionId": 23049510, "reward": 650065, "index": 1, "initialScore": 1596.555883116413, "initialConfidence": 38.50146889673157, "updatedScore": 1602.57502481563, "updatedConfidence": 38.10119530779564, "teamId": 99999}]}