{"id": 27553457, "competitionId": 30067, "createTime": {"seconds": 1633239450}, "endTime": {"seconds": 1633239450}, "agents": [{"id": 70203514, "state": 2, "submissionId": 23008895, "reward": 390039, "index": 0, "initialScore": 1611.6196028977954, "initialConfidence": 35.0, "updatedScore": 1608.1110823929848, "updatedConfidence": 35.0, "teamId": 99999}, {"id": 70203515, "state": 2, "submissionId": 23032370, "reward": 550052, "index": 1, "initialScore": 1674.6604857186169, "initialConfidence": 35.0, "updatedScore": 1678.1690062234272, "updatedConfidence": 35.0, "teamId": 99999}]}