{"id": 27564985, "competitionId": 30067, "createTime": {"seconds": 1633259124}, "endTime": {"seconds": 1633259124}, "agents": [{"id": 70226570, "state": 2, "submissionId": 23032370, "reward": 360035, "index": 0, "initialScore": 1681.9025813949854, "initialConfidence": 35.0, "updatedScore": 1685.3772631142424, "updatedConfidence": 35.0, "teamId": 99999}, {"id": 70226571, "state": 2, "submissionId": 22913959, "reward": 110011, "index": 1, "initialScore": 1616.554238564633, "initialConfidence": 35.0, "updatedScore": 1613.079556845376, "updatedConfidence": 35.0, "teamId": 99999}]}