{"id": 27614112, "competitionId": 30067, "createTime": {"seconds": 1633340754}, "endTime": {"seconds": 1633340754}, "agents": [{"id": 70324824, "state": 2, "submissionId": 22902113, "reward": 370039, "index": 0, "initialScore": 1668.1688361044064, "initialConfidence": 35.0, "updatedScore": 1664.4364792139263, "updatedConfidence": 35.0, "teamId": 99999}, {"id": 70324825, "state": 2, "submissionId": 23032370, "reward": 560051, "index": 1, "initialScore": 1716.206420680927, "initialConfidence": 35.0, "updatedScore": 1719.938777571407, "updatedConfidence": 35.0, "teamId": 99999}]}