{"id": 27664266, "competitionId": 30067, "createTime": {"seconds": 1633423004}, "endTime": {"seconds": 1633423004}, "agents": [{"id": 70425132, "state": 2, "submissionId": 22902113, "reward": 120014, "index": 0, "initialScore": 1664.7701002463962, "initialConfidence": 35.0, "updatedScore": 1670.5269100039698, "updatedConfidence": 35.0, "teamId": 99999}, {"id": 70425133, "state": 2, "submissionId": 23032370, "reward": 20005, "index": 1, "initialScore": 1737.765599922371, "initialConfidence": 35.0, "updatedScore": 1732.0087901647971, "updatedConfidence": 35.0, "teamId": 99999}]}