{"id": 27722957, "competitionId": 30067, "createTime": {"seconds": 1633516633}, "endTime": {"seconds": 1633516633}, "agents": [{"id": 70542514, "state": 2, "submissionId": 23003907, "reward": 370035, "index": 0, "initialScore": 1607.5840488875815, "initialConfidence": 35.0, "updatedScore": 1605.062429806192, "updatedConfidence": 35.0, "teamId": 99999}, {"id": 70542515, "state": 2, "submissionId": 23032370, "reward": 400040, "index": 1, "initialScore": 1743.333830171073, "initialConfidence": 35.0, "updatedScore": 1745.855449252463, "updatedConfidence": 35.0, "teamId": 99999}]}