{"id": 27755804, "competitionId": 30067, "createTime": {"seconds": 1633568037}, "endTime": {"seconds": 1633568037}, "agents": [{"id": 70608208, "state": 2, "submissionId": 23032370, "reward": 20003, "index": 0, "initialScore": 1757.6030418084429, "initialConfidence": 35.0, "updatedScore": 1751.4587597973473, "updatedConfidence": 35.0, "teamId": 99999}, {"id": 70608209, "state": 2, "submissionId": 22902113, "reward": 140015, "index": 1, "initialScore": 1663.5418281861205, "initialConfidence": 35.0, "updatedScore": 1669.686110197216, "updatedConfidence": 35.0, "teamId": 99999}]}