{"id": 27775218, "competitionId": 30067, "createTime": {"seconds": 1633598144}, "endTime": {"seconds": 1633598144}, "agents": [{"id": 70647036, "state": 2, "submissionId": 23032370, "reward": 60013, "index": 0, "initialScore": 1756.5075856860158, "initialConfidence": 35.0, "updatedScore": 1759.9798079525517, "updatedConfidence": 35.0, "teamId": 99999}, {"id": 70647037, "state": 2, "submissionId": 22902113, "reward": 0, "index": 1, "initialScore": 1690.9911115982306, "initialConfidence": 35.0, "updatedScore": 1687.5188893316947, "updatedConfidence": 35.0, "teamId": 99999}]}