{"id": 27801394, "competitionId": 30067, "createTime": {"seconds": 1633638154}, "endTime": {"seconds": 1633638154}, "agents": [{"id": 70699388, "state": 2, "submissionId": 23034455, "reward": 180018, "index": 0, "initialScore": 1676.4733743944523, "initialConfidence": 35.0, "updatedScore": 1682.6066536245978, "updatedConfidence": 35.0, "teamId": 99999}, {"id": 70699389, "state": 2, "submissionId": 23032370, "reward": 150015, "index": 1, "initialScore": 1769.9432502311736, "initialConfidence": 35.0, "updatedScore": 1763.809971001028, "updatedConfidence": 35.0, "teamId": 99999}]}