{"id": 27847666, "competitionId": 30067, "createTime": {"seconds": 1633707892}, "endTime": {"seconds": 1633707892}, "agents": [{"id": 70791932, "state": 2, "submissionId": 23032370, "reward": 170013, "index": 0, "initialScore": 1764.6860415726424, "initialConfidence": 35.0, "updatedScore": 1767.525153897264, "updatedConfidence": 35.0, "teamId": 99999}, {"id": 70791933, "state": 2, "submissionId": 22902113, "reward": 20000, "index": 1, "initialScore": 1653.719328178627, "initialConfidence": 35.0, "updatedScore": 1650.8802158540054, "updatedConfidence": 35.0, "teamId": 99999}]}