{"id": 27948191, "competitionId": 30067, "createTime": {"seconds": 1633855380}, "endTime": {"seconds": 1633855380}, "agents": [{"id": 70992982, "state": 2, "submissionId": 23032370, "reward": 430043, "index": 0, "initialScore": 1794.3669933946644, "initialConfidence": 35.0, "updatedScore": 1797.4512152012526, "updatedConfidence": 35.0, "teamId": 99999}, {"id": 70992983, "state": 2, "submissionId": 23034455, "reward": 330041, "index": 1, "initialScore": 1701.5500364346906, "initialConfidence": 35.0, "updatedScore": 1698.4658146281024, "updatedConfidence": 35.0, "teamId": 99999}]}