{"id": 27954869, "competitionId": 30067, "createTime": {"seconds": 1633864980}, "endTime": {"seconds": 1633864980}, "agents": [{"id": 71006338, "state": 2, "submissionId": 23032370, "reward": 230023, "index": 0, "initialScore": 1797.4512152012526, "initialConfidence": 35.0, "updatedScore": 1800.500351776764, "updatedConfidence": 35.0, "teamId": 99999}, {"id": 71006339, "state": 2, "submissionId": 23034455, "reward": 130013, "index": 1, "initialScore": 1702.0829363979922, "initialConfidence": 35.0, "updatedScore": 1699.033799822481, "updatedConfidence": 35.0, "teamId": 99999}]}