{"id": 26689575, "competitionId": 30067, "createTime": {"seconds": 1631203530}, "endTime": {"seconds": 1631203530}, "agents": [{"id": 68475829, "state": 2, "submissionId": 22777661, "reward": 230023, "index": 0, "initialScore": 874.2484028538247, "initialConfidence": 155.0, "updatedScore": 914.0672416713976, "updatedConfidence": 141.85524043466089, "teamId": 99999}, {"id": 68475830, "state": 2, "submissionId": 22674518, "reward": 0, "index": 1, "initialScore": 704.0196072912944, "initialConfidence": 35.0, "updatedScore": 701.9893022943526, "updatedConfidence": 35.0, "teamId": 99999}]}