{"id": 26689505, "competitionId": 30067, "createTime": {"seconds": 1631203291}, "endTime": {"seconds": 1631203291}, "agents": [{"id": 68475689, "state": 2, "submissionId": 22486256, "reward": 0, "index": 0, "initialScore": 777.0868015071577, "initialConfidence": 35.0, "updatedScore": 773.6928479509564, "updatedConfidence": 35.0, "teamId": 99999}, {"id": 68475690, "state": 2, "submissionId": 22777661, "reward": 140013, "index": 1, "initialScore": 794.1788046707904, "initialConfidence": 170.0, "updatedScore": 874.2484028538247, "updatedConfidence": 155.0, "teamId": 99999}]}