{"id": 26689787, "competitionId": 30067, "createTime": {"seconds": 1631204250}, "endTime": {"seconds": 1631204250}, "agents": [{"id": 68476253, "state": 2, "submissionId": 22496397, "reward": 0, "index": 0, "initialScore": 914.6352702041756, "initialConfidence": 35.0, "updatedScore": 911.63949657864, "updatedConfidence": 35.0, "teamId": 99999}, {"id": 68476254, "state": 2, "submissionId": 22777661, "reward": 50003, "index": 1, "initialScore": 994.9594215145472, "initialConfidence": 121.13860987264036, "updatedScore": 1030.8464976028154, "updatedConfidence": 112.6648413041773, "teamId": 99999}]}