{"id": 26689365, "competitionId": 30067, "createTime": {"seconds": 1631202810}, "endTime": {"seconds": 1631202810}, "agents": [{"id": 68475409, "state": 2, "submissionId": 22732718, "reward": 0, "index": 0, "initialScore": 513.3125514970723, "initialConfidence": 35.0, "updatedScore": 510.7236305727235, "updatedConfidence": 35.0, "teamId": 99999}, {"id": 68475410, "state": 2, "submissionId": 22777661, "reward": 400031, "index": 1, "initialScore": 600.0, "initialConfidence": 200.0, "updatedScore": 684.5361934481232, "updatedConfidence": 185.0, "teamId": 99999}]}