{"id": 26689435, "competitionId": 30067, "createTime": {"seconds": 1631203050}, "endTime": {"seconds": 1631203050}, "agents": [{"id": 68475549, "state": 2, "submissionId": 22672180, "reward": 10001, "index": 0, "initialScore": 732.1741686237159, "initialConfidence": 35.0, "updatedScore": 728.2497800554831, "updatedConfidence": 35.0, "teamId": 99999}, {"id": 68475550, "state": 2, "submissionId": 22777661, "reward": 50003, "index": 1, "initialScore": 684.5361934481232, "initialConfidence": 185.0, "updatedScore": 794.1788046707904, "updatedConfidence": 170.0, "teamId": 99999}]}