{"id": 26689999, "competitionId": 30067, "createTime": {"seconds": 1631204970}, "endTime": {"seconds": 1631204970}, "agents": [{"id": 68476677, "state": 2, "submissionId": 22676524, "reward": 0, "index": 0, "initialScore": 952.7091602763968, "initialConfidence": 35.0, "updatedScore": 949.6532984991854, "updatedConfidence": 35.0, "teamId": 99999}, {"id": 68476678, "state": 2, "submissionId": 22777661, "reward": 610052, "index": 1, "initialScore": 1030.8464976028154, "initialConfidence": 112.6648413041773, "updatedScore": 1062.511128956185, "updatedConfidence": 105.6346534711901, "teamId": 99999}]}