{"id": 26689859, "competitionId": 30067, "createTime": {"seconds": 1631204492}, "endTime": {"seconds": 1631204492}, "agents": [{"id": 68476397, "state": 2, "submissionId": 22777661, "reward": 120011, "index": 0, "initialScore": 1062.511128956185, "initialConfidence": 105.6346534711901, "updatedScore": 1084.8314001579024, "updatedConfidence": 100.39135429001507, "teamId": 99999}, {"id": 68476398, "state": 2, "submissionId": 22469833, "reward": 0, "index": 1, "initialScore": 928.2914606285012, "initialConfidence": 35.0, "updatedScore": 925.8411410398176, "updatedConfidence": 35.0, "teamId": 99999}]}