{"id": 26690350, "competitionId": 30067, "createTime": {"seconds": 1631206170}, "endTime": {"seconds": 1631206170}, "agents": [{"id": 68477379, "state": 2, "submissionId": 22777661, "reward": 220019, "index": 0, "initialScore": 1174.200182611798, "initialConfidence": 83.70308760719676, "updatedScore": 1193.0406222595225, "updatedConfidence": 80.5142437664372, "teamId": 99999}, {"id": 68477380, "state": 2, "submissionId": 22656395, "reward": 0, "index": 1, "initialScore": 1106.025586973314, "initialConfidence": 35.0, "updatedScore": 1102.7314309513315, "updatedConfidence": 35.0, "teamId": 99999}]}