{"id": 26690069, "competitionId": 30067, "createTime": {"seconds": 1631205210}, "endTime": {"seconds": 1631205210}, "agents": [{"id": 68476817, "state": 2, "submissionId": 22777661, "reward": 100010, "index": 0, "initialScore": 1106.265156679331, "initialConfidence": 95.68341522301628, "updatedScore": 1120.24567763392, "updatedConfidence": 92.27148783421931, "teamId": 99999}, {"id": 68476818, "state": 2, "submissionId": 22498747, "reward": 20002, "index": 1, "initialScore": 913.281018089683, "initialConfidence": 35.0, "updatedScore": 911.4103957905444, "updatedConfidence": 35.0, "teamId": 99999}]}