{"id": 26691266, "competitionId": 30067, "createTime": {"seconds": 1631209291}, "endTime": {"seconds": 1631209291}, "agents": [{"id": 68479211, "state": 2, "submissionId": 22777596, "reward": 10001, "index": 0, "initialScore": 1220.107467189155, "initialConfidence": 46.28190644708853, "updatedScore": 1216.2395522761851, "updatedConfidence": 45.83247607510455, "teamId": 99999}, {"id": 68479212, "state": 2, "submissionId": 22777661, "reward": 210019, "index": 1, "initialScore": 1380.7123596938436, "initialConfidence": 56.20859656273221, "updatedScore": 1386.417415738832, "updatedConfidence": 55.401636849116095, "teamId": 99999}]}