{"id": 26690280, "competitionId": 30067, "createTime": {"seconds": 1631205930}, "endTime": {"seconds": 1631205930}, "agents": [{"id": 68477239, "state": 2, "submissionId": 22730929, "reward": 50000, "index": 0, "initialScore": 1106.7194776675733, "initialConfidence": 35.0, "updatedScore": 1103.957088158734, "updatedConfidence": 35.0, "teamId": 99999}, {"id": 68477240, "state": 2, "submissionId": 22777661, "reward": 240022, "index": 1, "initialScore": 1218.5396669012143, "initialConfidence": 77.12271373143338, "updatedScore": 1231.952281102794, "updatedConfidence": 74.81451314014258, "teamId": 99999}]}