{"id": 26691904, "competitionId": 30067, "createTime": {"seconds": 1631211580}, "endTime": {"seconds": 1631211580}, "agents": [{"id": 68480487, "state": 2, "submissionId": 22638783, "reward": 70021, "index": 0, "initialScore": 1406.484714120404, "initialConfidence": 35.0, "updatedScore": 1402.6053871901197, "updatedConfidence": 35.0, "teamId": 99999}, {"id": 68480488, "state": 2, "submissionId": 22777661, "reward": 330033, "index": 1, "initialScore": 1442.2441955115232, "initialConfidence": 48.99691817618508, "updatedScore": 1449.846719892788, "updatedConfidence": 48.26525921300814, "teamId": 99999}]}