{"id": 26690421, "competitionId": 30067, "createTime": {"seconds": 1631206410}, "endTime": {"seconds": 1631206410}, "agents": [{"id": 68477521, "state": 2, "submissionId": 22744879, "reward": 0, "index": 0, "initialScore": 1229.684697885952, "initialConfidence": 35.0, "updatedScore": 1224.8661679477475, "updatedConfidence": 35.0, "teamId": 99999}, {"id": 68477522, "state": 2, "submissionId": 22777661, "reward": 280017, "index": 1, "initialScore": 1193.0406222595225, "initialConfidence": 80.5142437664372, "updatedScore": 1218.5396669012143, "updatedConfidence": 77.12271373143338, "teamId": 99999}]}