{"id": 26691125, "competitionId": 30067, "createTime": {"seconds": 1631208810}, "endTime": {"seconds": 1631208810}, "agents": [{"id": 68478929, "state": 2, "submissionId": 22777661, "reward": 290027, "index": 0, "initialScore": 1359.951167219133, "initialConfidence": 58.5344880853308, "updatedScore": 1373.196924259226, "updatedConfidence": 57.1904807355518, "teamId": 99999}, {"id": 68478930, "state": 2, "submissionId": 22664939, "reward": 70008, "index": 1, "initialScore": 1381.546919272698, "initialConfidence": 35.0, "updatedScore": 1376.8111642962842, "updatedConfidence": 35.0, "teamId": 99999}]}