{"id": 26692184, "competitionId": 30067, "createTime": {"seconds": 1631212543}, "endTime": {"seconds": 1631212543}, "agents": [{"id": 68481047, "state": 2, "submissionId": 22624481, "reward": 190019, "index": 0, "initialScore": 1444.296476903749, "initialConfidence": 35.0, "updatedScore": 1449.171105623414, "updatedConfidence": 35.0, "teamId": 99999}, {"id": 68481048, "state": 2, "submissionId": 22777661, "reward": 0, "index": 1, "initialScore": 1470.1934001576053, "initialConfidence": 46.3123304382622, "updatedScore": 1461.6584945042491, "updatedConfidence": 45.6274149998343, "teamId": 99999}]}