{"id": 26691763, "competitionId": 30067, "createTime": {"seconds": 1631211104}, "endTime": {"seconds": 1631211104}, "agents": [{"id": 68480205, "state": 2, "submissionId": 22777661, "reward": 110012, "index": 0, "initialScore": 1429.2215683813456, "initialConfidence": 50.41322526224946, "updatedScore": 1435.7526257780537, "updatedConfidence": 49.69417244331909, "teamId": 99999}, {"id": 68480206, "state": 2, "submissionId": 22639300, "reward": 0, "index": 1, "initialScore": 1342.931852520524, "initialConfidence": 35.0, "updatedScore": 1339.783882242695, "updatedConfidence": 35.0, "teamId": 99999}]}