{"id": 26690209, "competitionId": 30067, "createTime": {"seconds": 1631205691}, "endTime": {"seconds": 1631205691}, "agents": [{"id": 68477097, "state": 2, "submissionId": 22774426, "reward": 0, "index": 0, "initialScore": 1153.635786373989, "initialConfidence": 41.92173250276826, "updatedScore": 1146.9730747165268, "updatedConfidence": 41.47478718916147, "teamId": 99999}, {"id": 68477098, "state": 2, "submissionId": 22777661, "reward": 180010, "index": 1, "initialScore": 1120.24567763392, "initialConfidence": 92.27148783421931, "updatedScore": 1152.523752210827, "updatedConfidence": 87.40259653783463, "teamId": 99999}]}