{"id": 26690703, "competitionId": 30067, "createTime": {"seconds": 1631207370}, "endTime": {"seconds": 1631207370}, "agents": [{"id": 68478085, "state": 2, "submissionId": 22618769, "reward": 20002, "index": 0, "initialScore": 1270.2854070177084, "initialConfidence": 35.0, "updatedScore": 1266.7344081623355, "updatedConfidence": 35.0, "teamId": 99999}, {"id": 68478086, "state": 2, "submissionId": 22777661, "reward": 120013, "index": 1, "initialScore": 1325.2453390604462, "initialConfidence": 62.67003119390316, "updatedScore": 1336.6303713153022, "updatedConfidence": 61.2294215412166, "teamId": 99999}]}