{"id": 26692114, "competitionId": 30067, "createTime": {"seconds": 1631212300}, "endTime": {"seconds": 1631212300}, "agents": [{"id": 68480907, "state": 2, "submissionId": 22636791, "reward": 300031, "index": 0, "initialScore": 1466.7588384515925, "initialConfidence": 35.0, "updatedScore": 1462.236862128868, "updatedConfidence": 35.0, "teamId": 99999}, {"id": 68480908, "state": 2, "submissionId": 22777661, "reward": 400032, "index": 1, "initialScore": 1462.0371068798245, "initialConfidence": 47.00567776272383, "updatedScore": 1470.1934001576053, "updatedConfidence": 46.3123304382622, "teamId": 99999}]}