{"id": 26692395, "competitionId": 30067, "createTime": {"seconds": 1631213264}, "endTime": {"seconds": 1631213264}, "agents": [{"id": 68481469, "state": 2, "submissionId": 22777661, "reward": 110009, "index": 0, "initialScore": 1473.111361071856, "initialConfidence": 44.53242035854875, "updatedScore": 1478.3485920461665, "updatedConfidence": 44.0263671474242, "teamId": 99999}, {"id": 68481470, "state": 2, "submissionId": 22656354, "reward": 0, "index": 1, "initialScore": 1392.281593073917, "initialConfidence": 35.0, "updatedScore": 1389.0465116444443, "updatedConfidence": 35.0, "teamId": 99999}]}