{"id": 26691692, "competitionId": 30067, "createTime": {"seconds": 1631210864}, "endTime": {"seconds": 1631210864}, "agents": [{"id": 68480063, "state": 2, "submissionId": 22777661, "reward": 100010, "index": 0, "initialScore": 1420.8792593049309, "initialConfidence": 51.24922473796783, "updatedScore": 1429.2215683813456, "updatedConfidence": 50.41322526224946, "teamId": 99999}, {"id": 68480064, "state": 2, "submissionId": 22699038, "reward": 0, "index": 1, "initialScore": 1386.3989415602452, "initialConfidence": 35.0, "updatedScore": 1382.508062206527, "updatedConfidence": 35.0, "teamId": 99999}]}