{"id": 26691406, "competitionId": 30067, "createTime": {"seconds": 1631209903}, "endTime": {"seconds": 1631209903}, "agents": [{"id": 68479491, "state": 2, "submissionId": 22777661, "reward": 120014, "index": 0, "initialScore": 1394.1759295454483, "initialConfidence": 54.46150955981329, "updatedScore": 1400.9955571581856, "updatedConfidence": 53.61008407729732, "teamId": 99999}, {"id": 68479492, "state": 2, "submissionId": 22599707, "reward": 10003, "index": 1, "initialScore": 1283.39293029108, "initialConfidence": 35.0, "updatedScore": 1280.5763807184087, "updatedConfidence": 35.0, "teamId": 99999}]}