{"id": 26692254, "competitionId": 30067, "createTime": {"seconds": 1631212784}, "endTime": {"seconds": 1631212784}, "agents": [{"id": 68481187, "state": 2, "submissionId": 22777661, "reward": 250023, "index": 0, "initialScore": 1478.3485920461665, "initialConfidence": 44.0263671474242, "updatedScore": 1484.388708847049, "updatedConfidence": 43.49636522911022, "teamId": 99999}, {"id": 68481188, "state": 2, "submissionId": 22632069, "reward": 130013, "index": 1, "initialScore": 1437.4545309452749, "initialConfidence": 35.0, "updatedScore": 1433.6372359435445, "updatedConfidence": 35.0, "teamId": 99999}]}