{"id": 26691834, "competitionId": 30067, "createTime": {"seconds": 1631211341}, "endTime": {"seconds": 1631211341}, "agents": [{"id": 68480347, "state": 2, "submissionId": 22777661, "reward": 80008, "index": 0, "initialScore": 1435.7526257780537, "initialConfidence": 49.69417244331909, "updatedScore": 1442.2441955115232, "updatedConfidence": 48.99691817618508, "teamId": 99999}, {"id": 68480348, "state": 2, "submissionId": 22649738, "reward": 40004, "index": 1, "initialScore": 1354.6070478104564, "initialConfidence": 35.0, "updatedScore": 1351.3869067993044, "updatedConfidence": 35.0, "teamId": 99999}]}