{"id": 26690985, "competitionId": 30067, "createTime": {"seconds": 1631208330}, "endTime": {"seconds": 1631208330}, "agents": [{"id": 68478649, "state": 2, "submissionId": 22734045, "reward": 0, "index": 0, "initialScore": 1244.5909079506837, "initialConfidence": 35.0, "updatedScore": 1241.5433435240443, "updatedConfidence": 35.0, "teamId": 99999}, {"id": 68478650, "state": 2, "submissionId": 22777661, "reward": 220014, "index": 1, "initialScore": 1336.6303713153022, "initialConfidence": 61.2294215412166, "updatedScore": 1345.95726700751, "updatedConfidence": 59.98114545667974, "teamId": 99999}]}