{"id": 26691195, "competitionId": 30067, "createTime": {"seconds": 1631209050}, "endTime": {"seconds": 1631209050}, "agents": [{"id": 68479069, "state": 2, "submissionId": 22633486, "reward": 0, "index": 0, "initialScore": 1369.8878468722737, "initialConfidence": 35.0, "updatedScore": 1365.1230394674142, "updatedConfidence": 35.0, "teamId": 99999}, {"id": 68479070, "state": 2, "submissionId": 22777661, "reward": 100010, "index": 1, "initialScore": 1345.95726700751, "initialConfidence": 59.98114545667974, "updatedScore": 1359.951167219133, "updatedConfidence": 58.5344880853308, "teamId": 99999}]}