{"id": 26694432, "competitionId": 30067, "createTime": {"seconds": 1631220224}, "endTime": {"seconds": 1631220224}, "agents": [{"id": 68485543, "state": 2, "submissionId": 22744835, "reward": 280026, "index": 0, "initialScore": 1516.1188672200826, "initialConfidence": 35.0, "updatedScore": 1520.0511366643611, "updatedConfidence": 35.0, "teamId": 99999}, {"id": 68485544, "state": 2, "submissionId": 22777661, "reward": 10001, "index": 1, "initialScore": 1482.4746325066135, "initialConfidence": 42.52170722078486, "updatedScore": 1476.6706169791742, "updatedConfidence": 42.03679445921392, "teamId": 99999}]}