{"id": 26691550, "competitionId": 30067, "createTime": {"seconds": 1631210383}, "endTime": {"seconds": 1631210383}, "agents": [{"id": 68479779, "state": 2, "submissionId": 22777661, "reward": 50005, "index": 0, "initialScore": 1407.8353287229304, "initialConfidence": 52.78223336923273, "updatedScore": 1415.7071327015856, "updatedConfidence": 51.91991008692198, "teamId": 99999}, {"id": 68479780, "state": 2, "submissionId": 22683013, "reward": 0, "index": 1, "initialScore": 1344.4027332925348, "initialConfidence": 35.0, "updatedScore": 1340.9414684226465, "updatedConfidence": 35.0, "teamId": 99999}]}