{"id": 26690632, "competitionId": 30067, "createTime": {"seconds": 1631207131}, "endTime": {"seconds": 1631207131}, "agents": [{"id": 68477943, "state": 2, "submissionId": 22777661, "reward": 310031, "index": 0, "initialScore": 1245.0490715087458, "initialConfidence": 72.65717791396054, "updatedScore": 1265.7472286907655, "updatedConfidence": 70.15008680666953, "teamId": 99999}, {"id": 68477944, "state": 2, "submissionId": 22773660, "reward": 0, "index": 1, "initialScore": 1278.329249986332, "initialConfidence": 41.27133029783521, "updatedScore": 1271.6508632426226, "updatedConfidence": 40.81726599811538, "teamId": 99999}]}