{"id": 26691055, "competitionId": 30067, "createTime": {"seconds": 1631208570}, "endTime": {"seconds": 1631208570}, "agents": [{"id": 68478789, "state": 2, "submissionId": 22613177, "reward": 10002, "index": 0, "initialScore": 1262.6129542403537, "initialConfidence": 35.0, "updatedScore": 1259.7981853499098, "updatedConfidence": 35.0, "teamId": 99999}, {"id": 68478790, "state": 2, "submissionId": 22777661, "reward": 130012, "index": 1, "initialScore": 1373.196924259226, "initialConfidence": 57.1904807355518, "updatedScore": 1380.7123596938436, "updatedConfidence": 56.20859656273221, "teamId": 99999}]}