{"id": 26690774, "competitionId": 30067, "createTime": {"seconds": 1631207610}, "endTime": {"seconds": 1631207610}, "agents": [{"id": 68478227, "state": 2, "submissionId": 22777661, "reward": 180017, "index": 0, "initialScore": 1309.119205085428, "initialConfidence": 64.4507769326218, "updatedScore": 1325.2453390604462, "updatedConfidence": 62.67003119390316, "teamId": 99999}, {"id": 68478228, "state": 2, "submissionId": 22597685, "reward": 20002, "index": 1, "initialScore": 1334.2555386599831, "initialConfidence": 35.0, "updatedScore": 1329.499886975988, "updatedConfidence": 35.0, "teamId": 99999}]}