{"id": 26692324, "competitionId": 30067, "createTime": {"seconds": 1631213023}, "endTime": {"seconds": 1631213023}, "agents": [{"id": 68481327, "state": 2, "submissionId": 22662880, "reward": 0, "index": 0, "initialScore": 1374.6707532917535, "initialConfidence": 35.0, "updatedScore": 1371.5230620667646, "updatedConfidence": 35.0, "teamId": 99999}, {"id": 68481328, "state": 2, "submissionId": 22777661, "reward": 640049, "index": 1, "initialScore": 1461.6584945042491, "initialConfidence": 45.6274149998343, "updatedScore": 1467.0079276470935, "updatedConfidence": 45.09122748419953, "teamId": 99999}]}