{"id": 26691622, "competitionId": 30067, "createTime": {"seconds": 1631210623}, "endTime": {"seconds": 1631210623}, "agents": [{"id": 68479923, "state": 2, "submissionId": 22777661, "reward": 40004, "index": 0, "initialScore": 1415.7071327015856, "initialConfidence": 51.91991008692198, "updatedScore": 1420.8792593049309, "updatedConfidence": 51.24922473796783, "teamId": 99999}, {"id": 68479924, "state": 2, "submissionId": 22761440, "reward": 0, "index": 1, "initialScore": 1266.6487410213729, "initialConfidence": 35.19288226563109, "updatedScore": 1264.2723880069952, "updatedConfidence": 35.0, "teamId": 99999}]}