{"id": 26696866, "competitionId": 30067, "createTime": {"seconds": 1631228513}, "endTime": {"seconds": 1631228513}, "agents": [{"id": 68490411, "state": 2, "submissionId": 22777661, "reward": 140012, "index": 0, "initialScore": 1484.1064428178825, "initialConfidence": 41.51154507140047, "updatedScore": 1490.2599983046969, "updatedConfidence": 41.03994116465218, "teamId": 99999}, {"id": 68490412, "state": 2, "submissionId": 22773016, "reward": 10003, "index": 1, "initialScore": 1479.089418721156, "initialConfidence": 38.73697744991781, "updatedScore": 1473.730961275672, "updatedConfidence": 38.35404177010422, "teamId": 99999}]}