{"id": 26690139, "competitionId": 30067, "createTime": {"seconds": 1631205450}, "endTime": {"seconds": 1631205450}, "agents": [{"id": 68476957, "state": 2, "submissionId": 22634501, "reward": 0, "index": 0, "initialScore": 1099.3042914100345, "initialConfidence": 35.0, "updatedScore": 1095.828328090654, "updatedConfidence": 35.0, "teamId": 99999}, {"id": 68476958, "state": 2, "submissionId": 22777661, "reward": 110011, "index": 1, "initialScore": 1152.523752210827, "initialConfidence": 87.40259653783463, "updatedScore": 1174.200182611798, "updatedConfidence": 83.70308760719676, "teamId": 99999}]}