{"id": 26692535, "competitionId": 30067, "createTime": {"seconds": 1631213743}, "endTime": {"seconds": 1631213743}, "agents": [{"id": 68481749, "state": 2, "submissionId": 22774449, "reward": 2, "index": 0, "initialScore": 1386.120202677053, "initialConfidence": 41.1205341574042, "updatedScore": 1381.9933877075284, "updatedConfidence": 40.740278463465344, "teamId": 99999}, {"id": 68481750, "state": 2, "submissionId": 22777661, "reward": 30002, "index": 1, "initialScore": 1484.388708847049, "initialConfidence": 43.49636522911022, "updatedScore": 1489.0061719686064, "updatedConfidence": 43.04606771046232, "teamId": 99999}]}