{"id": 26709683, "competitionId": 30067, "createTime": {"seconds": 1631272008}, "endTime": {"seconds": 1631272008}, "agents": [{"id": 68516045, "state": 2, "submissionId": 22777661, "reward": 100013, "index": 0, "initialScore": 1517.4914266935075, "initialConfidence": 38.75521998089794, "updatedScore": 1521.526284323946, "updatedConfidence": 38.416734285080416, "teamId": 99999}, {"id": 68516046, "state": 2, "submissionId": 22649080, "reward": 0, "index": 1, "initialScore": 1439.8569219900912, "initialConfidence": 35.0, "updatedScore": 1436.566103784399, "updatedConfidence": 35.0, "teamId": 99999}]}