{"id": 26703155, "competitionId": 30067, "createTime": {"seconds": 1631250168}, "endTime": {"seconds": 1631250168}, "agents": [{"id": 68502989, "state": 2, "submissionId": 22632517, "reward": 70005, "index": 0, "initialScore": 1452.3974234544198, "initialConfidence": 35.0, "updatedScore": 1448.734178776912, "updatedConfidence": 35.0, "teamId": 99999}, {"id": 68502990, "state": 2, "submissionId": 22777661, "reward": 110008, "index": 1, "initialScore": 1504.286326546076, "initialConfidence": 39.85354741757941, "updatedScore": 1509.0360006057936, "updatedConfidence": 39.46620578772905, "teamId": 99999}]}