{"id": 26706806, "competitionId": 30067, "createTime": {"seconds": 1631262407}, "endTime": {"seconds": 1631262407}, "agents": [{"id": 68510291, "state": 2, "submissionId": 22777661, "reward": 200017, "index": 0, "initialScore": 1513.5568559937583, "initialConfidence": 39.09522748606916, "updatedScore": 1517.4914266935075, "updatedConfidence": 38.75521998089794, "teamId": 99999}, {"id": 68510292, "state": 2, "submissionId": 22636823, "reward": 10001, "index": 1, "initialScore": 1426.1743709790003, "initialConfidence": 35.0, "updatedScore": 1423.020920951652, "updatedConfidence": 35.0, "teamId": 99999}]}