{"id": 26719466, "competitionId": 30067, "createTime": {"seconds": 1631304789}, "endTime": {"seconds": 1631304789}, "agents": [{"id": 68535611, "state": 2, "submissionId": 22777661, "reward": 460039, "index": 0, "initialScore": 1532.68807056628, "initialConfidence": 37.48064994762412, "updatedScore": 1537.7876833155403, "updatedConfidence": 37.12798174924011, "teamId": 99999}, {"id": 68535612, "state": 2, "submissionId": 22744835, "reward": 260026, "index": 1, "initialScore": 1530.4806063823826, "initialConfidence": 35.0, "updatedScore": 1526.0336890070096, "updatedConfidence": 35.0, "teamId": 99999}]}