{"id": 26712393, "competitionId": 30067, "createTime": {"seconds": 1631281128}, "endTime": {"seconds": 1631281128}, "agents": [{"id": 68521465, "state": 2, "submissionId": 22777661, "reward": 210013, "index": 0, "initialScore": 1521.526284323946, "initialConfidence": 38.416734285080416, "updatedScore": 1524.7452630283506, "updatedConfidence": 38.120652216439474, "teamId": 99999}, {"id": 68521466, "state": 2, "submissionId": 22646729, "reward": 0, "index": 1, "initialScore": 1397.9256387563264, "initialConfidence": 35.0, "updatedScore": 1395.253781177273, "updatedConfidence": 35.0, "teamId": 99999}]}