{"id": 26718168, "competitionId": 30067, "createTime": {"seconds": 1631300357}, "endTime": {"seconds": 1631300357}, "agents": [{"id": 68533015, "state": 2, "submissionId": 22777661, "reward": 60007, "index": 0, "initialScore": 1529.4480022544392, "initialConfidence": 37.76833474819056, "updatedScore": 1532.68807056628, "updatedConfidence": 37.48064994762412, "teamId": 99999}, {"id": 68533016, "state": 2, "submissionId": 22638962, "reward": 40004, "index": 1, "initialScore": 1414.3819166390476, "initialConfidence": 35.0, "updatedScore": 1411.5994204250976, "updatedConfidence": 35.0, "teamId": 99999}]}