{"id": 26729534, "competitionId": 30067, "createTime": {"seconds": 1631338149}, "endTime": {"seconds": 1631338149}, "agents": [{"id": 68555747, "state": 2, "submissionId": 22777661, "reward": 50005, "index": 0, "initialScore": 1541.4568869913749, "initialConfidence": 36.12875940266125, "updatedScore": 1545.7296000566248, "updatedConfidence": 35.82667980847071, "teamId": 99999}, {"id": 68555748, "state": 2, "submissionId": 22760613, "reward": 20002, "index": 1, "initialScore": 1511.6419498814637, "initialConfidence": 35.0, "updatedScore": 1507.6320482441265, "updatedConfidence": 35.0, "teamId": 99999}]}