{"id": 26726567, "competitionId": 30067, "createTime": {"seconds": 1631328310}, "endTime": {"seconds": 1631328310}, "agents": [{"id": 68549813, "state": 2, "submissionId": 22760613, "reward": 30003, "index": 0, "initialScore": 1515.7869355111804, "initialConfidence": 35.0, "updatedScore": 1511.6419498814637, "updatedConfidence": 35.0, "teamId": 99999}, {"id": 68549814, "state": 2, "submissionId": 22777661, "reward": 80005, "index": 1, "initialScore": 1536.962977713202, "initialConfidence": 36.44338256783182, "updatedScore": 1541.4568869913749, "updatedConfidence": 36.12875940266125, "teamId": 99999}]}