{"id": 26720475, "competitionId": 30067, "createTime": {"seconds": 1631308149}, "endTime": {"seconds": 1631308149}, "agents": [{"id": 68537629, "state": 2, "submissionId": 22760613, "reward": 80008, "index": 0, "initialScore": 1512.24895463597, "initialConfidence": 35.0, "updatedScore": 1517.1600713147827, "updatedConfidence": 35.0, "teamId": 99999}, {"id": 68537630, "state": 2, "submissionId": 22777661, "reward": 80005, "index": 1, "initialScore": 1537.7876833155403, "initialConfidence": 37.12798174924011, "updatedScore": 1532.261225651435, "updatedConfidence": 36.77040734763346, "teamId": 99999}]}