{"id": 26723382, "competitionId": 30067, "createTime": {"seconds": 1631317749}, "endTime": {"seconds": 1631317749}, "agents": [{"id": 68543443, "state": 2, "submissionId": 22744835, "reward": 40004, "index": 0, "initialScore": 1518.3532110947954, "initialConfidence": 35.0, "updatedScore": 1514.0933157445693, "updatedConfidence": 35.0, "teamId": 99999}, {"id": 68543444, "state": 2, "submissionId": 22777661, "reward": 140014, "index": 1, "initialScore": 1532.261225651435, "initialConfidence": 36.77040734763346, "updatedScore": 1536.962977713202, "updatedConfidence": 36.44338256783182, "teamId": 99999}]}