{"id": 26732638, "competitionId": 30067, "createTime": {"seconds": 1631348230}, "endTime": {"seconds": 1631348230}, "agents": [{"id": 68561955, "state": 2, "submissionId": 22724492, "reward": 110012, "index": 0, "initialScore": 1484.6086818854567, "initialConfidence": 35.0, "updatedScore": 1481.073509448012, "updatedConfidence": 35.0, "teamId": 99999}, {"id": 68561956, "state": 2, "submissionId": 22777661, "reward": 160016, "index": 1, "initialScore": 1545.7296000566248, "initialConfidence": 35.82667980847071, "updatedScore": 1549.4337421530415, "updatedConfidence": 35.54894233168997, "teamId": 99999}]}