{"id": 26736172, "competitionId": 30067, "createTime": {"seconds": 1631359749}, "endTime": {"seconds": 1631359749}, "agents": [{"id": 68569023, "state": 2, "submissionId": 22744835, "reward": 150012, "index": 0, "initialScore": 1506.5258805932883, "initialConfidence": 35.0, "updatedScore": 1502.716785860596, "updatedConfidence": 35.0, "teamId": 99999}, {"id": 68569024, "state": 2, "submissionId": 22777661, "reward": 180017, "index": 1, "initialScore": 1549.4337421530415, "initialConfidence": 35.54894233168997, "updatedScore": 1553.3632580758374, "updatedConfidence": 35.267758789132145, "teamId": 99999}]}