{"id": 26749368, "competitionId": 30067, "createTime": {"seconds": 1631402499}, "endTime": {"seconds": 1631402499}, "agents": [{"id": 68595415, "state": 2, "submissionId": 22777661, "reward": 120011, "index": 0, "initialScore": 1555.8738256680451, "initialConfidence": 35.0, "updatedScore": 1559.376692929117, "updatedConfidence": 35.0, "teamId": 99999}, {"id": 68595416, "state": 2, "submissionId": 22773016, "reward": 0, "index": 1, "initialScore": 1492.4481976882223, "initialConfidence": 35.0, "updatedScore": 1488.94533042715, "updatedConfidence": 35.0, "teamId": 99999}]}