{"id": 26745856, "competitionId": 30067, "createTime": {"seconds": 1631391218}, "endTime": {"seconds": 1631391218}, "agents": [{"id": 68588391, "state": 2, "submissionId": 22744805, "reward": 0, "index": 0, "initialScore": 1400.2024043401666, "initialConfidence": 35.0, "updatedScore": 1397.855978249079, "updatedConfidence": 35.0, "teamId": 99999}, {"id": 68588392, "state": 2, "submissionId": 22777661, "reward": 50005, "index": 1, "initialScore": 1550.358776435326, "initialConfidence": 35.0, "updatedScore": 1552.7052025264136, "updatedConfidence": 35.0, "teamId": 99999}]}