{"id": 26752706, "competitionId": 30067, "createTime": {"seconds": 1631413298}, "endTime": {"seconds": 1631413298}, "agents": [{"id": 68602091, "state": 2, "submissionId": 22632517, "reward": 0, "index": 0, "initialScore": 1463.8659345174588, "initialConfidence": 35.0, "updatedScore": 1460.818751266094, "updatedConfidence": 35.0, "teamId": 99999}, {"id": 68602092, "state": 2, "submissionId": 22777661, "reward": 290019, "index": 1, "initialScore": 1559.376692929117, "initialConfidence": 35.0, "updatedScore": 1562.423876180482, "updatedConfidence": 35.0, "teamId": 99999}]}