{"id": 26758547, "competitionId": 30067, "createTime": {"seconds": 1631432288}, "endTime": {"seconds": 1631432288}, "agents": [{"id": 68613773, "state": 2, "submissionId": 22777661, "reward": 150013, "index": 0, "initialScore": 1565.9788341119397, "initialConfidence": 35.0, "updatedScore": 1569.6781923408123, "updatedConfidence": 35.0, "teamId": 99999}, {"id": 68613774, "state": 2, "submissionId": 22803974, "reward": 70010, "index": 1, "initialScore": 1517.7684614433413, "initialConfidence": 46.8886216369993, "updatedScore": 1511.1291165102396, "updatedConfidence": 46.25984596712149, "teamId": 99999}]}