{"id": 26767236, "competitionId": 30067, "createTime": {"seconds": 1631459648}, "endTime": {"seconds": 1631459648}, "agents": [{"id": 68631151, "state": 2, "submissionId": 22803974, "reward": 290031, "index": 0, "initialScore": 1547.7939284872862, "initialConfidence": 41.54807744977439, "updatedScore": 1554.7633726670576, "updatedConfidence": 41.04785348512051, "teamId": 99999}, {"id": 68631152, "state": 2, "submissionId": 22777661, "reward": 210013, "index": 1, "initialScore": 1576.523191664335, "initialConfidence": 35.0, "updatedScore": 1571.577439295033, "updatedConfidence": 35.0, "teamId": 99999}]}