{"id": 26765791, "competitionId": 30067, "createTime": {"seconds": 1631455089}, "endTime": {"seconds": 1631455089}, "agents": [{"id": 68628261, "state": 2, "submissionId": 22803895, "reward": 20002, "index": 0, "initialScore": 1520.6607530533, "initialConfidence": 41.5133967038276, "updatedScore": 1515.519611838882, "updatedConfidence": 41.076879363347366, "teamId": 99999}, {"id": 68628262, "state": 2, "submissionId": 22777661, "reward": 60006, "index": 1, "initialScore": 1572.8687664183929, "initialConfidence": 35.0, "updatedScore": 1576.523191664335, "updatedConfidence": 35.0, "teamId": 99999}]}