{"id": 26788146, "competitionId": 30067, "createTime": {"seconds": 1631525450}, "endTime": {"seconds": 1631525450}, "agents": [{"id": 68672971, "state": 2, "submissionId": 22777661, "reward": 310028, "index": 0, "initialScore": 1585.596540181416, "initialConfidence": 35.0, "updatedScore": 1589.074586688096, "updatedConfidence": 35.0, "teamId": 99999}, {"id": 68672972, "state": 2, "submissionId": 22795785, "reward": 100012, "index": 1, "initialScore": 1520.478125336087, "initialConfidence": 35.0, "updatedScore": 1517.0000788294071, "updatedConfidence": 35.0, "teamId": 99999}]}