{"id": 26787820, "competitionId": 30067, "createTime": {"seconds": 1631524490}, "endTime": {"seconds": 1631524490}, "agents": [{"id": 68672319, "state": 2, "submissionId": 22803974, "reward": 170022, "index": 0, "initialScore": 1549.2746477669289, "initialConfidence": 37.83783475399944, "updatedScore": 1544.6398113249986, "updatedConfidence": 37.493149005069554, "teamId": 99999}, {"id": 68672320, "state": 2, "submissionId": 22777661, "reward": 210019, "index": 1, "initialScore": 1581.6308576043718, "initialConfidence": 35.0, "updatedScore": 1585.596540181416, "updatedConfidence": 35.0, "teamId": 99999}]}