{"id": 26795899, "competitionId": 30067, "createTime": {"seconds": 1631549509}, "endTime": {"seconds": 1631549509}, "agents": [{"id": 68688477, "state": 2, "submissionId": 22777661, "reward": 20001, "index": 0, "initialScore": 1583.1249367937214, "initialConfidence": 35.0, "updatedScore": 1577.3096414976112, "updatedConfidence": 35.0, "teamId": 99999}, {"id": 68688478, "state": 2, "submissionId": 22724492, "reward": 320041, "index": 1, "initialScore": 1506.916823454532, "initialConfidence": 35.0, "updatedScore": 1512.7321187506425, "updatedConfidence": 35.0, "teamId": 99999}]}