{"id": 26800071, "competitionId": 30067, "createTime": {"seconds": 1631562573}, "endTime": {"seconds": 1631562573}, "agents": [{"id": 68696821, "state": 2, "submissionId": 22803895, "reward": 20002, "index": 0, "initialScore": 1530.915103402007, "initialConfidence": 35.237461045992355, "updatedScore": 1527.1072248592895, "updatedConfidence": 35.0, "teamId": 99999}, {"id": 68696824, "state": 2, "submissionId": 22777661, "reward": 60006, "index": 1, "initialScore": 1577.3096414976112, "initialConfidence": 35.0, "updatedScore": 1581.06637128726, "updatedConfidence": 35.0, "teamId": 99999}]}