{"id": 26807117, "competitionId": 30067, "createTime": {"seconds": 1631584476}, "endTime": {"seconds": 1631584476}, "agents": [{"id": 68710913, "state": 2, "submissionId": 22803974, "reward": 170044, "index": 0, "initialScore": 1551.0077020226447, "initialConfidence": 35.530268574353784, "updatedScore": 1546.9262259900108, "updatedConfidence": 35.24441416824887, "teamId": 99999}, {"id": 68710914, "state": 2, "submissionId": 22777661, "reward": 490037, "index": 1, "initialScore": 1584.0897266897043, "initialConfidence": 35.0, "updatedScore": 1588.050284515687, "updatedConfidence": 35.0, "teamId": 99999}]}