{"id": 26810638, "competitionId": 30067, "createTime": {"seconds": 1631595274}, "endTime": {"seconds": 1631595274}, "agents": [{"id": 68717955, "state": 2, "submissionId": 22795785, "reward": 80008, "index": 0, "initialScore": 1502.921338684909, "initialConfidence": 35.0, "updatedScore": 1499.7301645990565, "updatedConfidence": 35.0, "teamId": 99999}, {"id": 68717956, "state": 2, "submissionId": 22777661, "reward": 120012, "index": 1, "initialScore": 1588.050284515687, "initialConfidence": 35.0, "updatedScore": 1591.2414586015398, "updatedConfidence": 35.0, "teamId": 99999}]}