{"id": 26818491, "competitionId": 30067, "createTime": {"seconds": 1631619064}, "endTime": {"seconds": 1631619064}, "agents": [{"id": 68733661, "state": 2, "submissionId": 22777661, "reward": 110010, "index": 0, "initialScore": 1596.9405447693068, "initialConfidence": 35.0, "updatedScore": 1600.13063531612, "updatedConfidence": 35.0, "teamId": 99999}, {"id": 68733662, "state": 2, "submissionId": 22724492, "reward": 10006, "index": 1, "initialScore": 1511.734366753191, "initialConfidence": 35.0, "updatedScore": 1508.5442762063776, "updatedConfidence": 35.0, "teamId": 99999}]}