{"id": 26814217, "competitionId": 30067, "createTime": {"seconds": 1631606075}, "endTime": {"seconds": 1631606075}, "agents": [{"id": 68725113, "state": 2, "submissionId": 22777661, "reward": 420042, "index": 0, "initialScore": 1591.2414586015398, "initialConfidence": 35.0, "updatedScore": 1593.7418149004973, "updatedConfidence": 35.0, "teamId": 99999}, {"id": 68725114, "state": 2, "submissionId": 22649198, "reward": 280029, "index": 1, "initialScore": 1453.773258154649, "initialConfidence": 35.0, "updatedScore": 1451.2729018556915, "updatedConfidence": 35.0, "teamId": 99999}]}