{"id": 26814974, "competitionId": 30067, "createTime": {"seconds": 1631608473}, "endTime": {"seconds": 1631608473}, "agents": [{"id": 68726627, "state": 2, "submissionId": 22777661, "reward": 60009, "index": 0, "initialScore": 1593.7418149004973, "initialConfidence": 35.0, "updatedScore": 1596.9405447693068, "updatedConfidence": 35.0, "teamId": 99999}, {"id": 68726628, "state": 2, "submissionId": 22773016, "reward": 50005, "index": 1, "initialScore": 1509.151063545117, "initialConfidence": 35.0, "updatedScore": 1505.9523336763075, "updatedConfidence": 35.0, "teamId": 99999}]}