{"id": 26822359, "competitionId": 30067, "createTime": {"seconds": 1631630584}, "endTime": {"seconds": 1631630584}, "agents": [{"id": 68741397, "state": 2, "submissionId": 22803974, "reward": 40007, "index": 0, "initialScore": 1544.9572952445285, "initialConfidence": 35.0, "updatedScore": 1541.3322164444708, "updatedConfidence": 35.0, "teamId": 99999}, {"id": 68741398, "state": 2, "submissionId": 22777661, "reward": 50005, "index": 1, "initialScore": 1600.13063531612, "initialConfidence": 35.0, "updatedScore": 1603.7557141161776, "updatedConfidence": 35.0, "teamId": 99999}]}