{"id": 26826225, "competitionId": 30067, "createTime": {"seconds": 1631642344}, "endTime": {"seconds": 1631642344}, "agents": [{"id": 68749129, "state": 2, "submissionId": 22803895, "reward": 160016, "index": 0, "initialScore": 1517.310658251539, "initialConfidence": 35.0, "updatedScore": 1523.3137800255718, "updatedConfidence": 35.0, "teamId": 99999}, {"id": 68749130, "state": 2, "submissionId": 22777661, "reward": 110011, "index": 1, "initialScore": 1603.7557141161776, "initialConfidence": 35.0, "updatedScore": 1597.752592342145, "updatedConfidence": 35.0, "teamId": 99999}]}