{"id": 26839388, "competitionId": 30067, "createTime": {"seconds": 1631681425}, "endTime": {"seconds": 1631681425}, "agents": [{"id": 68775455, "state": 2, "submissionId": 22803974, "reward": 260031, "index": 0, "initialScore": 1551.2911584191763, "initialConfidence": 35.0, "updatedScore": 1547.6745070806548, "updatedConfidence": 35.0, "teamId": 99999}, {"id": 68775456, "state": 2, "submissionId": 22777661, "reward": 390033, "index": 1, "initialScore": 1607.029260695411, "initialConfidence": 35.0, "updatedScore": 1610.6459120339323, "updatedConfidence": 35.0, "teamId": 99999}]}