{"id": 26832151, "competitionId": 30067, "createTime": {"seconds": 1631660064}, "endTime": {"seconds": 1631660064}, "agents": [{"id": 68760981, "state": 2, "submissionId": 22777661, "reward": 240024, "index": 0, "initialScore": 1600.2434052775925, "initialConfidence": 35.0, "updatedScore": 1603.7540061229583, "updatedConfidence": 35.0, "teamId": 99999}, {"id": 68760982, "state": 2, "submissionId": 22760613, "reward": 120012, "index": 1, "initialScore": 1537.3440299878146, "initialConfidence": 35.0, "updatedScore": 1533.8334291424485, "updatedConfidence": 35.0, "teamId": 99999}]}