{"id": 26843386, "competitionId": 30067, "createTime": {"seconds": 1631693184}, "endTime": {"seconds": 1631693184}, "agents": [{"id": 68783451, "state": 2, "submissionId": 22760613, "reward": 70007, "index": 0, "initialScore": 1535.6203595769414, "initialConfidence": 35.0, "updatedScore": 1532.285859865423, "updatedConfidence": 35.0, "teamId": 99999}, {"id": 68783452, "state": 2, "submissionId": 22777661, "reward": 90012, "index": 1, "initialScore": 1610.6459120339323, "initialConfidence": 35.0, "updatedScore": 1613.980411745451, "updatedConfidence": 35.0, "teamId": 99999}]}