{"id": 26847510, "competitionId": 30067, "createTime": {"seconds": 1631705184}, "endTime": {"seconds": 1631705184}, "agents": [{"id": 68791699, "state": 2, "submissionId": 22777661, "reward": 130009, "index": 0, "initialScore": 1613.980411745451, "initialConfidence": 35.0, "updatedScore": 1617.467792448548, "updatedConfidence": 35.0, "teamId": 99999}, {"id": 68791700, "state": 2, "submissionId": 22803974, "reward": 100011, "index": 1, "initialScore": 1549.4992745518284, "initialConfidence": 35.0, "updatedScore": 1546.0118938487317, "updatedConfidence": 35.0, "teamId": 99999}]}