{"id": 26859296, "competitionId": 30067, "createTime": {"seconds": 1631739339}, "endTime": {"seconds": 1631739339}, "agents": [{"id": 68815271, "state": 2, "submissionId": 22744835, "reward": 0, "index": 0, "initialScore": 1500.1563963441392, "initialConfidence": 35.0, "updatedScore": 1497.4835398240928, "updatedConfidence": 35.0, "teamId": 99999}, {"id": 68815272, "state": 2, "submissionId": 22777661, "reward": 240015, "index": 1, "initialScore": 1623.9043458110427, "initialConfidence": 35.0, "updatedScore": 1626.5772023310892, "updatedConfidence": 35.0, "teamId": 99999}]}