{"id": 26855628, "competitionId": 30067, "createTime": {"seconds": 1631728703}, "endTime": {"seconds": 1631728703}, "agents": [{"id": 68807935, "state": 2, "submissionId": 22803974, "reward": 320036, "index": 0, "initialScore": 1548.395051881684, "initialConfidence": 35.0, "updatedScore": 1545.018949133235, "updatedConfidence": 35.0, "teamId": 99999}, {"id": 68807936, "state": 2, "submissionId": 22777661, "reward": 500050, "index": 1, "initialScore": 1620.5282430625937, "initialConfidence": 35.0, "updatedScore": 1623.9043458110427, "updatedConfidence": 35.0, "teamId": 99999}]}