{"id": 26851477, "competitionId": 30067, "createTime": {"seconds": 1631716704}, "endTime": {"seconds": 1631716704}, "agents": [{"id": 68799633, "state": 2, "submissionId": 22724492, "reward": 10004, "index": 0, "initialScore": 1522.9238701441082, "initialConfidence": 35.0, "updatedScore": 1519.8634195300624, "updatedConfidence": 35.0, "teamId": 99999}, {"id": 68799634, "state": 2, "submissionId": 22777661, "reward": 70007, "index": 1, "initialScore": 1617.467792448548, "initialConfidence": 35.0, "updatedScore": 1620.5282430625937, "updatedConfidence": 35.0, "teamId": 99999}]}