{"id": 26863030, "competitionId": 30067, "createTime": {"seconds": 1631750315}, "endTime": {"seconds": 1631750315}, "agents": [{"id": 68822739, "state": 2, "submissionId": 22803974, "reward": 130013, "index": 0, "initialScore": 1530.235024895584, "initialConfidence": 35.0, "updatedScore": 1536.4793445463729, "updatedConfidence": 35.0, "teamId": 99999}, {"id": 68822740, "state": 2, "submissionId": 22777661, "reward": 0, "index": 1, "initialScore": 1629.6552601009469, "initialConfidence": 35.0, "updatedScore": 1623.410940450158, "updatedConfidence": 35.0, "teamId": 99999}]}