{"id": 26874418, "competitionId": 30067, "createTime": {"seconds": 1631782808}, "endTime": {"seconds": 1631782808}, "agents": [{"id": 68845515, "state": 2, "submissionId": 22777661, "reward": 50005, "index": 0, "initialScore": 1620.2117589836987, "initialConfidence": 35.0, "updatedScore": 1623.4920964354433, "updatedConfidence": 35.0, "teamId": 99999}, {"id": 68845516, "state": 2, "submissionId": 22724492, "reward": 30003, "index": 1, "initialScore": 1541.393963548075, "initialConfidence": 35.0, "updatedScore": 1538.1136260963303, "updatedConfidence": 35.0, "teamId": 99999}]}