{"id": 26882333, "competitionId": 30067, "createTime": {"seconds": 1631805127}, "endTime": {"seconds": 1631805127}, "agents": [{"id": 68861345, "state": 2, "submissionId": 22803974, "reward": 40006, "index": 0, "initialScore": 1542.568887776161, "initialConfidence": 35.0, "updatedScore": 1539.3988270377558, "updatedConfidence": 35.0, "teamId": 99999}, {"id": 68861346, "state": 2, "submissionId": 22777661, "reward": 110009, "index": 1, "initialScore": 1629.2051194407288, "initialConfidence": 35.0, "updatedScore": 1632.375180179134, "updatedConfidence": 35.0, "teamId": 99999}]}