{"id": 26897187, "competitionId": 30067, "createTime": {"seconds": 1631847124}, "endTime": {"seconds": 1631847124}, "agents": [{"id": 68891053, "state": 2, "submissionId": 22803895, "reward": 190019, "index": 0, "initialScore": 1547.6573899623577, "initialConfidence": 35.0, "updatedScore": 1544.3633961251032, "updatedConfidence": 35.0, "teamId": 99999}, {"id": 68891054, "state": 2, "submissionId": 22777661, "reward": 210018, "index": 1, "initialScore": 1625.5161196025326, "initialConfidence": 35.0, "updatedScore": 1628.810113439787, "updatedConfidence": 35.0, "teamId": 99999}]}