{"id": 26893313, "competitionId": 30067, "createTime": {"seconds": 1631836324}, "endTime": {"seconds": 1631836324}, "agents": [{"id": 68883305, "state": 2, "submissionId": 22777661, "reward": 20000, "index": 0, "initialScore": 1629.6803531020812, "initialConfidence": 35.0, "updatedScore": 1622.1247472315072, "updatedConfidence": 35.0, "teamId": 99999}, {"id": 68883306, "state": 2, "submissionId": 22821270, "reward": 20002, "index": 1, "initialScore": 1462.546279675264, "initialConfidence": 35.0, "updatedScore": 1470.101885545838, "updatedConfidence": 35.0, "teamId": 99999}]}