{"id": 26900929, "competitionId": 30067, "createTime": {"seconds": 1631857445}, "endTime": {"seconds": 1631857445}, "agents": [{"id": 68898537, "state": 2, "submissionId": 22777661, "reward": 270012, "index": 0, "initialScore": 1628.810113439787, "initialConfidence": 35.0, "updatedScore": 1632.1064630552328, "updatedConfidence": 35.0, "teamId": 99999}, {"id": 68898538, "state": 2, "submissionId": 22803974, "reward": 0, "index": 1, "initialScore": 1551.116627360181, "initialConfidence": 35.0, "updatedScore": 1547.8202777447352, "updatedConfidence": 35.0, "teamId": 99999}]}