{"id": 26917775, "competitionId": 30067, "createTime": {"seconds": 1631903852}, "endTime": {"seconds": 1631903852}, "agents": [{"id": 68932229, "state": 2, "submissionId": 22724492, "reward": 220023, "index": 0, "initialScore": 1553.659672362135, "initialConfidence": 35.0, "updatedScore": 1550.373311818301, "updatedConfidence": 35.0, "teamId": 99999}, {"id": 68932230, "state": 2, "submissionId": 22777661, "reward": 380034, "index": 1, "initialScore": 1632.0542328929648, "initialConfidence": 35.0, "updatedScore": 1635.340593436799, "updatedConfidence": 35.0, "teamId": 99999}]}