{"id": 26913531, "competitionId": 30067, "createTime": {"seconds": 1631892274}, "endTime": {"seconds": 1631892274}, "agents": [{"id": 68923741, "state": 2, "submissionId": 22777661, "reward": 300022, "index": 0, "initialScore": 1628.8205667796058, "initialConfidence": 35.0, "updatedScore": 1632.0542328929648, "updatedConfidence": 35.0, "teamId": 99999}, {"id": 68923742, "state": 2, "submissionId": 22773016, "reward": 290029, "index": 1, "initialScore": 1546.7100887677527, "initialConfidence": 35.0, "updatedScore": 1543.4764226543937, "updatedConfidence": 35.0, "teamId": 99999}]}