{"id": 26921548, "competitionId": 30067, "createTime": {"seconds": 1631914171}, "endTime": {"seconds": 1631914171}, "agents": [{"id": 68939775, "state": 2, "submissionId": 22777661, "reward": 50005, "index": 0, "initialScore": 1635.340593436799, "initialConfidence": 35.0, "updatedScore": 1638.4745766777792, "updatedConfidence": 35.0, "teamId": 99999}, {"id": 68939776, "state": 2, "submissionId": 22724492, "reward": 10003, "index": 1, "initialScore": 1546.1170649965852, "initialConfidence": 35.0, "updatedScore": 1542.983081755605, "updatedConfidence": 35.0, "teamId": 99999}]}