{"id": 26929095, "competitionId": 30067, "createTime": {"seconds": 1631934572}, "endTime": {"seconds": 1631934572}, "agents": [{"id": 68954869, "state": 2, "submissionId": 22777661, "reward": 320025, "index": 0, "initialScore": 1641.808587444002, "initialConfidence": 35.0, "updatedScore": 1644.8506396165496, "updatedConfidence": 35.0, "teamId": 99999}, {"id": 68954870, "state": 2, "submissionId": 22724492, "reward": 170017, "index": 1, "initialScore": 1545.9233351941589, "initialConfidence": 35.0, "updatedScore": 1542.8812830216114, "updatedConfidence": 35.0, "teamId": 99999}]}