{"id": 26932952, "competitionId": 30067, "createTime": {"seconds": 1631945131}, "endTime": {"seconds": 1631945131}, "agents": [{"id": 68962583, "state": 2, "submissionId": 22777661, "reward": 270018, "index": 0, "initialScore": 1648.0896431712674, "initialConfidence": 35.0, "updatedScore": 1651.297690778062, "updatedConfidence": 35.0, "teamId": 99999}, {"id": 68962584, "state": 2, "submissionId": 22803895, "reward": 210021, "index": 1, "initialScore": 1564.16171473951, "initialConfidence": 35.0, "updatedScore": 1560.9536671327155, "updatedConfidence": 35.0, "teamId": 99999}]}