{"id": 26937006, "competitionId": 30067, "createTime": {"seconds": 1631955931}, "endTime": {"seconds": 1631955931}, "agents": [{"id": 68970691, "state": 2, "submissionId": 22777661, "reward": 270027, "index": 0, "initialScore": 1651.297690778062, "initialConfidence": 35.0, "updatedScore": 1648.7905494416598, "updatedConfidence": 35.0, "teamId": 99999}, {"id": 68970692, "state": 2, "submissionId": 22760613, "reward": 270027, "index": 1, "initialScore": 1554.0871280420356, "initialConfidence": 35.0, "updatedScore": 1556.5942693784375, "updatedConfidence": 35.0, "teamId": 99999}]}