{"id": 26942129, "competitionId": 30067, "createTime": {"seconds": 1631969371}, "endTime": {"seconds": 1631969371}, "agents": [{"id": 68980937, "state": 2, "submissionId": 22777661, "reward": 500040, "index": 0, "initialScore": 1648.7905494416598, "initialConfidence": 35.0, "updatedScore": 1651.9199533501671, "updatedConfidence": 35.0, "teamId": 99999}, {"id": 68980938, "state": 2, "submissionId": 22803895, "reward": 310032, "index": 1, "initialScore": 1559.2375437452183, "initialConfidence": 35.0, "updatedScore": 1556.1081398367112, "updatedConfidence": 35.0, "teamId": 99999}]}