{"id": 26946506, "competitionId": 30067, "createTime": {"seconds": 1631980921}, "endTime": {"seconds": 1631980921}, "agents": [{"id": 68989691, "state": 2, "submissionId": 22760613, "reward": 10002, "index": 0, "initialScore": 1560.1778768901986, "initialConfidence": 35.0, "updatedScore": 1557.078812503176, "updatedConfidence": 35.0, "teamId": 99999}, {"id": 68989692, "state": 2, "submissionId": 22777661, "reward": 70007, "index": 1, "initialScore": 1651.9199533501671, "initialConfidence": 35.0, "updatedScore": 1655.01901773719, "updatedConfidence": 35.0, "teamId": 99999}]}