{"id": 26958682, "competitionId": 30067, "createTime": {"seconds": 1632012601}, "endTime": {"seconds": 1632012601}, "agents": [{"id": 69014043, "state": 2, "submissionId": 22803895, "reward": 180018, "index": 0, "initialScore": 1570.912308947598, "initialConfidence": 35.0, "updatedScore": 1567.7899361354262, "updatedConfidence": 35.0, "teamId": 99999}, {"id": 69014045, "state": 2, "submissionId": 22777661, "reward": 230014, "index": 1, "initialScore": 1660.9716671973586, "initialConfidence": 35.0, "updatedScore": 1664.0940400095303, "updatedConfidence": 35.0, "teamId": 99999}]}