{"id": 26950641, "competitionId": 30067, "createTime": {"seconds": 1631991721}, "endTime": {"seconds": 1631991721}, "agents": [{"id": 68997961, "state": 2, "submissionId": 22777661, "reward": 180016, "index": 0, "initialScore": 1655.01901773719, "initialConfidence": 35.0, "updatedScore": 1658.2202122226877, "updatedConfidence": 35.0, "teamId": 99999}, {"id": 68997962, "state": 2, "submissionId": 22803895, "reward": 110011, "index": 1, "initialScore": 1570.6036821593914, "initialConfidence": 35.0, "updatedScore": 1567.4024876738938, "updatedConfidence": 35.0, "teamId": 99999}]}