{"id": 26954782, "competitionId": 30067, "createTime": {"seconds": 1632002520}, "endTime": {"seconds": 1632002520}, "agents": [{"id": 69006243, "state": 2, "submissionId": 22760613, "reward": 50005, "index": 0, "initialScore": 1540.565643161636, "initialConfidence": 35.0, "updatedScore": 1537.8141881869649, "updatedConfidence": 35.0, "teamId": 99999}, {"id": 69006244, "state": 2, "submissionId": 22777661, "reward": 60005, "index": 1, "initialScore": 1658.2202122226877, "initialConfidence": 35.0, "updatedScore": 1660.9716671973586, "updatedConfidence": 35.0, "teamId": 99999}]}