{"id": 26971210, "competitionId": 30067, "createTime": {"seconds": 1632045000}, "endTime": {"seconds": 1632045000}, "agents": [{"id": 69039020, "state": 2, "submissionId": 22777661, "reward": 340029, "index": 0, "initialScore": 1669.7320055666091, "initialConfidence": 35.0, "updatedScore": 1663.6382305708794, "updatedConfidence": 35.0, "teamId": 99999}, {"id": 69039021, "state": 2, "submissionId": 22803895, "reward": 390039, "index": 1, "initialScore": 1578.3884430973571, "initialConfidence": 35.0, "updatedScore": 1584.4822180930869, "updatedConfidence": 35.0, "teamId": 99999}]}