{"id": 26975795, "competitionId": 30067, "createTime": {"seconds": 1632056759}, "endTime": {"seconds": 1632056759}, "agents": [{"id": 69048190, "state": 2, "submissionId": 22803895, "reward": 300032, "index": 0, "initialScore": 1587.43385688619, "initialConfidence": 35.0, "updatedScore": 1593.2490839733682, "updatedConfidence": 35.0, "teamId": 99999}, {"id": 69048191, "state": 2, "submissionId": 22777661, "reward": 60006, "index": 1, "initialScore": 1663.6382305708794, "initialConfidence": 35.0, "updatedScore": 1657.8230034837013, "updatedConfidence": 35.0, "teamId": 99999}]}