{"id": 26989086, "competitionId": 30067, "createTime": {"seconds": 1632090389}, "endTime": {"seconds": 1632090389}, "agents": [{"id": 69074772, "state": 2, "submissionId": 22803895, "reward": 100010, "index": 0, "initialScore": 1597.2501786937269, "initialConfidence": 35.0, "updatedScore": 1593.7989951718348, "updatedConfidence": 35.0, "teamId": 99999}, {"id": 69074773, "state": 2, "submissionId": 22777661, "reward": 150014, "index": 1, "initialScore": 1664.2072474263684, "initialConfidence": 35.0, "updatedScore": 1667.6584309482605, "updatedConfidence": 35.0, "teamId": 99999}]}