{"id": 26996917, "competitionId": 30067, "createTime": {"seconds": 1632110069}, "endTime": {"seconds": 1632110069}, "agents": [{"id": 69090434, "state": 2, "submissionId": 22777661, "reward": 240022, "index": 0, "initialScore": 1671.1058102737456, "initialConfidence": 35.0, "updatedScore": 1673.860936062883, "updatedConfidence": 35.0, "teamId": 99999}, {"id": 69090435, "state": 2, "submissionId": 22724492, "reward": 60013, "index": 1, "initialScore": 1553.7335454889978, "initialConfidence": 35.0, "updatedScore": 1550.9784196998603, "updatedConfidence": 35.0, "teamId": 99999}]}