{"id": 26992995, "competitionId": 30067, "createTime": {"seconds": 1632100230}, "endTime": {"seconds": 1632100230}, "agents": [{"id": 69082590, "state": 2, "submissionId": 22777661, "reward": 220021, "index": 0, "initialScore": 1667.6584309482605, "initialConfidence": 35.0, "updatedScore": 1671.1058102737456, "updatedConfidence": 35.0, "teamId": 99999}, {"id": 69082591, "state": 2, "submissionId": 22803895, "reward": 130013, "index": 1, "initialScore": 1600.440422510644, "initialConfidence": 35.0, "updatedScore": 1596.993043185159, "updatedConfidence": 35.0, "teamId": 99999}]}