{"id": 27001434, "competitionId": 30067, "createTime": {"seconds": 1632121349}, "endTime": {"seconds": 1632121349}, "agents": [{"id": 69099468, "state": 2, "submissionId": 22795785, "reward": 130013, "index": 0, "initialScore": 1548.9719770105146, "initialConfidence": 35.0, "updatedScore": 1546.3137031754704, "updatedConfidence": 35.0, "teamId": 99999}, {"id": 69099469, "state": 2, "submissionId": 22777661, "reward": 340032, "index": 1, "initialScore": 1673.860936062883, "initialConfidence": 35.0, "updatedScore": 1676.519209897927, "updatedConfidence": 35.0, "teamId": 99999}]}