{"id": 27006288, "competitionId": 30067, "createTime": {"seconds": 1632133350}, "endTime": {"seconds": 1632133350}, "agents": [{"id": 69109176, "state": 2, "submissionId": 22803974, "reward": 310045, "index": 0, "initialScore": 1550.490049521977, "initialConfidence": 35.0, "updatedScore": 1557.2395010629596, "updatedConfidence": 35.0, "teamId": 99999}, {"id": 69109177, "state": 2, "submissionId": 22777661, "reward": 290024, "index": 1, "initialScore": 1676.519209897927, "initialConfidence": 35.0, "updatedScore": 1669.7697583569443, "updatedConfidence": 35.0, "teamId": 99999}]}