{"id": 27018833, "competitionId": 30067, "createTime": {"seconds": 1632164494}, "endTime": {"seconds": 1632164494}, "agents": [{"id": 69134266, "state": 2, "submissionId": 22902113, "reward": 0, "index": 0, "initialScore": 1567.917559460552, "initialConfidence": 45.07847681729591, "updatedScore": 1560.3505192550049, "updatedConfidence": 44.46325458372434, "teamId": 99999}, {"id": 69134267, "state": 2, "submissionId": 22795785, "reward": 340030, "index": 1, "initialScore": 1561.2805564168025, "initialConfidence": 35.0, "updatedScore": 1565.8422243141972, "updatedConfidence": 35.0, "teamId": 99999}]}