{"id": 27015365, "competitionId": 30067, "createTime": {"seconds": 1632155909}, "endTime": {"seconds": 1632155909}, "agents": [{"id": 69127330, "state": 2, "submissionId": 22795785, "reward": 40006, "index": 0, "initialScore": 1565.7153761437737, "initialConfidence": 35.0, "updatedScore": 1561.2805564168025, "updatedConfidence": 35.0, "teamId": 99999}, {"id": 69127331, "state": 2, "submissionId": 22902113, "reward": 110011, "index": 1, "initialScore": 1565.967782144258, "initialConfidence": 48.54844740387727, "updatedScore": 1574.5005626305406, "updatedConfidence": 47.7923806711057, "teamId": 99999}]}