{"id": 27015604, "competitionId": 30067, "createTime": {"seconds": 1632156389}, "endTime": {"seconds": 1632156389}, "agents": [{"id": 69127808, "state": 2, "submissionId": 22777661, "reward": 300031, "index": 0, "initialScore": 1672.5747997755234, "initialConfidence": 35.0, "updatedScore": 1674.8272523344551, "updatedConfidence": 35.0, "teamId": 99999}, {"id": 69127809, "state": 2, "submissionId": 22632517, "reward": 140014, "index": 1, "initialScore": 1514.4426299002089, "initialConfidence": 35.0, "updatedScore": 1512.1901773412771, "updatedConfidence": 35.0, "teamId": 99999}]}