{"id": 27014680, "competitionId": 30067, "createTime": {"seconds": 1632154228}, "endTime": {"seconds": 1632154228}, "agents": [{"id": 69125960, "state": 2, "submissionId": 22735139, "reward": 40004, "index": 0, "initialScore": 1420.6434627442434, "initialConfidence": 35.0, "updatedScore": 1417.7756472260394, "updatedConfidence": 35.0, "teamId": 99999}, {"id": 69125961, "state": 2, "submissionId": 22902113, "reward": 700071, "index": 1, "initialScore": 1527.4455916291831, "initialConfidence": 54.45386410153925, "updatedScore": 1534.3873985184782, "updatedConfidence": 53.59468857650232, "teamId": 99999}]}