{"id": 27015465, "competitionId": 30067, "createTime": {"seconds": 1632156148}, "endTime": {"seconds": 1632156148}, "agents": [{"id": 69127530, "state": 2, "submissionId": 22902113, "reward": 0, "index": 0, "initialScore": 1574.5005626305406, "initialConfidence": 47.7923806711057, "updatedScore": 1564.6249300958452, "updatedConfidence": 47.01560499385885, "teamId": 99999}, {"id": 69127531, "state": 2, "submissionId": 22760613, "reward": 300030, "index": 1, "initialScore": 1523.3482557968664, "initialConfidence": 35.0, "updatedScore": 1528.644691220187, "updatedConfidence": 35.0, "teamId": 99999}]}