{"id": 27014977, "competitionId": 30067, "createTime": {"seconds": 1632154948}, "endTime": {"seconds": 1632154948}, "agents": [{"id": 69126554, "state": 2, "submissionId": 22902113, "reward": 530085, "index": 0, "initialScore": 1549.3613406094605, "initialConfidence": 51.888526545214646, "updatedScore": 1559.2264554259468, "updatedConfidence": 50.96464603347887, "teamId": 99999}, {"id": 69126555, "state": 2, "submissionId": 22773016, "reward": 0, "index": 1, "initialScore": 1553.4116523418354, "initialConfidence": 35.0, "updatedScore": 1548.9232109771344, "updatedConfidence": 35.0, "teamId": 99999}]}