{"id": 27015268, "competitionId": 30067, "createTime": {"seconds": 1632155668}, "endTime": {"seconds": 1632155668}, "agents": [{"id": 69127136, "state": 2, "submissionId": 22902113, "reward": 240047, "index": 0, "initialScore": 1575.39056041923, "initialConfidence": 49.36501091496392, "updatedScore": 1565.967782144258, "updatedConfidence": 48.54844740387727, "teamId": 99999}, {"id": 69127137, "state": 2, "submissionId": 22795785, "reward": 320032, "index": 1, "initialScore": 1556.8528855738944, "initialConfidence": 35.0, "updatedScore": 1561.589593278978, "updatedConfidence": 35.0, "teamId": 99999}]}