{"id": 27010714, "competitionId": 30067, "createTime": {"seconds": 1632144389}, "endTime": {"seconds": 1632144389}, "agents": [{"id": 69118028, "state": 2, "submissionId": 22773016, "reward": 10001, "index": 0, "initialScore": 1556.2166937604145, "initialConfidence": 35.0, "updatedScore": 1553.4116523418354, "updatedConfidence": 35.0, "teamId": 99999}, {"id": 69118029, "state": 2, "submissionId": 22777661, "reward": 70007, "index": 1, "initialScore": 1669.7697583569443, "initialConfidence": 35.0, "updatedScore": 1672.5747997755234, "updatedConfidence": 35.0, "teamId": 99999}]}