{"id": 27016290, "competitionId": 30067, "createTime": {"seconds": 1632158069}, "endTime": {"seconds": 1632158069}, "agents": [{"id": 69129180, "state": 2, "submissionId": 22634406, "reward": 0, "index": 0, "initialScore": 1538.7288681749935, "initialConfidence": 35.0, "updatedScore": 1534.5380259544302, "updatedConfidence": 35.0, "teamId": 99999}, {"id": 69129181, "state": 2, "submissionId": 22902113, "reward": 230023, "index": 1, "initialScore": 1554.9211318117718, "initialConfidence": 46.270968585929126, "updatedScore": 1562.245706353256, "updatedConfidence": 45.63065466271983, "teamId": 99999}]}