{"id": 27012000, "competitionId": 30067, "createTime": {"seconds": 1632147704}, "endTime": {"seconds": 1632147704}, "agents": [{"id": 69120600, "state": 2, "submissionId": 22902113, "reward": 40009, "index": 0, "initialScore": 0.0, "initialConfidence": 0.0, "updatedScore": 600.0, "updatedConfidence": 200.0, "teamId": 99999}, {"id": 69120601, "state": 2, "submissionId": 22902113, "reward": 110026, "index": 1, "initialScore": 0.0, "initialConfidence": 0.0, "updatedScore": 600.0, "updatedConfidence": 200.0, "teamId": 99999}]}