{"id": 27013988, "competitionId": 30067, "createTime": {"seconds": 1632152548}, "endTime": {"seconds": 1632152548}, "agents": [{"id": 69124576, "state": 2, "submissionId": 22646843, "reward": 0, "index": 0, "initialScore": 1404.3057808603437, "initialConfidence": 35.0, "updatedScore": 1400.7347179483977, "updatedConfidence": 35.0, "teamId": 99999}, {"id": 69124577, "state": 2, "submissionId": 22902113, "reward": 110024, "index": 1, "initialScore": 1457.8241101877516, "initialConfidence": 62.78257691198789, "updatedScore": 1469.314630301549, "updatedConfidence": 61.33053242222454, "teamId": 99999}]}