{"id": 27015173, "competitionId": 30067, "createTime": {"seconds": 1632155428}, "endTime": {"seconds": 1632155428}, "agents": [{"id": 69126946, "state": 2, "submissionId": 22902113, "reward": 120015, "index": 0, "initialScore": 1568.1932786124262, "initialConfidence": 50.11063061476076, "updatedScore": 1575.39056041923, "updatedConfidence": 49.36501091496392, "teamId": 99999}, {"id": 69126947, "state": 2, "submissionId": 22612772, "reward": 40005, "index": 1, "initialScore": 1507.729627960726, "initialConfidence": 35.0, "updatedScore": 1504.218514530079, "updatedConfidence": 35.0, "teamId": 99999}]}