{"id": 27013794, "competitionId": 30067, "createTime": {"seconds": 1632152068}, "endTime": {"seconds": 1632152068}, "agents": [{"id": 69124188, "state": 2, "submissionId": 22809255, "reward": 0, "index": 0, "initialScore": 1439.9498751942842, "initialConfidence": 35.0, "updatedScore": 1435.4433945334383, "updatedConfidence": 35.0, "teamId": 99999}, {"id": 69124189, "state": 2, "submissionId": 22902113, "reward": 70013, "index": 1, "initialScore": 1429.8187823836126, "initialConfidence": 66.2112755183693, "updatedScore": 1445.9462185541784, "updatedConfidence": 64.32924656473178, "teamId": 99999}]}