{"id": 27013306, "competitionId": 30067, "createTime": {"seconds": 1632150868}, "endTime": {"seconds": 1632150868}, "agents": [{"id": 69123212, "state": 2, "submissionId": 22902113, "reward": 480115, "index": 0, "initialScore": 1356.203382249533, "initialConfidence": 76.94657876490143, "updatedScore": 1370.8131227335657, "updatedConfidence": 74.54345397110033, "teamId": 99999}, {"id": 69123213, "state": 2, "submissionId": 22706253, "reward": 50002, "index": 1, "initialScore": 1265.2850073480622, "initialConfidence": 35.0, "updatedScore": 1262.262273141863, "updatedConfidence": 35.0, "teamId": 99999}]}