{"id": 27024837, "competitionId": 30067, "createTime": {"seconds": 1632179132}, "endTime": {"seconds": 1632179132}, "agents": [{"id": 69146274, "state": 2, "submissionId": 22590845, "reward": 0, "index": 0, "initialScore": 1409.2146190720546, "initialConfidence": 35.0, "updatedScore": 1406.9327748615217, "updatedConfidence": 35.0, "teamId": 99999}, {"id": 69146275, "state": 2, "submissionId": 22902113, "reward": 260032, "index": 1, "initialScore": 1564.580114667632, "initialConfidence": 42.76776796795514, "updatedScore": 1567.9872004796466, "updatedConfidence": 42.39501080731051, "teamId": 99999}]}