{"id": 27024529, "competitionId": 30067, "createTime": {"seconds": 1632178412}, "endTime": {"seconds": 1632178412}, "agents": [{"id": 69145658, "state": 2, "submissionId": 22760613, "reward": 10001, "index": 0, "initialScore": 1529.8590201682562, "initialConfidence": 35.0, "updatedScore": 1527.4893615742037, "updatedConfidence": 35.0, "teamId": 99999}, {"id": 69145659, "state": 2, "submissionId": 22777661, "reward": 80007, "index": 1, "initialScore": 1678.0713666873353, "initialConfidence": 35.0, "updatedScore": 1680.441025281388, "updatedConfidence": 35.0, "teamId": 99999}]}