{"id": 27038583, "competitionId": 30067, "createTime": {"seconds": 1632212528}, "endTime": {"seconds": 1632212528}, "agents": [{"id": 69173766, "state": 2, "submissionId": 22795785, "reward": 520052, "index": 0, "initialScore": 1563.8542865943732, "initialConfidence": 35.0, "updatedScore": 1568.7967256813683, "updatedConfidence": 35.0, "teamId": 99999}, {"id": 69173767, "state": 2, "submissionId": 22902113, "reward": 310099, "index": 1, "initialScore": 1591.906447992818, "initialConfidence": 39.76969806678163, "updatedScore": 1585.525138263023, "updatedConfidence": 39.33027817254702, "teamId": 99999}]}