{"id": 27033602, "competitionId": 30067, "createTime": {"seconds": 1632200523}, "endTime": {"seconds": 1632200523}, "agents": [{"id": 69163804, "state": 2, "submissionId": 22777661, "reward": 290029, "index": 0, "initialScore": 1683.6130622311744, "initialConfidence": 35.0, "updatedScore": 1686.608209202464, "updatedConfidence": 35.0, "teamId": 99999}, {"id": 69163805, "state": 2, "submissionId": 22902113, "reward": 150020, "index": 1, "initialScore": 1584.8742280491358, "initialConfidence": 41.005110340767374, "updatedScore": 1580.7631282555562, "updatedConfidence": 40.62373269020594, "teamId": 99999}]}