{"id": 27043590, "competitionId": 30067, "createTime": {"seconds": 1632224524}, "endTime": {"seconds": 1632224524}, "agents": [{"id": 69183780, "state": 2, "submissionId": 22803895, "reward": 50006, "index": 0, "initialScore": 1585.0206209249484, "initialConfidence": 35.0, "updatedScore": 1580.628968958432, "updatedConfidence": 35.0, "teamId": 99999}, {"id": 69183781, "state": 2, "submissionId": 22902113, "reward": 180025, "index": 1, "initialScore": 1590.3093389206178, "initialConfidence": 38.951836276131885, "updatedScore": 1595.7486976146547, "updatedConfidence": 38.558711887966254, "teamId": 99999}]}