{"id": 27048661, "competitionId": 30067, "createTime": {"seconds": 1632236523}, "endTime": {"seconds": 1632236523}, "agents": [{"id": 69193922, "state": 2, "submissionId": 22724492, "reward": 80008, "index": 0, "initialScore": 1564.2859685707338, "initialConfidence": 35.0, "updatedScore": 1561.5498519246642, "updatedConfidence": 35.0, "teamId": 99999}, {"id": 69193923, "state": 2, "submissionId": 22777661, "reward": 180016, "index": 1, "initialScore": 1683.1222995296237, "initialConfidence": 35.0, "updatedScore": 1685.8584161756933, "updatedConfidence": 35.0, "teamId": 99999}]}