{"id": 27050536, "competitionId": 30067, "createTime": {"seconds": 1632241080}, "endTime": {"seconds": 1632241080}, "agents": [{"id": 69197672, "state": 2, "submissionId": 22609002, "reward": 20002, "index": 0, "initialScore": 601.9459187936442, "initialConfidence": 35.0, "updatedScore": 598.5963748874491, "updatedConfidence": 35.0, "teamId": 99999}, {"id": 69197673, "state": 2, "submissionId": 22917589, "reward": 1340096, "index": 1, "initialScore": 600.0, "initialConfidence": 200.0, "updatedScore": 709.3728622431049, "updatedConfidence": 185.0, "teamId": 99999}]}