{"id": 27056588, "competitionId": 30067, "createTime": {"seconds": 1632255370}, "endTime": {"seconds": 1632255370}, "agents": [{"id": 69209776, "state": 2, "submissionId": 22917589, "reward": 1200120, "index": 0, "initialScore": 1555.399050400423, "initialConfidence": 44.80084979670688, "updatedScore": 1560.880590421947, "updatedConfidence": 44.27708493395448, "teamId": 99999}, {"id": 69209777, "state": 2, "submissionId": 22632069, "reward": 0, "index": 1, "initialScore": 1482.4568686854368, "initialConfidence": 35.0, "updatedScore": 1479.1113290905134, "updatedConfidence": 35.0, "teamId": 99999}]}