{"id": 27050610, "competitionId": 30067, "createTime": {"seconds": 1632241082}, "endTime": {"seconds": 1632241082}, "agents": [{"id": 69197820, "state": 2, "submissionId": 22902113, "reward": 190020, "index": 0, "initialScore": 1597.1839590226214, "initialConfidence": 37.73985039740397, "updatedScore": 1601.6196729842989, "updatedConfidence": 37.40541038607933, "teamId": 99999}, {"id": 69197821, "state": 2, "submissionId": 22902119, "reward": 10004, "index": 1, "initialScore": 1555.6388363210997, "initialConfidence": 38.85808957384544, "updatedScore": 1550.9363658798256, "updatedConfidence": 38.49293323180988, "teamId": 99999}]}