{"id": 27050951, "competitionId": 30067, "createTime": {"seconds": 1632242040}, "endTime": {"seconds": 1632242040}, "agents": [{"id": 69198502, "state": 2, "submissionId": 22917589, "reward": 320021, "index": 0, "initialScore": 1003.5010503933554, "initialConfidence": 140.0, "updatedScore": 1059.8301517895914, "updatedConfidence": 126.5255337627809, "teamId": 99999}, {"id": 69198503, "state": 2, "submissionId": 22852578, "reward": 0, "index": 1, "initialScore": 978.3711520277868, "initialConfidence": 35.0, "updatedScore": 974.850583190522, "updatedConfidence": 35.0, "teamId": 99999}]}