{"id": 27056305, "competitionId": 30067, "createTime": {"seconds": 1632254652}, "endTime": {"seconds": 1632254652}, "agents": [{"id": 69209210, "state": 2, "submissionId": 22632517, "reward": 30006, "index": 0, "initialScore": 1517.0254507446928, "initialConfidence": 35.0, "updatedScore": 1513.8768619662858, "updatedConfidence": 35.0, "teamId": 99999}, {"id": 69209211, "state": 2, "submissionId": 22902113, "reward": 620063, "index": 1, "initialScore": 1605.0394933752243, "initialConfidence": 36.54190624643274, "updatedScore": 1608.47161170469, "updatedConfidence": 36.263785632866735, "teamId": 99999}]}