{"id": 27052785, "competitionId": 30067, "createTime": {"seconds": 1632246488}, "endTime": {"seconds": 1632246488}, "agents": [{"id": 69202170, "state": 2, "submissionId": 22896940, "reward": 30008, "index": 0, "initialScore": 1317.7061981407242, "initialConfidence": 35.0, "updatedScore": 1315.2068287472705, "updatedConfidence": 35.0, "teamId": 99999}, {"id": 69202171, "state": 2, "submissionId": 22917589, "reward": 490045, "index": 1, "initialScore": 1453.4034880359286, "initialConfidence": 61.71526501660777, "updatedScore": 1461.1745353848248, "updatedConfidence": 60.56543157700472, "teamId": 99999}]}