{"id": 27054112, "competitionId": 30067, "createTime": {"seconds": 1632249608}, "endTime": {"seconds": 1632249608}, "agents": [{"id": 69204824, "state": 2, "submissionId": 22917589, "reward": 60006, "index": 0, "initialScore": 1544.9983168677493, "initialConfidence": 48.70788800796006, "updatedScore": 1553.50247315899, "updatedConfidence": 47.947774777850654, "teamId": 99999}, {"id": 69204825, "state": 2, "submissionId": 22803974, "reward": 20007, "index": 1, "initialScore": 1542.0577154598775, "initialConfidence": 35.0, "updatedScore": 1537.6666620033034, "updatedConfidence": 35.0, "teamId": 99999}]}