{"id": 27053902, "competitionId": 30067, "createTime": {"seconds": 1632249128}, "endTime": {"seconds": 1632249128}, "agents": [{"id": 69204404, "state": 2, "submissionId": 22621320, "reward": 130013, "index": 0, "initialScore": 1479.0900507867336, "initialConfidence": 35.0, "updatedScore": 1475.316283100825, "updatedConfidence": 35.0, "teamId": 99999}, {"id": 69204405, "state": 2, "submissionId": 22917589, "reward": 170016, "index": 1, "initialScore": 1521.4296209409383, "initialConfidence": 51.05257425671581, "updatedScore": 1529.458859545928, "updatedConfidence": 50.23759607172531, "teamId": 99999}]}