{"id": 27053191, "competitionId": 30067, "createTime": {"seconds": 1632247449}, "endTime": {"seconds": 1632247449}, "agents": [{"id": 69202982, "state": 2, "submissionId": 22638962, "reward": 10003, "index": 0, "initialScore": 1456.3532432670506, "initialConfidence": 35.0, "updatedScore": 1461.77884421486, "updatedConfidence": 35.0, "teamId": 99999}, {"id": 69202983, "state": 2, "submissionId": 22917589, "reward": 0, "index": 1, "initialScore": 1517.321831346811, "initialConfidence": 53.92835439316722, "updatedScore": 1504.440934691371, "updatedConfidence": 52.810988023779565, "teamId": 99999}]}