{"id": 27053396, "competitionId": 30067, "createTime": {"seconds": 1632247928}, "endTime": {"seconds": 1632247928}, "agents": [{"id": 69203392, "state": 2, "submissionId": 22917589, "reward": 20003, "index": 0, "initialScore": 1504.440934691371, "initialConfidence": 52.810988023779565, "updatedScore": 1512.3967852041449, "updatedConfidence": 51.94328805183161, "teamId": 99999}, {"id": 69203393, "state": 2, "submissionId": 22638783, "reward": 0, "index": 1, "initialScore": 1443.3349765618457, "initialConfidence": 35.0, "updatedScore": 1439.8405644842087, "updatedConfidence": 35.0, "teamId": 99999}]}