{"id": 27052377, "competitionId": 30067, "createTime": {"seconds": 1632245400}, "endTime": {"seconds": 1632245400}, "agents": [{"id": 69201354, "state": 2, "submissionId": 22917589, "reward": 300029, "index": 0, "initialScore": 1404.912328113717, "initialConfidence": 68.19649886060616, "updatedScore": 1417.7543578941531, "updatedConfidence": 66.39996165145233, "teamId": 99999}, {"id": 69201355, "state": 2, "submissionId": 22879924, "reward": 1, "index": 1, "initialScore": 1339.2492657070793, "initialConfidence": 35.28276030351396, "updatedScore": 1335.8118296888188, "updatedConfidence": 35.036384429918485, "teamId": 99999}]}