{"id": 27055078, "competitionId": 30067, "createTime": {"seconds": 1632251769}, "endTime": {"seconds": 1632251769}, "agents": [{"id": 69206756, "state": 2, "submissionId": 22902113, "reward": 60006, "index": 0, "initialScore": 1604.3878256626738, "initialConfidence": 37.14603837478761, "updatedScore": 1600.7841413171627, "updatedConfidence": 36.851698315918654, "teamId": 99999}, {"id": 69206757, "state": 2, "submissionId": 22777661, "reward": 80008, "index": 1, "initialScore": 1688.702630750811, "initialConfidence": 35.0, "updatedScore": 1691.9019518177504, "updatedConfidence": 35.0, "teamId": 99999}]}