{"id": 27059113, "competitionId": 30067, "createTime": {"seconds": 1632261564}, "endTime": {"seconds": 1632261564}, "agents": [{"id": 69214826, "state": 2, "submissionId": 22917589, "reward": 400036, "index": 0, "initialScore": 1552.8294221941865, "initialConfidence": 43.66934976464931, "updatedScore": 1559.1814929842817, "updatedConfidence": 43.13587472794179, "teamId": 99999}, {"id": 69214827, "state": 2, "submissionId": 22773016, "reward": 270027, "index": 1, "initialScore": 1528.9891563075446, "initialConfidence": 35.0, "updatedScore": 1524.9088011374413, "updatedConfidence": 35.0, "teamId": 99999}]}