{"id": 27054961, "competitionId": 30067, "createTime": {"seconds": 1632251530}, "endTime": {"seconds": 1632251530}, "agents": [{"id": 69206522, "state": 2, "submissionId": 22638962, "reward": 50011, "index": 0, "initialScore": 1457.981864894146, "initialConfidence": 35.0, "updatedScore": 1455.5582853344056, "updatedConfidence": 35.0, "teamId": 99999}, {"id": 69206523, "state": 2, "submissionId": 22902113, "reward": 190021, "index": 1, "initialScore": 1601.6196729842989, "initialConfidence": 37.40541038607933, "updatedScore": 1604.3878256626738, "updatedConfidence": 37.14603837478761, "teamId": 99999}]}