{"id": 27055689, "competitionId": 30067, "createTime": {"seconds": 1632253210}, "endTime": {"seconds": 1632253210}, "agents": [{"id": 69207978, "state": 2, "submissionId": 22902113, "reward": 680076, "index": 0, "initialScore": 1600.7841413171627, "initialConfidence": 36.851698315918654, "updatedScore": 1605.0394933752243, "updatedConfidence": 36.54190624643274, "teamId": 99999}, {"id": 69207979, "state": 2, "submissionId": 22917589, "reward": 380023, "index": 1, "initialScore": 1561.852048227471, "initialConfidence": 45.38062975965309, "updatedScore": 1555.399050400423, "updatedConfidence": 44.80084979670688, "teamId": 99999}]}