{"id": 27059418, "competitionId": 30067, "createTime": {"seconds": 1632262285}, "endTime": {"seconds": 1632262285}, "agents": [{"id": 69215436, "state": 2, "submissionId": 22795785, "reward": 190019, "index": 0, "initialScore": 1581.5326951068444, "initialConfidence": 35.0, "updatedScore": 1578.6856815911308, "updatedConfidence": 35.0, "teamId": 99999}, {"id": 69215437, "state": 2, "submissionId": 22777661, "reward": 230024, "index": 1, "initialScore": 1691.9019518177504, "initialConfidence": 35.0, "updatedScore": 1694.748965333464, "updatedConfidence": 35.0, "teamId": 99999}]}