{"id": 27051156, "competitionId": 30067, "createTime": {"seconds": 1632242520}, "endTime": {"seconds": 1632242520}, "agents": [{"id": 69198912, "state": 2, "submissionId": 22917589, "reward": 770042, "index": 0, "initialScore": 1106.406923433348, "initialConfidence": 116.15720438075856, "updatedScore": 1146.2138508979624, "updatedConfidence": 107.86754213592845, "teamId": 99999}, {"id": 69198913, "state": 2, "submissionId": 22685039, "reward": 1, "index": 1, "initialScore": 1075.9329146617383, "initialConfidence": 35.0, "updatedScore": 1072.31879569695, "updatedConfidence": 35.0, "teamId": 99999}]}