{"id": 27066044, "competitionId": 30067, "createTime": {"seconds": 1632277885}, "endTime": {"seconds": 1632277885}, "agents": [{"id": 69228688, "state": 2, "submissionId": 22621320, "reward": 150016, "index": 0, "initialScore": 1472.6409275121384, "initialConfidence": 35.0, "updatedScore": 1469.7136158815042, "updatedConfidence": 35.0, "teamId": 99999}, {"id": 69228689, "state": 2, "submissionId": 22917589, "reward": 260026, "index": 1, "initialScore": 1576.3700159184664, "initialConfidence": 41.68227549836451, "updatedScore": 1580.5218090779554, "updatedConfidence": 41.28669809624351, "teamId": 99999}]}