{"id": 27062110, "competitionId": 30067, "createTime": {"seconds": 1632268763}, "endTime": {"seconds": 1632268763}, "agents": [{"id": 69220820, "state": 2, "submissionId": 22913959, "reward": 490049, "index": 0, "initialScore": 1602.6593415620273, "initialConfidence": 41.90313048085376, "updatedScore": 1611.3517130852265, "updatedConfidence": 41.34832732738683, "teamId": 99999}, {"id": 69220821, "state": 2, "submissionId": 22777661, "reward": 460036, "index": 1, "initialScore": 1694.748965333464, "initialConfidence": 35.0, "updatedScore": 1688.684654820387, "updatedConfidence": 35.0, "teamId": 99999}]}