{"id": 27066289, "competitionId": 30067, "createTime": {"seconds": 1632278603}, "endTime": {"seconds": 1632278603}, "agents": [{"id": 69229178, "state": 2, "submissionId": 22777661, "reward": 40004, "index": 0, "initialScore": 1688.684654820387, "initialConfidence": 35.0, "updatedScore": 1691.5537072102709, "updatedConfidence": 35.0, "teamId": 99999}, {"id": 69229179, "state": 2, "submissionId": 22917589, "reward": 0, "index": 1, "initialScore": 1580.5218090779554, "initialConfidence": 41.28669809624351, "updatedScore": 1576.5295134503488, "updatedConfidence": 40.90613094876306, "teamId": 99999}]}