{"id": 27070926, "competitionId": 30067, "createTime": {"seconds": 1632289403}, "endTime": {"seconds": 1632289403}, "agents": [{"id": 69238452, "state": 2, "submissionId": 22902113, "reward": 290030, "index": 0, "initialScore": 1616.4181044673962, "initialConfidence": 35.06568147114738, "updatedScore": 1613.0727715372354, "updatedConfidence": 35.0, "teamId": 99999}, {"id": 69238453, "state": 2, "submissionId": 22777661, "reward": 390040, "index": 1, "initialScore": 1691.5537072102709, "initialConfidence": 35.0, "updatedScore": 1694.8865196021416, "updatedConfidence": 35.0, "teamId": 99999}]}