{"id": 27070030, "competitionId": 30067, "createTime": {"seconds": 1632287245}, "endTime": {"seconds": 1632287245}, "agents": [{"id": 69236660, "state": 2, "submissionId": 22902113, "reward": 50006, "index": 0, "initialScore": 1621.3119911817855, "initialConfidence": 35.37029929850949, "updatedScore": 1616.4181044673962, "updatedConfidence": 35.06568147114738, "teamId": 99999}, {"id": 69236661, "state": 2, "submissionId": 22913959, "reward": 260026, "index": 1, "initialScore": 1602.0046554255866, "initialConfidence": 40.05456336665973, "updatedScore": 1608.2806194599732, "updatedConfidence": 39.61163975595199, "teamId": 99999}]}