{"id": 27085437, "competitionId": 30067, "createTime": {"seconds": 1632323033}, "endTime": {"seconds": 1632323033}, "agents": [{"id": 69267474, "state": 2, "submissionId": 22803895, "reward": 190019, "index": 0, "initialScore": 1594.3480441137065, "initialConfidence": 35.0, "updatedScore": 1590.348887402807, "updatedConfidence": 35.0, "teamId": 99999}, {"id": 69267475, "state": 2, "submissionId": 22902113, "reward": 260027, "index": 1, "initialScore": 1625.0417158596058, "initialConfidence": 35.0, "updatedScore": 1629.0408725705056, "updatedConfidence": 35.0, "teamId": 99999}]}