{"id": 27084508, "competitionId": 30067, "createTime": {"seconds": 1632320843}, "endTime": {"seconds": 1632320843}, "agents": [{"id": 69265616, "state": 2, "submissionId": 22917589, "reward": 10001, "index": 0, "initialScore": 1598.2897318828925, "initialConfidence": 38.552992606617096, "updatedScore": 1591.994049858338, "updatedConfidence": 38.1442463086744, "teamId": 99999}, {"id": 69265617, "state": 2, "submissionId": 22795785, "reward": 170017, "index": 1, "initialScore": 1556.2440014963156, "initialConfidence": 35.0, "updatedScore": 1561.432750747225, "updatedConfidence": 35.0, "teamId": 99999}]}