{"id": 27085438, "competitionId": 30067, "createTime": {"seconds": 1632323033}, "endTime": {"seconds": 1632323033}, "agents": [{"id": 69267476, "state": 2, "submissionId": 22917589, "reward": 400035, "index": 0, "initialScore": 1591.994049858338, "initialConfidence": 38.1442463086744, "updatedScore": 1599.3913967566898, "updatedConfidence": 37.72002443770641, "teamId": 99999}, {"id": 69267477, "state": 2, "submissionId": 22777661, "reward": 370027, "index": 1, "initialScore": 1691.5924313946243, "initialConfidence": 35.0, "updatedScore": 1685.364354041372, "updatedConfidence": 35.0, "teamId": 99999}]}