{"id": 27080630, "competitionId": 30067, "createTime": {"seconds": 1632311963}, "endTime": {"seconds": 1632311963}, "agents": [{"id": 69257860, "state": 2, "submissionId": 22917589, "reward": 0, "index": 0, "initialScore": 1602.203189509358, "initialConfidence": 38.88859013871188, "updatedScore": 1598.2897318828925, "updatedConfidence": 38.552992606617096, "teamId": 99999}, {"id": 69257861, "state": 2, "submissionId": 22777661, "reward": 120010, "index": 1, "initialScore": 1688.4224820133372, "initialConfidence": 35.0, "updatedScore": 1691.5924313946243, "updatedConfidence": 35.0, "teamId": 99999}]}