{"id": 27105037, "competitionId": 30067, "createTime": {"seconds": 1632367929}, "endTime": {"seconds": 1632367929}, "agents": [{"id": 69306674, "state": 2, "submissionId": 22777661, "reward": 130014, "index": 0, "initialScore": 1695.881844469621, "initialConfidence": 35.0, "updatedScore": 1698.8220418562803, "updatedConfidence": 35.0, "teamId": 99999}, {"id": 69306675, "state": 2, "submissionId": 22917589, "reward": 40004, "index": 1, "initialScore": 1592.5922613862465, "initialConfidence": 36.13171972116966, "updatedScore": 1589.4588482202532, "updatedConfidence": 35.872038763962806, "teamId": 99999}]}