{"id": 27109853, "competitionId": 30067, "createTime": {"seconds": 1632378759}, "endTime": {"seconds": 1632378759}, "agents": [{"id": 69316306, "state": 2, "submissionId": 22803895, "reward": 110011, "index": 0, "initialScore": 1580.691933995951, "initialConfidence": 35.0, "updatedScore": 1577.9466566065018, "updatedConfidence": 35.0, "teamId": 99999}, {"id": 69316307, "state": 2, "submissionId": 22777661, "reward": 180019, "index": 1, "initialScore": 1698.8220418562803, "initialConfidence": 35.0, "updatedScore": 1701.5673192457295, "updatedConfidence": 35.0, "teamId": 99999}]}