{"id": 27100385, "competitionId": 30067, "createTime": {"seconds": 1632357370}, "endTime": {"seconds": 1632357370}, "agents": [{"id": 69297370, "state": 2, "submissionId": 22902113, "reward": 120017, "index": 0, "initialScore": 1636.862931995406, "initialConfidence": 35.0, "updatedScore": 1633.2411944029934, "updatedConfidence": 35.0, "teamId": 99999}, {"id": 69297371, "state": 2, "submissionId": 22777661, "reward": 140011, "index": 1, "initialScore": 1692.2601068772085, "initialConfidence": 35.0, "updatedScore": 1695.881844469621, "updatedConfidence": 35.0, "teamId": 99999}]}