{"id": 27110715, "competitionId": 30067, "createTime": {"seconds": 1632380679}, "endTime": {"seconds": 1632380679}, "agents": [{"id": 69318030, "state": 2, "submissionId": 22917746, "reward": 430043, "index": 0, "initialScore": 1566.3215476572354, "initialConfidence": 36.42292293911587, "updatedScore": 1572.3721631219787, "updatedConfidence": 36.067437786125296, "teamId": 99999}, {"id": 69318031, "state": 2, "submissionId": 22902113, "reward": 420045, "index": 1, "initialScore": 1630.325375156281, "initialConfidence": 35.0, "updatedScore": 1624.7382802096308, "updatedConfidence": 35.0, "teamId": 99999}]}