{"id": 27115023, "competitionId": 30067, "createTime": {"seconds": 1632390280}, "endTime": {"seconds": 1632390280}, "agents": [{"id": 69326646, "state": 2, "submissionId": 22777661, "reward": 50005, "index": 0, "initialScore": 1701.5673192457295, "initialConfidence": 35.0, "updatedScore": 1695.740694513473, "updatedConfidence": 35.0, "teamId": 99999}, {"id": 69326647, "state": 2, "submissionId": 22902113, "reward": 110011, "index": 1, "initialScore": 1624.7382802096308, "initialConfidence": 35.0, "updatedScore": 1630.564904941887, "updatedConfidence": 35.0, "teamId": 99999}]}