{"id": 27115675, "competitionId": 30067, "createTime": {"seconds": 1632391722}, "endTime": {"seconds": 1632391722}, "agents": [{"id": 69327950, "state": 2, "submissionId": 22917746, "reward": 0, "index": 0, "initialScore": 1572.3721631219787, "initialConfidence": 36.067437786125296, "updatedScore": 1568.5726303507377, "updatedConfidence": 35.78248218816386, "teamId": 99999}, {"id": 69327951, "state": 2, "submissionId": 22902113, "reward": 250025, "index": 1, "initialScore": 1630.564904941887, "initialConfidence": 35.0, "updatedScore": 1634.1428667516418, "updatedConfidence": 35.0, "teamId": 99999}]}