{"id": 27119959, "competitionId": 30067, "createTime": {"seconds": 1632401320}, "endTime": {"seconds": 1632401320}, "agents": [{"id": 69336518, "state": 2, "submissionId": 22777661, "reward": 260027, "index": 0, "initialScore": 1695.740694513473, "initialConfidence": 35.0, "updatedScore": 1699.270457548484, "updatedConfidence": 35.0, "teamId": 99999}, {"id": 69336519, "state": 2, "submissionId": 22902113, "reward": 190032, "index": 1, "initialScore": 1634.1428667516418, "initialConfidence": 35.0, "updatedScore": 1630.6131037166308, "updatedConfidence": 35.0, "teamId": 99999}]}