{"id": 27138269, "competitionId": 30067, "createTime": {"seconds": 1632442154}, "endTime": {"seconds": 1632442154}, "agents": [{"id": 69373138, "state": 2, "submissionId": 22632517, "reward": 110012, "index": 0, "initialScore": 1517.062443931668, "initialConfidence": 35.0, "updatedScore": 1522.8195006521253, "updatedConfidence": 35.0, "teamId": 99999}, {"id": 69373139, "state": 2, "submissionId": 22917589, "reward": 90009, "index": 1, "initialScore": 1590.0715349608042, "initialConfidence": 35.0, "updatedScore": 1584.314478240347, "updatedConfidence": 35.0, "teamId": 99999}]}