{"id": 27132485, "competitionId": 30067, "createTime": {"seconds": 1632429259}, "endTime": {"seconds": 1632429259}, "agents": [{"id": 69361570, "state": 2, "submissionId": 22947606, "reward": 330026, "index": 0, "initialScore": 1360.164200537493, "initialConfidence": 72.46562570667916, "updatedScore": 1377.643198754885, "updatedConfidence": 70.14216249334537, "teamId": 99999}, {"id": 69361571, "state": 2, "submissionId": 22939537, "reward": 0, "index": 1, "initialScore": 1345.40437929595, "initialConfidence": 39.8506537932436, "updatedScore": 1340.1184256930133, "updatedConfidence": 39.468609257991936, "teamId": 99999}]}