{"id": 27133362, "competitionId": 30067, "createTime": {"seconds": 1632431179}, "endTime": {"seconds": 1632431179}, "agents": [{"id": 69363324, "state": 2, "submissionId": 22947606, "reward": 340033, "index": 0, "initialScore": 1459.0860546536608, "initialConfidence": 59.89083773925928, "updatedScore": 1467.573432742298, "updatedConfidence": 58.75050604366231, "teamId": 99999}, {"id": 69363325, "state": 2, "submissionId": 22922924, "reward": 0, "index": 1, "initialScore": 1355.432181117001, "initialConfidence": 35.2590888923074, "updatedScore": 1352.4905043880965, "updatedConfidence": 35.027863603486104, "teamId": 99999}]}