{"id": 27134708, "competitionId": 30067, "createTime": {"seconds": 1632434235}, "endTime": {"seconds": 1632434235}, "agents": [{"id": 69366016, "state": 2, "submissionId": 22913959, "reward": 120012, "index": 0, "initialScore": 1584.8975939333195, "initialConfidence": 35.0, "updatedScore": 1582.0568690748416, "updatedConfidence": 35.0, "teamId": 99999}, {"id": 69366017, "state": 2, "submissionId": 22777661, "reward": 280027, "index": 1, "initialScore": 1695.7423032601353, "initialConfidence": 35.0, "updatedScore": 1698.5830281186134, "updatedConfidence": 35.0, "teamId": 99999}]}