{"id": 27132921, "competitionId": 30067, "createTime": {"seconds": 1632430219}, "endTime": {"seconds": 1632430219}, "agents": [{"id": 69362442, "state": 2, "submissionId": 22947606, "reward": 310031, "index": 0, "initialScore": 1421.566125895429, "initialConfidence": 64.42395363073685, "updatedScore": 1435.188697550814, "updatedConfidence": 62.77670541234315, "teamId": 99999}, {"id": 69362443, "state": 2, "submissionId": 22933382, "reward": 0, "index": 1, "initialScore": 1399.9492804968058, "initialConfidence": 38.41217249346384, "updatedScore": 1395.1064184845395, "updatedConfidence": 38.06591644489842, "teamId": 99999}]}