{"id": 27139149, "competitionId": 30067, "createTime": {"seconds": 1632444075}, "endTime": {"seconds": 1632444075}, "agents": [{"id": 69374898, "state": 2, "submissionId": 22777661, "reward": 230023, "index": 0, "initialScore": 1702.1343550293857, "initialConfidence": 35.0, "updatedScore": 1705.5814160021398, "updatedConfidence": 35.0, "teamId": 99999}, {"id": 69374899, "state": 2, "submissionId": 22902113, "reward": 110017, "index": 1, "initialScore": 1634.894503626082, "initialConfidence": 35.0, "updatedScore": 1631.4474426533277, "updatedConfidence": 35.0, "teamId": 99999}]}