{"id": 27133252, "competitionId": 30067, "createTime": {"seconds": 1632430939}, "endTime": {"seconds": 1632430939}, "agents": [{"id": 69363104, "state": 2, "submissionId": 22947606, "reward": 1100108, "index": 0, "initialScore": 1467.573432742298, "initialConfidence": 58.75050604366231, "updatedScore": 1475.7357692897046, "updatedConfidence": 57.67232138739725, "teamId": 99999}, {"id": 69363105, "state": 2, "submissionId": 22658036, "reward": 140023, "index": 1, "initialScore": 1363.5977796407728, "initialConfidence": 35.0, "updatedScore": 1360.7009206031007, "updatedConfidence": 35.0, "teamId": 99999}]}