{"id": 27130163, "competitionId": 30067, "createTime": {"seconds": 1632423981}, "endTime": {"seconds": 1632423981}, "agents": [{"id": 69356926, "state": 2, "submissionId": 22931784, "reward": 590043, "index": 0, "initialScore": 1562.1605436000448, "initialConfidence": 38.44287114457314, "updatedScore": 1570.6121762090224, "updatedConfidence": 37.99087142940295, "teamId": 99999}, {"id": 69356927, "state": 2, "submissionId": 22777661, "reward": 260018, "index": 1, "initialScore": 1702.7478989084314, "initialConfidence": 35.0, "updatedScore": 1695.7423032601353, "updatedConfidence": 35.0, "teamId": 99999}]}