{"id": 27131728, "competitionId": 30067, "createTime": {"seconds": 1632427579}, "endTime": {"seconds": 1632427579}, "agents": [{"id": 69360056, "state": 2, "submissionId": 22947606, "reward": 150008, "index": 0, "initialScore": 1222.6950858846642, "initialConfidence": 93.38718986372258, "updatedScore": 1245.365214408333, "updatedConfidence": 89.11762476346757, "teamId": 99999}, {"id": 69360057, "state": 2, "submissionId": 22584201, "reward": 0, "index": 1, "initialScore": 1148.827242473921, "initialConfidence": 35.0, "updatedScore": 1145.6429316234287, "updatedConfidence": 35.0, "teamId": 99999}]}