{"id": 27131836, "competitionId": 30067, "createTime": {"seconds": 1632427819}, "endTime": {"seconds": 1632427819}, "agents": [{"id": 69360272, "state": 2, "submissionId": 22711989, "reward": 0, "index": 0, "initialScore": 1158.592314973023, "initialConfidence": 35.0, "updatedScore": 1154.9318985301156, "updatedConfidence": 35.0, "teamId": 99999}, {"id": 69360273, "state": 2, "submissionId": 22947606, "reward": 340030, "index": 1, "initialScore": 1193.5738764177454, "initialConfidence": 98.7205348598179, "updatedScore": 1222.6950858846642, "updatedConfidence": 93.38718986372258, "teamId": 99999}]}