{"id": 27134232, "competitionId": 30067, "createTime": {"seconds": 1632433100}, "endTime": {"seconds": 1632433100}, "agents": [{"id": 69365064, "state": 2, "submissionId": 22947606, "reward": 20003, "index": 0, "initialScore": 1537.3772625471931, "initialConfidence": 50.8862349846597, "updatedScore": 1527.1458885068992, "updatedConfidence": 49.98555863075269, "teamId": 99999}, {"id": 69365065, "state": 2, "submissionId": 22760613, "reward": 300030, "index": 1, "initialScore": 1512.0911856007633, "initialConfidence": 35.0, "updatedScore": 1516.9314536428378, "updatedConfidence": 35.0, "teamId": 99999}]}