{"id": 27133690, "competitionId": 30067, "createTime": {"seconds": 1632431900}, "endTime": {"seconds": 1632431900}, "agents": [{"id": 69363980, "state": 2, "submissionId": 22947606, "reward": 390031, "index": 0, "initialScore": 1484.997843825214, "initialConfidence": 56.56294287097205, "updatedScore": 1495.041541086255, "updatedConfidence": 55.46332429460298, "teamId": 99999}, {"id": 69363981, "state": 2, "submissionId": 22943829, "reward": 3, "index": 1, "initialScore": 1450.1181888235972, "initialConfidence": 42.56514160162746, "updatedScore": 1444.4304743723906, "updatedConfidence": 42.09853254540252, "teamId": 99999}]}