{"id": 27134449, "competitionId": 30067, "createTime": {"seconds": 1632433754}, "endTime": {"seconds": 1632433754}, "agents": [{"id": 69365498, "state": 2, "submissionId": 22947606, "reward": 320032, "index": 0, "initialScore": 1540.5364972179752, "initialConfidence": 48.60269526260857, "updatedScore": 1531.8076069531255, "updatedConfidence": 47.83743129924527, "teamId": 99999}, {"id": 69365499, "state": 2, "submissionId": 22634492, "reward": 390017, "index": 1, "initialScore": 1535.080915823739, "initialConfidence": 35.0, "updatedScore": 1539.6075397541897, "updatedConfidence": 35.0, "teamId": 99999}]}