{"id": 27134667, "competitionId": 30067, "createTime": {"seconds": 1632434234}, "endTime": {"seconds": 1632434234}, "agents": [{"id": 69365934, "state": 2, "submissionId": 22937130, "reward": 40004, "index": 0, "initialScore": 1425.4019707325149, "initialConfidence": 38.91938039284393, "updatedScore": 1421.842264320779, "updatedConfidence": 38.60444571946114, "teamId": 99999}, {"id": 69365935, "state": 2, "submissionId": 22947606, "reward": 740055, "index": 1, "initialScore": 1531.8076069531255, "initialConfidence": 47.83743129924527, "updatedScore": 1537.1855729099889, "updatedConfidence": 47.25138222543397, "teamId": 99999}]}