{"id": 27139151, "competitionId": 30067, "createTime": {"seconds": 1632444075}, "endTime": {"seconds": 1632444075}, "agents": [{"id": 69374902, "state": 2, "submissionId": 22902113, "reward": 330051, "index": 0, "initialScore": 1638.445830536854, "initialConfidence": 35.0, "updatedScore": 1634.894503626082, "updatedConfidence": 35.0, "teamId": 99999}, {"id": 69374903, "state": 2, "submissionId": 22777661, "reward": 520044, "index": 1, "initialScore": 1698.5830281186134, "initialConfidence": 35.0, "updatedScore": 1702.1343550293857, "updatedConfidence": 35.0, "teamId": 99999}]}