{"id": 27134992, "competitionId": 30067, "createTime": {"seconds": 1632434954}, "endTime": {"seconds": 1632434954}, "agents": [{"id": 69366584, "state": 2, "submissionId": 22634406, "reward": 100009, "index": 0, "initialScore": 1542.1710642118758, "initialConfidence": 35.0, "updatedScore": 1546.64362810173, "updatedConfidence": 35.0, "teamId": 99999}, {"id": 69366585, "state": 2, "submissionId": 22947606, "reward": 40004, "index": 1, "initialScore": 1543.7379164198703, "initialConfidence": 46.62272512008333, "updatedScore": 1535.8016584960988, "updatedConfidence": 45.94905555582034, "teamId": 99999}]}