{"id": 27131512, "competitionId": 30067, "createTime": {"seconds": 1632427100}, "endTime": {"seconds": 1632427100}, "agents": [{"id": 69359624, "state": 2, "submissionId": 22947606, "reward": 290020, "index": 0, "initialScore": 1089.339529187958, "initialConfidence": 115.91513414437634, "updatedScore": 1143.3631053002623, "updatedConfidence": 106.48728808322502, "teamId": 99999}, {"id": 69359625, "state": 2, "submissionId": 22826860, "reward": 0, "index": 1, "initialScore": 1156.6428386672494, "initialConfidence": 35.0, "updatedScore": 1151.717465574473, "updatedConfidence": 35.0, "teamId": 99999}]}