{"id": 27135538, "competitionId": 30067, "createTime": {"seconds": 1632436154}, "endTime": {"seconds": 1632436154}, "agents": [{"id": 69367676, "state": 2, "submissionId": 22803974, "reward": 0, "index": 0, "initialScore": 1558.558700815646, "initialConfidence": 35.0, "updatedScore": 1554.06912455439, "updatedConfidence": 35.0, "teamId": 99999}, {"id": 69367677, "state": 2, "submissionId": 22947606, "reward": 280022, "index": 1, "initialScore": 1556.646514885967, "initialConfidence": 43.92330074554549, "updatedScore": 1563.7171626439922, "updatedConfidence": 43.3572821449642, "teamId": 99999}]}