{"id": 27138430, "competitionId": 30067, "createTime": {"seconds": 1632442396}, "endTime": {"seconds": 1632442396}, "agents": [{"id": 69373460, "state": 2, "submissionId": 22947606, "reward": 90009, "index": 0, "initialScore": 1565.1210892442043, "initialConfidence": 42.28138386890215, "updatedScore": 1556.312025521013, "updatedConfidence": 41.71261857959919, "teamId": 99999}, {"id": 69373461, "state": 2, "submissionId": 22649198, "reward": 140023, "index": 1, "initialScore": 1474.4218705546257, "initialConfidence": 35.0, "updatedScore": 1480.458123824525, "updatedConfidence": 35.0, "teamId": 99999}]}