{"id": 27135100, "competitionId": 30067, "createTime": {"seconds": 1632435194}, "endTime": {"seconds": 1632435194}, "agents": [{"id": 69366800, "state": 2, "submissionId": 22947606, "reward": 800079, "index": 0, "initialScore": 1541.3377546448346, "initialConfidence": 45.400911987554615, "updatedScore": 1548.9745263243326, "updatedConfidence": 44.77399352529541, "teamId": 99999}, {"id": 69366801, "state": 2, "submissionId": 22634406, "reward": 350038, "index": 1, "initialScore": 1546.64362810173, "initialConfidence": 35.0, "updatedScore": 1542.105082101633, "updatedConfidence": 35.0, "teamId": 99999}]}