{"id": 27136790, "competitionId": 30067, "createTime": {"seconds": 1632438796}, "endTime": {"seconds": 1632438796}, "agents": [{"id": 69370180, "state": 2, "submissionId": 22803895, "reward": 410040, "index": 0, "initialScore": 1589.7257537839782, "initialConfidence": 35.0, "updatedScore": 1593.89482508014, "updatedConfidence": 35.0, "teamId": 99999}, {"id": 69370181, "state": 2, "submissionId": 22947606, "reward": 130022, "index": 1, "initialScore": 1571.352111952706, "initialConfidence": 42.78859736383152, "updatedScore": 1565.1210892442043, "updatedConfidence": 42.28138386890215, "teamId": 99999}]}