{"id": 27146934, "competitionId": 30067, "createTime": {"seconds": 1632461218}, "endTime": {"seconds": 1632461218}, "agents": [{"id": 69390468, "state": 2, "submissionId": 22917589, "reward": 0, "index": 0, "initialScore": 1587.337441344546, "initialConfidence": 35.0, "updatedScore": 1581.5761836521997, "updatedConfidence": 35.0, "teamId": 99999}, {"id": 69390469, "state": 2, "submissionId": 22760613, "reward": 240024, "index": 1, "initialScore": 1514.0971876143374, "initialConfidence": 35.0, "updatedScore": 1519.8584453066835, "updatedConfidence": 35.0, "teamId": 99999}]}