{"id": 27148461, "competitionId": 30067, "createTime": {"seconds": 1632464577}, "endTime": {"seconds": 1632464577}, "agents": [{"id": 69393522, "state": 2, "submissionId": 22777661, "reward": 40004, "index": 0, "initialScore": 1708.9797555406892, "initialConfidence": 35.0, "updatedScore": 1703.2058535181502, "updatedConfidence": 35.0, "teamId": 99999}, {"id": 69393523, "state": 2, "submissionId": 22902113, "reward": 200029, "index": 1, "initialScore": 1635.0441165294994, "initialConfidence": 35.0, "updatedScore": 1640.8180185520384, "updatedConfidence": 35.0, "teamId": 99999}]}