{"id": 27142982, "competitionId": 30067, "createTime": {"seconds": 1632452578}, "endTime": {"seconds": 1632452578}, "agents": [{"id": 69382564, "state": 2, "submissionId": 22947606, "reward": 750067, "index": 0, "initialScore": 1560.3995728501188, "initialConfidence": 41.31970094226245, "updatedScore": 1565.7240165102064, "updatedConfidence": 40.88009150526768, "teamId": 99999}, {"id": 69382565, "state": 2, "submissionId": 22773016, "reward": 190019, "index": 1, "initialScore": 1519.1958067789285, "initialConfidence": 35.0, "updatedScore": 1515.3755198239862, "updatedConfidence": 35.0, "teamId": 99999}]}