{"id": 27158512, "competitionId": 30067, "createTime": {"seconds": 1632486417}, "endTime": {"seconds": 1632486417}, "agents": [{"id": 69413624, "state": 2, "submissionId": 22803895, "reward": 10001, "index": 0, "initialScore": 1592.2178392330604, "initialConfidence": 35.0, "updatedScore": 1589.4155750273771, "updatedConfidence": 35.0, "teamId": 99999}, {"id": 69413625, "state": 2, "submissionId": 22777661, "reward": 40004, "index": 1, "initialScore": 1705.982450447794, "initialConfidence": 35.0, "updatedScore": 1708.7847146534773, "updatedConfidence": 35.0, "teamId": 99999}]}