{"id": 27151111, "competitionId": 30067, "createTime": {"seconds": 1632470337}, "endTime": {"seconds": 1632470337}, "agents": [{"id": 69398822, "state": 2, "submissionId": 22724492, "reward": 40015, "index": 0, "initialScore": 1536.910235766567, "initialConfidence": 35.0, "updatedScore": 1532.9012487946652, "updatedConfidence": 35.0, "teamId": 99999}, {"id": 69398823, "state": 2, "submissionId": 22947606, "reward": 200020, "index": 1, "initialScore": 1566.068003421238, "initialConfidence": 40.06243914120283, "updatedScore": 1571.320591340385, "updatedConfidence": 39.65220845652053, "teamId": 99999}]}