{"id": 27153586, "competitionId": 30067, "createTime": {"seconds": 1632475619}, "endTime": {"seconds": 1632475619}, "agents": [{"id": 69403772, "state": 2, "submissionId": 22902113, "reward": 50011, "index": 0, "initialScore": 1640.8180185520384, "initialConfidence": 35.0, "updatedScore": 1634.907372647692, "updatedConfidence": 35.0, "teamId": 99999}, {"id": 69403773, "state": 2, "submissionId": 22934122, "reward": 150017, "index": 1, "initialScore": 1559.0190281893238, "initialConfidence": 36.25080236825474, "updatedScore": 1565.3596828585455, "updatedConfidence": 35.892815353228926, "teamId": 99999}]}