{"id": 27153587, "competitionId": 30067, "createTime": {"seconds": 1632475619}, "endTime": {"seconds": 1632475619}, "agents": [{"id": 69403774, "state": 2, "submissionId": 22777661, "reward": 200020, "index": 0, "initialScore": 1703.2058535181502, "initialConfidence": 35.0, "updatedScore": 1705.982450447794, "updatedConfidence": 35.0, "teamId": 99999}, {"id": 69403775, "state": 2, "submissionId": 22913959, "reward": 40004, "index": 1, "initialScore": 1587.4808542862693, "initialConfidence": 35.0, "updatedScore": 1584.7042573566257, "updatedConfidence": 35.0, "teamId": 99999}]}