{"id": 27152014, "competitionId": 30067, "createTime": {"seconds": 1632472256}, "endTime": {"seconds": 1632472256}, "agents": [{"id": 69400628, "state": 2, "submissionId": 22917589, "reward": 0, "index": 0, "initialScore": 1581.5761836521997, "initialConfidence": 35.0, "updatedScore": 1577.2509045896566, "updatedConfidence": 35.0, "teamId": 99999}, {"id": 69400629, "state": 2, "submissionId": 22803895, "reward": 250025, "index": 1, "initialScore": 1591.7657104441328, "initialConfidence": 35.0, "updatedScore": 1596.090989506676, "updatedConfidence": 35.0, "teamId": 99999}]}