{"id": 27158640, "competitionId": 30067, "createTime": {"seconds": 1632486659}, "endTime": {"seconds": 1632486659}, "agents": [{"id": 69413880, "state": 2, "submissionId": 22947606, "reward": 680068, "index": 0, "initialScore": 1565.3970859551227, "initialConfidence": 39.22886498394924, "updatedScore": 1570.297959015252, "updatedConfidence": 38.84816558187368, "teamId": 99999}, {"id": 69413881, "state": 2, "submissionId": 22724492, "reward": 640064, "index": 1, "initialScore": 1529.1128733765038, "initialConfidence": 35.0, "updatedScore": 1525.211674801467, "updatedConfidence": 35.0, "teamId": 99999}]}