{"id": 27168439, "competitionId": 30067, "createTime": {"seconds": 1632507808}, "endTime": {"seconds": 1632507808}, "agents": [{"id": 69433478, "state": 2, "submissionId": 22902113, "reward": 170035, "index": 0, "initialScore": 1645.4830977489958, "initialConfidence": 35.0, "updatedScore": 1641.8751534328449, "updatedConfidence": 35.0, "teamId": 99999}, {"id": 69433479, "state": 2, "submissionId": 22777661, "reward": 380025, "index": 1, "initialScore": 1701.805353215018, "initialConfidence": 35.0, "updatedScore": 1705.4132975311688, "updatedConfidence": 35.0, "teamId": 99999}]}