{"id": 27163292, "competitionId": 30067, "createTime": {"seconds": 1632496737}, "endTime": {"seconds": 1632496737}, "agents": [{"id": 69423184, "state": 2, "submissionId": 22777661, "reward": 30003, "index": 0, "initialScore": 1708.7847146534773, "initialConfidence": 35.0, "updatedScore": 1701.805353215018, "updatedConfidence": 35.0, "teamId": 99999}, {"id": 69423185, "state": 2, "submissionId": 22934122, "reward": 50005, "index": 1, "initialScore": 1570.7160168600342, "initialConfidence": 35.428821369588576, "updatedScore": 1577.8674488065365, "updatedConfidence": 35.07438405530565, "teamId": 99999}]}