{"id": 27167531, "competitionId": 30067, "createTime": {"seconds": 1632505889}, "endTime": {"seconds": 1632505889}, "agents": [{"id": 69431662, "state": 2, "submissionId": 22803974, "reward": 400041, "index": 0, "initialScore": 1580.7758485304237, "initialConfidence": 35.0, "updatedScore": 1585.3807145630817, "updatedConfidence": 35.0, "teamId": 99999}, {"id": 69431663, "state": 2, "submissionId": 22917589, "reward": 230021, "index": 1, "initialScore": 1587.631965579754, "initialConfidence": 35.0, "updatedScore": 1583.027099547096, "updatedConfidence": 35.0, "teamId": 99999}]}