{"id": 27178680, "competitionId": 30067, "createTime": {"seconds": 1632529649}, "endTime": {"seconds": 1632529649}, "agents": [{"id": 69453960, "state": 2, "submissionId": 22947606, "reward": 320021, "index": 0, "initialScore": 1585.1531883977052, "initialConfidence": 37.57734679901957, "updatedScore": 1589.0256303316555, "updatedConfidence": 37.26539790693734, "teamId": 99999}, {"id": 69453961, "state": 2, "submissionId": 22940018, "reward": 0, "index": 1, "initialScore": 1512.2264245838949, "initialConfidence": 35.384219225043644, "updatedScore": 1508.792807012728, "updatedConfidence": 35.12388688576879, "teamId": 99999}]}