{"id": 27173233, "competitionId": 30067, "createTime": {"seconds": 1632518129}, "endTime": {"seconds": 1632518129}, "agents": [{"id": 69443066, "state": 2, "submissionId": 22908160, "reward": 390039, "index": 0, "initialScore": 1567.8873622429203, "initialConfidence": 35.0, "updatedScore": 1565.387718611589, "updatedConfidence": 35.0, "teamId": 99999}, {"id": 69443067, "state": 2, "submissionId": 22777661, "reward": 420027, "index": 1, "initialScore": 1705.4132975311688, "initialConfidence": 35.0, "updatedScore": 1707.9129411625, "updatedConfidence": 35.0, "teamId": 99999}]}