{"id": 27177876, "competitionId": 30067, "createTime": {"seconds": 1632527969}, "endTime": {"seconds": 1632527969}, "agents": [{"id": 69452352, "state": 2, "submissionId": 22803974, "reward": 20004, "index": 0, "initialScore": 1580.1022765835726, "initialConfidence": 35.0, "updatedScore": 1577.4811483381136, "updatedConfidence": 35.0, "teamId": 99999}, {"id": 69452353, "state": 2, "submissionId": 22777661, "reward": 70007, "index": 1, "initialScore": 1707.9129411625, "initialConfidence": 35.0, "updatedScore": 1710.5340694079591, "updatedConfidence": 35.0, "teamId": 99999}]}