{"id": 27182935, "competitionId": 30067, "createTime": {"seconds": 1632538768}, "endTime": {"seconds": 1632538768}, "agents": [{"id": 69462470, "state": 2, "submissionId": 22902113, "reward": 260058, "index": 0, "initialScore": 1651.2069435725227, "initialConfidence": 35.0, "updatedScore": 1647.643630148252, "updatedConfidence": 35.0, "teamId": 99999}, {"id": 69462471, "state": 2, "submissionId": 22777661, "reward": 320023, "index": 1, "initialScore": 1710.5340694079591, "initialConfidence": 35.0, "updatedScore": 1714.09738283223, "updatedConfidence": 35.0, "teamId": 99999}]}