{"id": 27187660, "competitionId": 30067, "createTime": {"seconds": 1632548848}, "endTime": {"seconds": 1632548848}, "agents": [{"id": 69471920, "state": 2, "submissionId": 22917589, "reward": 290019, "index": 0, "initialScore": 1561.479428084525, "initialConfidence": 35.0, "updatedScore": 1565.4532209160184, "updatedConfidence": 35.0, "teamId": 99999}, {"id": 69471921, "state": 2, "submissionId": 22634492, "reward": 190006, "index": 1, "initialScore": 1529.1602179886324, "initialConfidence": 35.0, "updatedScore": 1525.186425157139, "updatedConfidence": 35.0, "teamId": 99999}]}