{"id": 27187659, "competitionId": 30067, "createTime": {"seconds": 1632548848}, "endTime": {"seconds": 1632548848}, "agents": [{"id": 69471918, "state": 2, "submissionId": 22902113, "reward": 40011, "index": 0, "initialScore": 1647.643630148252, "initialConfidence": 35.0, "updatedScore": 1644.1851031256033, "updatedConfidence": 35.0, "teamId": 99999}, {"id": 69471919, "state": 2, "submissionId": 22777661, "reward": 80008, "index": 1, "initialScore": 1714.09738283223, "initialConfidence": 35.0, "updatedScore": 1717.5559098548786, "updatedConfidence": 35.0, "teamId": 99999}]}