{"id": 27192720, "competitionId": 30067, "createTime": {"seconds": 1632559646}, "endTime": {"seconds": 1632559646}, "agents": [{"id": 69482040, "state": 2, "submissionId": 22777661, "reward": 220022, "index": 0, "initialScore": 1720.1999938572678, "initialConfidence": 35.0, "updatedScore": 1722.7670644285058, "updatedConfidence": 35.0, "teamId": 99999}, {"id": 69482041, "state": 2, "submissionId": 22803895, "reward": 110014, "index": 1, "initialScore": 1588.0971775660698, "initialConfidence": 35.0, "updatedScore": 1585.5301069948318, "updatedConfidence": 35.0, "teamId": 99999}]}