{"id": 27191958, "competitionId": 30067, "createTime": {"seconds": 1632557969}, "endTime": {"seconds": 1632557969}, "agents": [{"id": 69480516, "state": 2, "submissionId": 22724492, "reward": 190019, "index": 0, "initialScore": 1542.627448947498, "initialConfidence": 35.0, "updatedScore": 1548.0519837088411, "updatedConfidence": 35.0, "teamId": 99999}, {"id": 69480517, "state": 2, "submissionId": 22947606, "reward": 30004, "index": 1, "initialScore": 1597.5732824944264, "initialConfidence": 36.63003199919738, "updatedScore": 1591.631715423525, "updatedConfidence": 36.27259532650174, "teamId": 99999}]}