{"id": 27197648, "competitionId": 30067, "createTime": {"seconds": 1632569967}, "endTime": {"seconds": 1632569967}, "agents": [{"id": 69491896, "state": 2, "submissionId": 22947606, "reward": 380038, "index": 0, "initialScore": 1588.79185875408, "initialConfidence": 36.024263849029545, "updatedScore": 1583.3255654431962, "updatedConfidence": 35.69069039965623, "teamId": 99999}, {"id": 69491897, "state": 2, "submissionId": 22634406, "reward": 460036, "index": 1, "initialScore": 1549.0773591358932, "initialConfidence": 35.0, "updatedScore": 1554.2372294980269, "updatedConfidence": 35.0, "teamId": 99999}]}