{"id": 27192726, "competitionId": 30067, "createTime": {"seconds": 1632559647}, "endTime": {"seconds": 1632559647}, "agents": [{"id": 69482052, "state": 2, "submissionId": 22777661, "reward": 450042, "index": 0, "initialScore": 1717.5559098548786, "initialConfidence": 35.0, "updatedScore": 1720.1999938572678, "updatedConfidence": 35.0, "teamId": 99999}, {"id": 69482053, "state": 2, "submissionId": 22947606, "reward": 200030, "index": 1, "initialScore": 1591.631715423525, "initialConfidence": 36.27259532650174, "updatedScore": 1588.79185875408, "updatedConfidence": 36.024263849029545, "teamId": 99999}]}