{"id": 27197969, "competitionId": 30067, "createTime": {"seconds": 1632570688}, "endTime": {"seconds": 1632570688}, "agents": [{"id": 69492538, "state": 2, "submissionId": 22902113, "reward": 20004, "index": 0, "initialScore": 1647.302298824737, "initialConfidence": 35.0, "updatedScore": 1643.9740945048766, "updatedConfidence": 35.0, "teamId": 99999}, {"id": 69492539, "state": 2, "submissionId": 22777661, "reward": 90009, "index": 1, "initialScore": 1722.7670644285058, "initialConfidence": 35.0, "updatedScore": 1726.0952687483662, "updatedConfidence": 35.0, "teamId": 99999}]}