{"id": 27192727, "competitionId": 30067, "createTime": {"seconds": 1632559647}, "endTime": {"seconds": 1632559647}, "agents": [{"id": 69482054, "state": 2, "submissionId": 22917589, "reward": 10003, "index": 0, "initialScore": 1565.4532209160184, "initialConfidence": 35.0, "updatedScore": 1569.7176324341965, "updatedConfidence": 35.0, "teamId": 99999}, {"id": 69482055, "state": 2, "submissionId": 22724492, "reward": 0, "index": 1, "initialScore": 1551.4901857027617, "initialConfidence": 35.0, "updatedScore": 1547.2257741845835, "updatedConfidence": 35.0, "teamId": 99999}]}