{"id": 27202662, "competitionId": 30067, "createTime": {"seconds": 1632580526}, "endTime": {"seconds": 1632580526}, "agents": [{"id": 69501924, "state": 2, "submissionId": 22724492, "reward": 130042, "index": 0, "initialScore": 1543.121033148003, "initialConfidence": 35.0, "updatedScore": 1539.2708949095088, "updatedConfidence": 35.0, "teamId": 99999}, {"id": 69501925, "state": 2, "submissionId": 22947606, "reward": 310027, "index": 1, "initialScore": 1583.3255654431962, "initialConfidence": 35.69069039965623, "updatedScore": 1587.329160389595, "updatedConfidence": 35.40474429243665, "teamId": 99999}]}