{"id": 27208178, "competitionId": 30067, "createTime": {"seconds": 1632592077}, "endTime": {"seconds": 1632592077}, "agents": [{"id": 69512956, "state": 2, "submissionId": 22917589, "reward": 260016, "index": 0, "initialScore": 1570.5912857948117, "initialConfidence": 35.0, "updatedScore": 1567.317430059841, "updatedConfidence": 35.0, "teamId": 99999}, {"id": 69512957, "state": 2, "submissionId": 22902113, "reward": 330037, "index": 1, "initialScore": 1649.8649730285354, "initialConfidence": 35.0, "updatedScore": 1653.138828763506, "updatedConfidence": 35.0, "teamId": 99999}]}