{"id": 27203121, "competitionId": 30067, "createTime": {"seconds": 1632581487}, "endTime": {"seconds": 1632581487}, "agents": [{"id": 69502842, "state": 2, "submissionId": 22777661, "reward": 170012, "index": 0, "initialScore": 1720.171750797362, "initialConfidence": 35.0, "updatedScore": 1723.5747269656767, "updatedConfidence": 35.0, "teamId": 99999}, {"id": 69502843, "state": 2, "submissionId": 22902113, "reward": 80014, "index": 1, "initialScore": 1649.8976124558808, "initialConfidence": 35.0, "updatedScore": 1646.494636287566, "updatedConfidence": 35.0, "teamId": 99999}]}