{"id": 27208189, "competitionId": 30067, "createTime": {"seconds": 1632592078}, "endTime": {"seconds": 1632592078}, "agents": [{"id": 69512978, "state": 2, "submissionId": 22902113, "reward": 210024, "index": 0, "initialScore": 1646.494636287566, "initialConfidence": 35.0, "updatedScore": 1649.8649730285354, "updatedConfidence": 35.0, "teamId": 99999}, {"id": 69512979, "state": 2, "submissionId": 22917589, "reward": 60006, "index": 1, "initialScore": 1573.961622535781, "initialConfidence": 35.0, "updatedScore": 1570.5912857948117, "updatedConfidence": 35.0, "teamId": 99999}]}