{"id": 27212548, "competitionId": 30067, "createTime": {"seconds": 1632601198}, "endTime": {"seconds": 1632601198}, "agents": [{"id": 69521696, "state": 2, "submissionId": 22634406, "reward": 0, "index": 0, "initialScore": 1552.6763292142157, "initialConfidence": 35.0, "updatedScore": 1548.6528593714152, "updatedConfidence": 35.0, "teamId": 99999}, {"id": 69521697, "state": 2, "submissionId": 22947606, "reward": 130032, "index": 1, "initialScore": 1581.8023727735642, "initialConfidence": 35.08214946428723, "updatedScore": 1585.844751975529, "updatedConfidence": 35.0, "teamId": 99999}]}