{"id": 27213131, "competitionId": 30067, "createTime": {"seconds": 1632602398}, "endTime": {"seconds": 1632602398}, "agents": [{"id": 69522862, "state": 2, "submissionId": 22902113, "reward": 160024, "index": 0, "initialScore": 1647.192845731001, "initialConfidence": 35.0, "updatedScore": 1652.885086679706, "updatedConfidence": 35.0, "teamId": 99999}, {"id": 69522863, "state": 2, "submissionId": 22777661, "reward": 40001, "index": 1, "initialScore": 1716.6272938791822, "initialConfidence": 35.0, "updatedScore": 1710.935052930477, "updatedConfidence": 35.0, "teamId": 99999}]}