{"id": 27219021, "competitionId": 30067, "createTime": {"seconds": 1632614638}, "endTime": {"seconds": 1632614638}, "agents": [{"id": 69534642, "state": 2, "submissionId": 22803974, "reward": 100026, "index": 0, "initialScore": 1600.7383068290908, "initialConfidence": 35.0, "updatedScore": 1597.9229330430792, "updatedConfidence": 35.0, "teamId": 99999}, {"id": 69534643, "state": 2, "submissionId": 22777661, "reward": 120006, "index": 1, "initialScore": 1713.5052976469676, "initialConfidence": 35.0, "updatedScore": 1716.3206714329792, "updatedConfidence": 35.0, "teamId": 99999}]}