{"id": 27213737, "competitionId": 30067, "createTime": {"seconds": 1632603599}, "endTime": {"seconds": 1632603599}, "agents": [{"id": 69524074, "state": 2, "submissionId": 22908160, "reward": 70007, "index": 0, "initialScore": 1579.0856079227224, "initialConfidence": 35.0, "updatedScore": 1576.5153632062318, "updatedConfidence": 35.0, "teamId": 99999}, {"id": 69524075, "state": 2, "submissionId": 22777661, "reward": 80008, "index": 1, "initialScore": 1710.935052930477, "initialConfidence": 35.0, "updatedScore": 1713.5052976469676, "updatedConfidence": 35.0, "teamId": 99999}]}