{"id": 27228746, "competitionId": 30067, "createTime": {"seconds": 1632634794}, "endTime": {"seconds": 1632634794}, "agents": [{"id": 69554092, "state": 2, "submissionId": 22902113, "reward": 610075, "index": 0, "initialScore": 1646.7010952959483, "initialConfidence": 35.0, "updatedScore": 1652.444932889087, "updatedConfidence": 35.0, "teamId": 99999}, {"id": 69554093, "state": 2, "submissionId": 22777661, "reward": 170010, "index": 1, "initialScore": 1718.9823765070148, "initialConfidence": 35.0, "updatedScore": 1713.238538913876, "updatedConfidence": 35.0, "teamId": 99999}]}