{"id": 27223421, "competitionId": 30067, "createTime": {"seconds": 1632623757}, "endTime": {"seconds": 1632623757}, "agents": [{"id": 69543442, "state": 2, "submissionId": 22917589, "reward": 0, "index": 0, "initialScore": 1579.0055031074687, "initialConfidence": 35.0, "updatedScore": 1574.6333085851188, "updatedConfidence": 35.0, "teamId": 99999}, {"id": 69543443, "state": 2, "submissionId": 22803895, "reward": 120015, "index": 1, "initialScore": 1586.302280173899, "initialConfidence": 35.0, "updatedScore": 1590.6744746962488, "updatedConfidence": 35.0, "teamId": 99999}]}