{"id": 27228228, "competitionId": 30067, "createTime": {"seconds": 1632633832}, "endTime": {"seconds": 1632633832}, "agents": [{"id": 69553056, "state": 2, "submissionId": 22947606, "reward": 10002, "index": 0, "initialScore": 1589.4224086245335, "initialConfidence": 35.0, "updatedScore": 1585.8613162493823, "updatedConfidence": 35.0, "teamId": 99999}, {"id": 69553057, "state": 2, "submissionId": 22902113, "reward": 220035, "index": 1, "initialScore": 1648.8995388229011, "initialConfidence": 35.0, "updatedScore": 1652.4606311980522, "updatedConfidence": 35.0, "teamId": 99999}]}