{"id": 27228235, "competitionId": 30067, "createTime": {"seconds": 1632633832}, "endTime": {"seconds": 1632633832}, "agents": [{"id": 69553070, "state": 2, "submissionId": 22902113, "reward": 90014, "index": 0, "initialScore": 1654.5373737467023, "initialConfidence": 35.0, "updatedScore": 1648.8995388229011, "updatedConfidence": 35.0, "teamId": 99999}, {"id": 69553071, "state": 2, "submissionId": 22931784, "reward": 100010, "index": 1, "initialScore": 1588.1153565589325, "initialConfidence": 35.0, "updatedScore": 1593.7531914827337, "updatedConfidence": 35.0, "teamId": 99999}]}