{"id": 27228230, "competitionId": 30067, "createTime": {"seconds": 1632633832}, "endTime": {"seconds": 1632633832}, "agents": [{"id": 69553060, "state": 2, "submissionId": 22917589, "reward": 250022, "index": 0, "initialScore": 1579.3151130449571, "initialConfidence": 35.0, "updatedScore": 1585.074648947061, "updatedConfidence": 35.0, "teamId": 99999}, {"id": 69553061, "state": 2, "submissionId": 22902113, "reward": 90013, "index": 1, "initialScore": 1652.4606311980522, "initialConfidence": 35.0, "updatedScore": 1646.7010952959483, "updatedConfidence": 35.0, "teamId": 99999}]}