{"id": 27238689, "competitionId": 30067, "createTime": {"seconds": 1632655196}, "endTime": {"seconds": 1632655196}, "agents": [{"id": 69573978, "state": 2, "submissionId": 22773016, "reward": 140015, "index": 0, "initialScore": 1505.8300951816489, "initialConfidence": 35.0, "updatedScore": 1502.6591463882005, "updatedConfidence": 35.0, "teamId": 99999}, {"id": 69573979, "state": 2, "submissionId": 22917589, "reward": 550044, "index": 1, "initialScore": 1592.4028271854188, "initialConfidence": 35.0, "updatedScore": 1595.5737759788674, "updatedConfidence": 35.0, "teamId": 99999}]}