{"id": 27233144, "competitionId": 30067, "createTime": {"seconds": 1632643917}, "endTime": {"seconds": 1632643917}, "agents": [{"id": 69562888, "state": 2, "submissionId": 22724492, "reward": 270028, "index": 0, "initialScore": 1554.8730405343713, "initialConfidence": 35.0, "updatedScore": 1559.8862600638215, "updatedConfidence": 35.0, "teamId": 99999}, {"id": 69562889, "state": 2, "submissionId": 22947606, "reward": 50012, "index": 1, "initialScore": 1585.8613162493823, "initialConfidence": 35.0, "updatedScore": 1580.848096719932, "updatedConfidence": 35.0, "teamId": 99999}]}