{"id": 27233762, "competitionId": 30067, "createTime": {"seconds": 1632645120}, "endTime": {"seconds": 1632645120}, "agents": [{"id": 69564124, "state": 2, "submissionId": 22777661, "reward": 320027, "index": 0, "initialScore": 1713.238538913876, "initialConfidence": 35.0, "updatedScore": 1716.1422312762606, "updatedConfidence": 35.0, "teamId": 99999}, {"id": 69564125, "state": 2, "submissionId": 22917746, "reward": 220013, "index": 1, "initialScore": 1607.1299572957903, "initialConfidence": 35.0, "updatedScore": 1604.226264933406, "updatedConfidence": 35.0, "teamId": 99999}]}