{"id": 27239294, "competitionId": 30067, "createTime": {"seconds": 1632656397}, "endTime": {"seconds": 1632656397}, "agents": [{"id": 69575188, "state": 2, "submissionId": 22777661, "reward": 70005, "index": 0, "initialScore": 1716.1422312762606, "initialConfidence": 35.0, "updatedScore": 1719.0153570610237, "updatedConfidence": 35.0, "teamId": 99999}, {"id": 69575189, "state": 2, "submissionId": 22917746, "reward": 10004, "index": 1, "initialScore": 1607.7413359116067, "initialConfidence": 35.0, "updatedScore": 1604.868210126844, "updatedConfidence": 35.0, "teamId": 99999}]}