{"id": 27244824, "competitionId": 30067, "createTime": {"seconds": 1632667708}, "endTime": {"seconds": 1632667708}, "agents": [{"id": 69586248, "state": 2, "submissionId": 22902113, "reward": 0, "index": 0, "initialScore": 1662.6812365644992, "initialConfidence": 35.0, "updatedScore": 1659.073468997795, "updatedConfidence": 35.0, "teamId": 99999}, {"id": 69586249, "state": 2, "submissionId": 22777661, "reward": 90006, "index": 1, "initialScore": 1719.0153570610237, "initialConfidence": 35.0, "updatedScore": 1722.6231246277273, "updatedConfidence": 35.0, "teamId": 99999}]}