{"id": 27249725, "competitionId": 30067, "createTime": {"seconds": 1632678181}, "endTime": {"seconds": 1632678181}, "agents": [{"id": 69596050, "state": 2, "submissionId": 22947606, "reward": 20004, "index": 0, "initialScore": 1588.932133706286, "initialConfidence": 35.0, "updatedScore": 1584.5471841925976, "updatedConfidence": 35.0, "teamId": 99999}, {"id": 69596051, "state": 2, "submissionId": 22803895, "reward": 310031, "index": 1, "initialScore": 1595.4447885548072, "initialConfidence": 35.0, "updatedScore": 1599.8297380684955, "updatedConfidence": 35.0, "teamId": 99999}]}