{"id": 27250440, "competitionId": 30067, "createTime": {"seconds": 1632679407}, "endTime": {"seconds": 1632679407}, "agents": [{"id": 69597480, "state": 2, "submissionId": 22777661, "reward": 100010, "index": 0, "initialScore": 1722.6231246277273, "initialConfidence": 35.0, "updatedScore": 1714.7223880989286, "updatedConfidence": 35.0, "teamId": 99999}, {"id": 69597481, "state": 2, "submissionId": 22795785, "reward": 250025, "index": 1, "initialScore": 1538.3283566824666, "initialConfidence": 35.0, "updatedScore": 1546.2290932112653, "updatedConfidence": 35.0, "teamId": 99999}]}