{"id": 27255138, "competitionId": 30067, "createTime": {"seconds": 1632689006}, "endTime": {"seconds": 1632689006}, "agents": [{"id": 69606876, "state": 2, "submissionId": 22947606, "reward": 310046, "index": 0, "initialScore": 1589.295272006747, "initialConfidence": 35.0, "updatedScore": 1592.6197184569935, "updatedConfidence": 35.0, "teamId": 99999}, {"id": 69606877, "state": 2, "submissionId": 22760613, "reward": 200020, "index": 1, "initialScore": 1513.5681347830118, "initialConfidence": 35.0, "updatedScore": 1510.243688332765, "updatedConfidence": 35.0, "teamId": 99999}]}