{"id": 27260378, "competitionId": 30067, "createTime": {"seconds": 1632699565}, "endTime": {"seconds": 1632699565}, "agents": [{"id": 69617356, "state": 2, "submissionId": 22634406, "reward": 70007, "index": 0, "initialScore": 1536.472335133088, "initialConfidence": 35.0, "updatedScore": 1532.794373624501, "updatedConfidence": 35.0, "teamId": 99999}, {"id": 69617357, "state": 2, "submissionId": 22947606, "reward": 260025, "index": 1, "initialScore": 1588.1158558111022, "initialConfidence": 35.0, "updatedScore": 1591.7938173196892, "updatedConfidence": 35.0, "teamId": 99999}]}