{"id": 27265777, "competitionId": 30067, "createTime": {"seconds": 1632710366}, "endTime": {"seconds": 1632710366}, "agents": [{"id": 69628154, "state": 2, "submissionId": 22947606, "reward": 10008, "index": 0, "initialScore": 1591.7938173196892, "initialConfidence": 35.0, "updatedScore": 1587.3538001567945, "updatedConfidence": 35.0, "teamId": 99999}, {"id": 69628155, "state": 2, "submissionId": 22803974, "reward": 100010, "index": 1, "initialScore": 1594.9324154009762, "initialConfidence": 35.0, "updatedScore": 1599.3724325638711, "updatedConfidence": 35.0, "teamId": 99999}]}