{"id": 27271398, "competitionId": 30067, "createTime": {"seconds": 1632721648}, "endTime": {"seconds": 1632721648}, "agents": [{"id": 69639396, "state": 2, "submissionId": 22917589, "reward": 160013, "index": 0, "initialScore": 1609.5501329782849, "initialConfidence": 35.0, "updatedScore": 1612.6855157053556, "updatedConfidence": 35.0, "teamId": 99999}, {"id": 69639397, "state": 2, "submissionId": 22634406, "reward": 0, "index": 1, "initialScore": 1520.4272473655308, "initialConfidence": 35.0, "updatedScore": 1517.29186463846, "updatedConfidence": 35.0, "teamId": 99999}]}