{"id": 27271403, "competitionId": 30067, "createTime": {"seconds": 1632721648}, "endTime": {"seconds": 1632721648}, "agents": [{"id": 69639406, "state": 2, "submissionId": 22777661, "reward": 110012, "index": 0, "initialScore": 1719.0144348379686, "initialConfidence": 35.0, "updatedScore": 1721.9151818245336, "updatedConfidence": 35.0, "teamId": 99999}, {"id": 69639407, "state": 2, "submissionId": 22917589, "reward": 40005, "index": 1, "initialScore": 1612.6855157053556, "initialConfidence": 35.0, "updatedScore": 1609.7847687187905, "updatedConfidence": 35.0, "teamId": 99999}]}