{"id": 27276490, "competitionId": 30067, "createTime": {"seconds": 1632731727}, "endTime": {"seconds": 1632731727}, "agents": [{"id": 69649580, "state": 2, "submissionId": 22632517, "reward": 240029, "index": 0, "initialScore": 1504.8169433603946, "initialConfidence": 35.0, "updatedScore": 1501.8979770415144, "updatedConfidence": 35.0, "teamId": 99999}, {"id": 69649581, "state": 2, "submissionId": 22917589, "reward": 1170081, "index": 1, "initialScore": 1609.7847687187905, "initialConfidence": 35.0, "updatedScore": 1612.7037350376706, "updatedConfidence": 35.0, "teamId": 99999}]}