{"id": 27288311, "competitionId": 30067, "createTime": {"seconds": 1632755345}, "endTime": {"seconds": 1632755345}, "agents": [{"id": 69673222, "state": 2, "submissionId": 22959991, "reward": 270027, "index": 0, "initialScore": 1403.1522178068426, "initialConfidence": 35.0, "updatedScore": 1400.623572436543, "updatedConfidence": 35.0, "teamId": 99999}, {"id": 69673223, "state": 2, "submissionId": 23003907, "reward": 570057, "index": 1, "initialScore": 1537.3231193580607, "initialConfidence": 50.9682986408458, "updatedScore": 1542.6854317473517, "updatedConfidence": 50.306663100255626, "teamId": 99999}]}