{"id": 27288689, "competitionId": 30067, "createTime": {"seconds": 1632756065}, "endTime": {"seconds": 1632756065}, "agents": [{"id": 69673978, "state": 2, "submissionId": 23003907, "reward": 670067, "index": 0, "initialScore": 1555.9670689564896, "initialConfidence": 48.8835977009733, "updatedScore": 1561.8977947433812, "updatedConfidence": 48.23829991419157, "teamId": 99999}, {"id": 69673979, "state": 2, "submissionId": 22946023, "reward": 0, "index": 1, "initialScore": 1461.5164774634893, "initialConfidence": 35.0, "updatedScore": 1458.4761692656675, "updatedConfidence": 35.0, "teamId": 99999}]}