{"id": 27288566, "competitionId": 30067, "createTime": {"seconds": 1632755825}, "endTime": {"seconds": 1632755825}, "agents": [{"id": 69673732, "state": 2, "submissionId": 23003907, "reward": 0, "index": 0, "initialScore": 1561.8977947433812, "initialConfidence": 48.23829991419157, "updatedScore": 1552.068687121017, "updatedConfidence": 47.44732725448475, "teamId": 99999}, {"id": 69673733, "state": 2, "submissionId": 22634492, "reward": 40008, "index": 1, "initialScore": 1517.6796652885714, "initialConfidence": 35.0, "updatedScore": 1522.8541390887992, "updatedConfidence": 35.0, "teamId": 99999}]}