{"id": 27288938, "competitionId": 30067, "createTime": {"seconds": 1632756545}, "endTime": {"seconds": 1632756545}, "agents": [{"id": 69674476, "state": 2, "submissionId": 22973169, "reward": 30003, "index": 0, "initialScore": 1480.9126295153576, "initialConfidence": 35.01280208579254, "updatedScore": 1477.640068681576, "updatedConfidence": 35.0, "teamId": 99999}, {"id": 69674477, "state": 2, "submissionId": 23003907, "reward": 790070, "index": 1, "initialScore": 1558.9023035166808, "initialConfidence": 46.79466268042071, "updatedScore": 1564.7478703827696, "updatedConfidence": 46.20589563205341, "teamId": 99999}]}