{"id": 27287248, "competitionId": 30067, "createTime": {"seconds": 1632753188}, "endTime": {"seconds": 1632753188}, "agents": [{"id": 69671096, "state": 2, "submissionId": 22777661, "reward": 300028, "index": 0, "initialScore": 1727.5832666551323, "initialConfidence": 35.0, "updatedScore": 1730.9024240015929, "updatedConfidence": 35.0, "teamId": 99999}, {"id": 69671097, "state": 2, "submissionId": 22902113, "reward": 110016, "index": 1, "initialScore": 1651.4866007330752, "initialConfidence": 35.0, "updatedScore": 1648.1674433866149, "updatedConfidence": 35.0, "teamId": 99999}]}