{"id": 27285248, "competitionId": 30067, "createTime": {"seconds": 1632749244}, "endTime": {"seconds": 1632749244}, "agents": [{"id": 69667096, "state": 2, "submissionId": 23003907, "reward": 350035, "index": 0, "initialScore": 1127.979456116237, "initialConfidence": 115.35561706189355, "updatedScore": 1172.6955780455592, "updatedConfidence": 106.72470266641125, "teamId": 99999}, {"id": 69667097, "state": 2, "submissionId": 22754291, "reward": 0, "index": 1, "initialScore": 1136.061110285851, "initialConfidence": 35.0, "updatedScore": 1131.944661400591, "updatedConfidence": 35.0, "teamId": 99999}]}