{"id": 27281900, "competitionId": 30067, "createTime": {"seconds": 1632742526}, "endTime": {"seconds": 1632742526}, "agents": [{"id": 69660400, "state": 2, "submissionId": 22902113, "reward": 890103, "index": 0, "initialScore": 1646.0894998202284, "initialConfidence": 35.0, "updatedScore": 1649.8378473687646, "updatedConfidence": 35.0, "teamId": 99999}, {"id": 69660401, "state": 2, "submissionId": 22934122, "reward": 30007, "index": 1, "initialScore": 1599.1072637082318, "initialConfidence": 35.0, "updatedScore": 1595.3589161596956, "updatedConfidence": 35.0, "teamId": 99999}]}