{"id": 27281311, "competitionId": 30067, "createTime": {"seconds": 1632741326}, "endTime": {"seconds": 1632741326}, "agents": [{"id": 69659222, "state": 2, "submissionId": 22803895, "reward": 50005, "index": 0, "initialScore": 1584.0809527611166, "initialConfidence": 35.0, "updatedScore": 1580.0493773427197, "updatedConfidence": 35.0, "teamId": 99999}, {"id": 69659223, "state": 2, "submissionId": 22917589, "reward": 590059, "index": 1, "initialScore": 1612.7037350376706, "initialConfidence": 35.0, "updatedScore": 1616.7353104560675, "updatedConfidence": 35.0, "teamId": 99999}]}