{"id": 27286715, "competitionId": 30067, "createTime": {"seconds": 1632752225}, "endTime": {"seconds": 1632752225}, "agents": [{"id": 69670030, "state": 2, "submissionId": 22636823, "reward": 220026, "index": 0, "initialScore": 1449.6493817579176, "initialConfidence": 35.0, "updatedScore": 1444.9249916313652, "updatedConfidence": 35.0, "teamId": 99999}, {"id": 69670031, "state": 2, "submissionId": 23003907, "reward": 1430143, "index": 1, "initialScore": 1426.9206941241462, "initialConfidence": 63.31202146350995, "updatedScore": 1442.3797164652906, "updatedConfidence": 61.625536304563774, "teamId": 99999}]}