{"id": 27281910, "competitionId": 30067, "createTime": {"seconds": 1632742526}, "endTime": {"seconds": 1632742526}, "agents": [{"id": 69660420, "state": 2, "submissionId": 22917746, "reward": 0, "index": 0, "initialScore": 1613.2992763159004, "initialConfidence": 35.0, "updatedScore": 1610.4665637654614, "updatedConfidence": 35.0, "teamId": 99999}, {"id": 69660421, "state": 2, "submissionId": 22777661, "reward": 60006, "index": 1, "initialScore": 1724.7505541046935, "initialConfidence": 35.0, "updatedScore": 1727.5832666551323, "updatedConfidence": 35.0, "teamId": 99999}]}