{"id": 27286673, "competitionId": 30067, "createTime": {"seconds": 1632751995}, "endTime": {"seconds": 1632751995}, "agents": [{"id": 69669946, "state": 2, "submissionId": 22917589, "reward": 0, "index": 0, "initialScore": 1616.7353104560675, "initialConfidence": 35.0, "updatedScore": 1610.285042350837, "updatedConfidence": 35.0, "teamId": 99999}, {"id": 69669947, "state": 2, "submissionId": 22632517, "reward": 50009, "index": 1, "initialScore": 1506.3781788226404, "initialConfidence": 35.0, "updatedScore": 1512.8284469278708, "updatedConfidence": 35.0, "teamId": 99999}]}