{"id": 27287446, "competitionId": 30067, "createTime": {"seconds": 1632753665}, "endTime": {"seconds": 1632753665}, "agents": [{"id": 69671492, "state": 2, "submissionId": 22943829, "reward": 90010, "index": 0, "initialScore": 1488.9909702554546, "initialConfidence": 35.0, "updatedScore": 1484.5037397559186, "updatedConfidence": 35.0, "teamId": 99999}, {"id": 69671493, "state": 2, "submissionId": 23003907, "reward": 750076, "index": 1, "initialScore": 1483.5171479547143, "initialConfidence": 56.646800909019326, "updatedScore": 1495.2713477094728, "updatedConfidence": 55.45280282164152, "teamId": 99999}]}