{"id": 27288064, "competitionId": 30067, "createTime": {"seconds": 1632754865}, "endTime": {"seconds": 1632754865}, "agents": [{"id": 69672728, "state": 2, "submissionId": 22927942, "reward": 10001, "index": 0, "initialScore": 1376.5069826414103, "initialConfidence": 35.0, "updatedScore": 1374.2351656713704, "updatedConfidence": 35.0, "teamId": 99999}, {"id": 69672729, "state": 2, "submissionId": 23003907, "reward": 230023, "index": 1, "initialScore": 1532.382388207889, "initialConfidence": 51.61512529160941, "updatedScore": 1537.3231193580607, "updatedConfidence": 50.9682986408458, "teamId": 99999}]}