{"id": 27287567, "competitionId": 30067, "createTime": {"seconds": 1632753905}, "endTime": {"seconds": 1632753905}, "agents": [{"id": 69671734, "state": 2, "submissionId": 22604738, "reward": 0, "index": 0, "initialScore": 1498.9522014442457, "initialConfidence": 35.0, "updatedScore": 1494.4873448439057, "updatedConfidence": 35.0, "teamId": 99999}, {"id": 69671735, "state": 2, "submissionId": 23003907, "reward": 260025, "index": 1, "initialScore": 1495.2713477094728, "initialConfidence": 55.45280282164152, "updatedScore": 1506.4790975957555, "updatedConfidence": 54.33321573788828, "teamId": 99999}]}