{"id": 27281905, "competitionId": 30067, "createTime": {"seconds": 1632742526}, "endTime": {"seconds": 1632742526}, "agents": [{"id": 69660410, "state": 2, "submissionId": 22724492, "reward": 40005, "index": 0, "initialScore": 1587.5374205364765, "initialConfidence": 35.0, "updatedScore": 1583.098296009047, "updatedConfidence": 35.0, "teamId": 99999}, {"id": 69660411, "state": 2, "submissionId": 22947606, "reward": 120014, "index": 1, "initialScore": 1590.7305669382347, "initialConfidence": 35.0, "updatedScore": 1595.169691465664, "updatedConfidence": 35.0, "teamId": 99999}]}