{"id": 27284516, "competitionId": 30067, "createTime": {"seconds": 1632747804}, "endTime": {"seconds": 1632747804}, "agents": [{"id": 69665632, "state": 2, "submissionId": 23003907, "reward": 910091, "index": 0, "initialScore": 600.0, "initialConfidence": 200.0, "updatedScore": 701.9900564113965, "updatedConfidence": 185.0, "teamId": 99999}, {"id": 69665633, "state": 2, "submissionId": 22730083, "reward": 0, "index": 1, "initialScore": 576.6442779699222, "initialConfidence": 35.0, "updatedScore": 573.5208324923232, "updatedConfidence": 35.0, "teamId": 99999}]}