{"id": 27287942, "competitionId": 30067, "createTime": {"seconds": 1632754625}, "endTime": {"seconds": 1632754625}, "agents": [{"id": 69672484, "state": 2, "submissionId": 23003907, "reward": 450042, "index": 0, "initialScore": 1512.4110769612091, "initialConfidence": 53.55399234266657, "updatedScore": 1523.674462771142, "updatedConfidence": 52.510509176319, "teamId": 99999}, {"id": 69672485, "state": 2, "submissionId": 22760613, "reward": 230023, "index": 1, "initialScore": 1536.8188953730048, "initialConfidence": 35.0, "updatedScore": 1532.008050592405, "updatedConfidence": 35.0, "teamId": 99999}]}