{"id": 27285857, "competitionId": 30067, "createTime": {"seconds": 1632750445}, "endTime": {"seconds": 1632750445}, "agents": [{"id": 69668314, "state": 2, "submissionId": 23003907, "reward": 1340133, "index": 0, "initialScore": 1293.9052356890377, "initialConfidence": 79.98534323397624, "updatedScore": 1324.5297467562084, "updatedConfidence": 76.39403087164112, "teamId": 99999}, {"id": 69668315, "state": 2, "submissionId": 22818316, "reward": 10001, "index": 1, "initialScore": 1394.709873168126, "initialConfidence": 35.0, "updatedScore": 1388.8460019087745, "updatedConfidence": 35.0, "teamId": 99999}]}