{"id": 27287688, "competitionId": 30067, "createTime": {"seconds": 1632754146}, "endTime": {"seconds": 1632754146}, "agents": [{"id": 69671976, "state": 2, "submissionId": 23003907, "reward": 690062, "index": 0, "initialScore": 1506.4790975957555, "initialConfidence": 54.33321573788828, "updatedScore": 1512.4110769612091, "updatedConfidence": 53.55399234266657, "teamId": 99999}, {"id": 69671977, "state": 2, "submissionId": 23001430, "reward": 30003, "index": 1, "initialScore": 1367.410098392681, "initialConfidence": 42.83932537150803, "updatedScore": 1363.7224113426944, "updatedConfidence": 42.45843220883484, "teamId": 99999}]}