{"id": 27293118, "competitionId": 30067, "createTime": {"seconds": 1632764819}, "endTime": {"seconds": 1632764819}, "agents": [{"id": 69682836, "state": 2, "submissionId": 22777661, "reward": 150014, "index": 0, "initialScore": 1730.9024240015929, "initialConfidence": 35.0, "updatedScore": 1734.055290551688, "updatedConfidence": 35.0, "teamId": 99999}, {"id": 69682837, "state": 2, "submissionId": 22902113, "reward": 100013, "index": 1, "initialScore": 1643.0349696784958, "initialConfidence": 35.0, "updatedScore": 1639.8821031284006, "updatedConfidence": 35.0, "teamId": 99999}]}