{"id": 27298526, "competitionId": 30067, "createTime": {"seconds": 1632775375}, "endTime": {"seconds": 1632775375}, "agents": [{"id": 69693652, "state": 2, "submissionId": 22902113, "reward": 250025, "index": 0, "initialScore": 1643.9791290255885, "initialConfidence": 35.0, "updatedScore": 1650.0494015241577, "updatedConfidence": 35.0, "teamId": 99999}, {"id": 69693653, "state": 2, "submissionId": 22777661, "reward": 100009, "index": 1, "initialScore": 1734.055290551688, "initialConfidence": 35.0, "updatedScore": 1727.985018053119, "updatedConfidence": 35.0, "teamId": 99999}]}