{"id": 27293112, "competitionId": 30067, "createTime": {"seconds": 1632764819}, "endTime": {"seconds": 1632764819}, "agents": [{"id": 69682824, "state": 2, "submissionId": 22943829, "reward": 140014, "index": 0, "initialScore": 1480.227489344665, "initialConfidence": 35.0, "updatedScore": 1477.4705288814012, "updatedConfidence": 35.0, "teamId": 99999}, {"id": 69682825, "state": 2, "submissionId": 22947606, "reward": 390038, "index": 1, "initialScore": 1597.458733067081, "initialConfidence": 35.0, "updatedScore": 1600.2156935303449, "updatedConfidence": 35.0, "teamId": 99999}]}