{"id": 27305389, "competitionId": 30067, "createTime": {"seconds": 1632788823}, "endTime": {"seconds": 1632788823}, "agents": [{"id": 69707378, "state": 2, "submissionId": 22803895, "reward": 220023, "index": 0, "initialScore": 1581.8178616208386, "initialConfidence": 35.0, "updatedScore": 1577.482710759578, "updatedConfidence": 35.0, "teamId": 99999}, {"id": 69707379, "state": 2, "submissionId": 23003907, "reward": 740062, "index": 1, "initialScore": 1589.9878139220723, "initialConfidence": 41.74339998049844, "updatedScore": 1596.1543853328865, "updatedConfidence": 41.263696590316535, "teamId": 99999}]}