{"id": 27308514, "competitionId": 30067, "createTime": {"seconds": 1632794820}, "endTime": {"seconds": 1632794820}, "agents": [{"id": 69713628, "state": 2, "submissionId": 22649080, "reward": 290029, "index": 0, "initialScore": 1463.8697565278237, "initialConfidence": 35.0, "updatedScore": 1461.3095374343477, "updatedConfidence": 35.0, "teamId": 99999}, {"id": 69713629, "state": 2, "submissionId": 23003907, "reward": 1030103, "index": 1, "initialScore": 1596.1543853328865, "initialConfidence": 41.263696590316535, "updatedScore": 1599.712970025927, "updatedConfidence": 40.90620888961973, "teamId": 99999}]}