{"id": 27304041, "competitionId": 30067, "createTime": {"seconds": 1632786179}, "endTime": {"seconds": 1632786179}, "agents": [{"id": 69704682, "state": 2, "submissionId": 22902113, "reward": 140014, "index": 0, "initialScore": 1644.9022074855986, "initialConfidence": 35.0, "updatedScore": 1650.8433955180217, "updatedConfidence": 35.0, "teamId": 99999}, {"id": 69704683, "state": 2, "submissionId": 22777661, "reward": 140012, "index": 1, "initialScore": 1727.985018053119, "initialConfidence": 35.0, "updatedScore": 1722.043830020696, "updatedConfidence": 35.0, "teamId": 99999}]}