{"id": 27314482, "competitionId": 30067, "createTime": {"seconds": 1632806577}, "endTime": {"seconds": 1632806577}, "agents": [{"id": 69725564, "state": 2, "submissionId": 22773016, "reward": 90009, "index": 0, "initialScore": 1528.8367570859928, "initialConfidence": 35.0, "updatedScore": 1535.4027996229192, "updatedConfidence": 35.0, "teamId": 99999}, {"id": 69725565, "state": 2, "submissionId": 22902113, "reward": 10015, "index": 1, "initialScore": 1645.2878597541733, "initialConfidence": 35.0, "updatedScore": 1638.7218172172468, "updatedConfidence": 35.0, "teamId": 99999}]}