{"id": 27319600, "competitionId": 30067, "createTime": {"seconds": 1632816419}, "endTime": {"seconds": 1632816419}, "agents": [{"id": 69735800, "state": 2, "submissionId": 22947606, "reward": 50009, "index": 0, "initialScore": 1613.3920629181907, "initialConfidence": 35.0, "updatedScore": 1616.1792669040751, "updatedConfidence": 35.0, "teamId": 99999}, {"id": 69735801, "state": 2, "submissionId": 22632517, "reward": 0, "index": 1, "initialScore": 1498.4783522513426, "initialConfidence": 35.0, "updatedScore": 1495.6911482654582, "updatedConfidence": 35.0, "teamId": 99999}]}