{"id": 27314480, "competitionId": 30067, "createTime": {"seconds": 1632806577}, "endTime": {"seconds": 1632806577}, "agents": [{"id": 69725560, "state": 2, "submissionId": 22777661, "reward": 0, "index": 0, "initialScore": 1724.891864235722, "initialConfidence": 35.0, "updatedScore": 1718.8938170933095, "updatedConfidence": 35.0, "teamId": 99999}, {"id": 69725561, "state": 2, "submissionId": 22902113, "reward": 1020128, "index": 1, "initialScore": 1638.7218172172468, "initialConfidence": 35.0, "updatedScore": 1644.7198643596591, "updatedConfidence": 35.0, "teamId": 99999}]}