{"id": 27314479, "competitionId": 30067, "createTime": {"seconds": 1632806577}, "endTime": {"seconds": 1632806577}, "agents": [{"id": 69725558, "state": 2, "submissionId": 22947606, "reward": 170016, "index": 0, "initialScore": 1608.90365696831, "initialConfidence": 35.0, "updatedScore": 1613.3920629181907, "updatedConfidence": 35.0, "teamId": 99999}, {"id": 69725559, "state": 2, "submissionId": 22803974, "reward": 30016, "index": 1, "initialScore": 1608.715045896933, "initialConfidence": 35.0, "updatedScore": 1604.226639947052, "updatedConfidence": 35.0, "teamId": 99999}]}