{"id": 27329549, "competitionId": 30067, "createTime": {"seconds": 1632835653}, "endTime": {"seconds": 1632835653}, "agents": [{"id": 69755698, "state": 2, "submissionId": 22777661, "reward": 200006, "index": 0, "initialScore": 1715.594842408538, "initialConfidence": 35.0, "updatedScore": 1709.4013672008612, "updatedConfidence": 35.0, "teamId": 99999}, {"id": 69755699, "state": 2, "submissionId": 22917589, "reward": 290031, "index": 1, "initialScore": 1618.8944441988262, "initialConfidence": 35.0, "updatedScore": 1625.087919406503, "updatedConfidence": 35.0, "teamId": 99999}]}