{"id": 27324979, "competitionId": 30067, "createTime": {"seconds": 1632826977}, "endTime": {"seconds": 1632826977}, "agents": [{"id": 69746558, "state": 2, "submissionId": 23003907, "reward": 260023, "index": 0, "initialScore": 1605.884406187177, "initialConfidence": 39.43718252233022, "updatedScore": 1612.5680375718607, "updatedConfidence": 38.99755931530419, "teamId": 99999}, {"id": 69746559, "state": 2, "submissionId": 22902113, "reward": 100014, "index": 1, "initialScore": 1652.5136274190274, "initialConfidence": 35.0, "updatedScore": 1647.2493736406625, "updatedConfidence": 35.0, "teamId": 99999}]}