{"id": 27324370, "competitionId": 30067, "createTime": {"seconds": 1632825777}, "endTime": {"seconds": 1632825777}, "agents": [{"id": 69745340, "state": 2, "submissionId": 22760613, "reward": 320032, "index": 0, "initialScore": 1525.8537727742648, "initialConfidence": 35.0, "updatedScore": 1522.7960310280318, "updatedConfidence": 35.0, "teamId": 99999}, {"id": 69745341, "state": 2, "submissionId": 22917589, "reward": 830080, "index": 1, "initialScore": 1620.5949253908695, "initialConfidence": 35.0, "updatedScore": 1623.6526671371023, "updatedConfidence": 35.0, "teamId": 99999}]}