{"id": 27335320, "competitionId": 30067, "createTime": {"seconds": 1632846689}, "endTime": {"seconds": 1632846689}, "agents": [{"id": 69767240, "state": 2, "submissionId": 22934122, "reward": 50005, "index": 0, "initialScore": 1626.366980161219, "initialConfidence": 35.0, "updatedScore": 1632.3072779456086, "updatedConfidence": 35.0, "teamId": 99999}, {"id": 69767241, "state": 2, "submissionId": 22777661, "reward": 30006, "index": 1, "initialScore": 1709.4013672008612, "initialConfidence": 35.0, "updatedScore": 1703.461069416472, "updatedConfidence": 35.0, "teamId": 99999}]}