{"id": 27336135, "competitionId": 30067, "createTime": {"seconds": 1632848368}, "endTime": {"seconds": 1632848368}, "agents": [{"id": 69768870, "state": 2, "submissionId": 22777661, "reward": 130002, "index": 0, "initialScore": 1703.461069416472, "initialConfidence": 35.0, "updatedScore": 1697.5599160977345, "updatedConfidence": 35.0, "teamId": 99999}, {"id": 69768871, "state": 2, "submissionId": 22947606, "reward": 160016, "index": 1, "initialScore": 1622.5585403072612, "initialConfidence": 35.0, "updatedScore": 1628.4596936259986, "updatedConfidence": 35.0, "teamId": 99999}]}