{"id": 27341323, "competitionId": 30067, "createTime": {"seconds": 1632858463}, "endTime": {"seconds": 1632858463}, "agents": [{"id": 69779246, "state": 2, "submissionId": 22983096, "reward": 150015, "index": 0, "initialScore": 1525.597163279818, "initialConfidence": 35.0, "updatedScore": 1522.5180398856244, "updatedConfidence": 35.0, "teamId": 99999}, {"id": 69779247, "state": 2, "submissionId": 23003907, "reward": 230017, "index": 1, "initialScore": 1618.5241843854978, "initialConfidence": 37.602613792714, "updatedScore": 1622.0782633526176, "updatedConfidence": 37.30328495848882, "teamId": 99999}]}