{"id": 27340560, "competitionId": 30067, "createTime": {"seconds": 1632857023}, "endTime": {"seconds": 1632857023}, "agents": [{"id": 69777720, "state": 2, "submissionId": 22803895, "reward": 170017, "index": 0, "initialScore": 1579.8838610434852, "initialConfidence": 35.0, "updatedScore": 1585.1235224555717, "updatedConfidence": 35.0, "teamId": 99999}, {"id": 69777721, "state": 2, "submissionId": 23003907, "reward": 120012, "index": 1, "initialScore": 1624.6991474373294, "initialConfidence": 37.99562687501082, "updatedScore": 1618.5241843854978, "updatedConfidence": 37.602613792714, "teamId": 99999}]}