{"id": 27352793, "competitionId": 30067, "createTime": {"seconds": 1632880429}, "endTime": {"seconds": 1632880429}, "agents": [{"id": 69802186, "state": 2, "submissionId": 22777661, "reward": 0, "index": 0, "initialScore": 1685.9576971456388, "initialConfidence": 35.0, "updatedScore": 1681.1113620885412, "updatedConfidence": 35.0, "teamId": 99999}, {"id": 69802187, "state": 2, "submissionId": 22902113, "reward": 190019, "index": 1, "initialScore": 1664.7297390280048, "initialConfidence": 35.0, "updatedScore": 1669.5760740851024, "updatedConfidence": 35.0, "teamId": 99999}]}