{"id": 27352789, "competitionId": 30067, "createTime": {"seconds": 1632880429}, "endTime": {"seconds": 1632880429}, "agents": [{"id": 69802178, "state": 2, "submissionId": 22917589, "reward": 350025, "index": 0, "initialScore": 1627.9160586947437, "initialConfidence": 35.0, "updatedScore": 1631.9480834575052, "updatedConfidence": 35.0, "teamId": 99999}, {"id": 69802179, "state": 2, "submissionId": 22803974, "reward": 320050, "index": 1, "initialScore": 1599.32192730549, "initialConfidence": 35.0, "updatedScore": 1595.289902542729, "updatedConfidence": 35.0, "teamId": 99999}]}