{"id": 27358686, "competitionId": 30067, "createTime": {"seconds": 1632891471}, "endTime": {"seconds": 1632891471}, "agents": [{"id": 69813972, "state": 2, "submissionId": 22777661, "reward": 120010, "index": 0, "initialScore": 1671.0210223090571, "initialConfidence": 35.0, "updatedScore": 1665.8678410204673, "updatedConfidence": 35.0, "teamId": 99999}, {"id": 69813973, "state": 2, "submissionId": 22917589, "reward": 760066, "index": 1, "initialScore": 1631.9480834575052, "initialConfidence": 35.0, "updatedScore": 1637.1012647460952, "updatedConfidence": 35.0, "teamId": 99999}]}