{"id": 27364153, "competitionId": 30067, "createTime": {"seconds": 1632901789}, "endTime": {"seconds": 1632901789}, "agents": [{"id": 69824906, "state": 2, "submissionId": 22917589, "reward": 10002, "index": 0, "initialScore": 1637.1012647460952, "initialConfidence": 35.0, "updatedScore": 1633.0664721393418, "updatedConfidence": 35.0, "teamId": 99999}, {"id": 69824907, "state": 2, "submissionId": 22777661, "reward": 120011, "index": 1, "initialScore": 1665.5189459143744, "initialConfidence": 35.0, "updatedScore": 1669.5537385211278, "updatedConfidence": 35.0, "teamId": 99999}]}