{"id": 27363854, "competitionId": 30067, "createTime": {"seconds": 1632901308}, "endTime": {"seconds": 1632901308}, "agents": [{"id": 69824308, "state": 2, "submissionId": 22777661, "reward": 0, "index": 0, "initialScore": 1665.8678410204673, "initialConfidence": 35.0, "updatedScore": 1660.676022576731, "updatedConfidence": 35.0, "teamId": 99999}, {"id": 69824309, "state": 2, "submissionId": 23003907, "reward": 310029, "index": 1, "initialScore": 1624.3290648030793, "initialConfidence": 35.985042929212646, "updatedScore": 1629.817233577001, "updatedConfidence": 35.65172739020711, "teamId": 99999}]}