{"id": 27375253, "competitionId": 30067, "createTime": {"seconds": 1632922701}, "endTime": {"seconds": 1632922701}, "agents": [{"id": 69847106, "state": 2, "submissionId": 23003907, "reward": 490049, "index": 0, "initialScore": 1631.404996015027, "initialConfidence": 35.0, "updatedScore": 1636.508304525523, "updatedConfidence": 35.0, "teamId": 99999}, {"id": 69847107, "state": 2, "submissionId": 22777661, "reward": 470032, "index": 1, "initialScore": 1667.6073445638096, "initialConfidence": 35.0, "updatedScore": 1662.5040360533137, "updatedConfidence": 35.0, "teamId": 99999}]}