{"id": 27380861, "competitionId": 30067, "createTime": {"seconds": 1632933053}, "endTime": {"seconds": 1632933053}, "agents": [{"id": 69858322, "state": 2, "submissionId": 22917589, "reward": 200020, "index": 0, "initialScore": 1630.3919377117352, "initialConfidence": 35.0, "updatedScore": 1633.218592369936, "updatedConfidence": 35.0, "teamId": 99999}, {"id": 69858323, "state": 2, "submissionId": 22612772, "reward": 20000, "index": 1, "initialScore": 1518.4814522033344, "initialConfidence": 35.0, "updatedScore": 1515.6547975451335, "updatedConfidence": 35.0, "teamId": 99999}]}