{"id": 27380929, "competitionId": 30067, "createTime": {"seconds": 1632933291}, "endTime": {"seconds": 1632933291}, "agents": [{"id": 69858458, "state": 2, "submissionId": 22803974, "reward": 130051, "index": 0, "initialScore": 1606.6700165285122, "initialConfidence": 35.0, "updatedScore": 1611.6634537689386, "updatedConfidence": 35.0, "teamId": 99999}, {"id": 69858459, "state": 2, "submissionId": 23003907, "reward": 100017, "index": 1, "initialScore": 1636.508304525523, "initialConfidence": 35.0, "updatedScore": 1631.514867285097, "updatedConfidence": 35.0, "teamId": 99999}]}