{"id": 27392000, "competitionId": 30067, "createTime": {"seconds": 1632954046}, "endTime": {"seconds": 1632954046}, "agents": [{"id": 69880600, "state": 2, "submissionId": 22917589, "reward": 300025, "index": 0, "initialScore": 1636.6544302586276, "initialConfidence": 35.0, "updatedScore": 1639.9909860026662, "updatedConfidence": 35.0, "teamId": 99999}, {"id": 69880601, "state": 2, "submissionId": 22803895, "reward": 130013, "index": 1, "initialScore": 1561.7722335223873, "initialConfidence": 35.0, "updatedScore": 1558.4356777783487, "updatedConfidence": 35.0, "teamId": 99999}]}