{"id": 27406107, "competitionId": 30067, "createTime": {"seconds": 1632980304}, "endTime": {"seconds": 1632980304}, "agents": [{"id": 69908814, "state": 2, "submissionId": 22777661, "reward": 90008, "index": 0, "initialScore": 1660.002647438828, "initialConfidence": 35.0, "updatedScore": 1654.3479955340413, "updatedConfidence": 35.0, "teamId": 99999}, {"id": 69908815, "state": 2, "submissionId": 22902119, "reward": 200018, "index": 1, "initialScore": 1592.648310905902, "initialConfidence": 35.0, "updatedScore": 1598.3029628106888, "updatedConfidence": 35.0, "teamId": 99999}]}