{"id": 27411809, "competitionId": 30067, "createTime": {"seconds": 1632990626}, "endTime": {"seconds": 1632990626}, "agents": [{"id": 69920218, "state": 2, "submissionId": 22777661, "reward": 110004, "index": 0, "initialScore": 1654.3479955340413, "initialConfidence": 35.0, "updatedScore": 1648.6376616600855, "updatedConfidence": 35.0, "teamId": 99999}, {"id": 69920219, "state": 2, "submissionId": 22908160, "reward": 190019, "index": 1, "initialScore": 1583.9141702357083, "initialConfidence": 35.0, "updatedScore": 1589.624504109664, "updatedConfidence": 35.0, "teamId": 99999}]}