{"id": 27426858, "competitionId": 30067, "createTime": {"seconds": 1633018014}, "endTime": {"seconds": 1633018014}, "agents": [{"id": 69950316, "state": 2, "submissionId": 22777661, "reward": 90010, "index": 0, "initialScore": 1654.8564385084571, "initialConfidence": 35.0, "updatedScore": 1658.6173114750625, "updatedConfidence": 35.0, "teamId": 99999}, {"id": 69950317, "state": 2, "submissionId": 22934122, "reward": 20002, "index": 1, "initialScore": 1608.6993848134866, "initialConfidence": 35.0, "updatedScore": 1604.9385118468815, "updatedConfidence": 35.0, "teamId": 99999}]}