{"id": 27423970, "competitionId": 30067, "createTime": {"seconds": 1633012736}, "endTime": {"seconds": 1633012736}, "agents": [{"id": 69944540, "state": 2, "submissionId": 22902119, "reward": 10003, "index": 0, "initialScore": 1596.4624386107016, "initialConfidence": 35.0, "updatedScore": 1592.8312276716724, "updatedConfidence": 35.0, "teamId": 99999}, {"id": 69944541, "state": 2, "submissionId": 22777661, "reward": 380021, "index": 1, "initialScore": 1651.225227569428, "initialConfidence": 35.0, "updatedScore": 1654.8564385084571, "updatedConfidence": 35.0, "teamId": 99999}]}