{"id": 27430953, "competitionId": 30067, "createTime": {"seconds": 1633025217}, "endTime": {"seconds": 1633025217}, "agents": [{"id": 69958506, "state": 2, "submissionId": 23008895, "reward": 320032, "index": 0, "initialScore": 1597.9088647604128, "initialConfidence": 35.0, "updatedScore": 1592.9683533610155, "updatedConfidence": 35.0, "teamId": 99999}, {"id": 69958507, "state": 2, "submissionId": 23032370, "reward": 440044, "index": 1, "initialScore": 1570.8697032520058, "initialConfidence": 36.211001081503376, "updatedScore": 1576.1580129387569, "updatedConfidence": 35.87816307743413, "teamId": 99999}]}