{"id": 27433021, "competitionId": 30067, "createTime": {"seconds": 1633029225}, "endTime": {"seconds": 1633029225}, "agents": [{"id": 69962642, "state": 2, "submissionId": 23032370, "reward": 340037, "index": 0, "initialScore": 1576.1580129387569, "initialConfidence": 35.87816307743413, "updatedScore": 1581.382311233886, "updatedConfidence": 35.55348344620437, "teamId": 99999}, {"id": 69962643, "state": 2, "submissionId": 22934122, "reward": 280028, "index": 1, "initialScore": 1604.9385118468815, "initialConfidence": 35.0, "updatedScore": 1599.96682625935, "updatedConfidence": 35.0, "teamId": 99999}]}