{"id": 27433814, "competitionId": 30067, "createTime": {"seconds": 1633030664}, "endTime": {"seconds": 1633030664}, "agents": [{"id": 69964228, "state": 2, "submissionId": 23003907, "reward": 0, "index": 0, "initialScore": 1617.833670259802, "initialConfidence": 35.0, "updatedScore": 1614.12467495292, "updatedConfidence": 35.0, "teamId": 99999}, {"id": 69964229, "state": 2, "submissionId": 22777661, "reward": 100011, "index": 1, "initialScore": 1667.4168799660597, "initialConfidence": 35.0, "updatedScore": 1671.1258752729418, "updatedConfidence": 35.0, "teamId": 99999}]}