{"id": 27446029, "competitionId": 30067, "createTime": {"seconds": 1633052554}, "endTime": {"seconds": 1633052554}, "agents": [{"id": 69988658, "state": 2, "submissionId": 22917589, "reward": 150019, "index": 0, "initialScore": 1616.0811126577169, "initialConfidence": 35.0, "updatedScore": 1612.5088022304583, "updatedConfidence": 35.0, "teamId": 99999}, {"id": 69988659, "state": 2, "submissionId": 22777661, "reward": 220027, "index": 1, "initialScore": 1674.8010586578755, "initialConfidence": 35.0, "updatedScore": 1678.3733690851338, "updatedConfidence": 35.0, "teamId": 99999}]}