{"id": 27445207, "competitionId": 30067, "createTime": {"seconds": 1633051114}, "endTime": {"seconds": 1633051114}, "agents": [{"id": 69987014, "state": 2, "submissionId": 23032370, "reward": 110011, "index": 0, "initialScore": 1591.1047812877644, "initialConfidence": 35.0, "updatedScore": 1593.744524945792, "updatedConfidence": 35.0, "teamId": 99999}, {"id": 69987015, "state": 2, "submissionId": 23021418, "reward": 1, "index": 1, "initialScore": 1464.761086518796, "initialConfidence": 35.0, "updatedScore": 1462.1213428607682, "updatedConfidence": 35.0, "teamId": 99999}]}