{"id": 27452062, "competitionId": 30067, "createTime": {"seconds": 1633063353}, "endTime": {"seconds": 1633063353}, "agents": [{"id": 70000724, "state": 2, "submissionId": 23008895, "reward": 20005, "index": 0, "initialScore": 1596.1423061265814, "initialConfidence": 35.0, "updatedScore": 1592.980420699575, "updatedConfidence": 35.0, "teamId": 99999}, {"id": 70000725, "state": 2, "submissionId": 22777661, "reward": 320031, "index": 1, "initialScore": 1683.3635269754066, "initialConfidence": 35.0, "updatedScore": 1686.525412402413, "updatedConfidence": 35.0, "teamId": 99999}]}