{"id": 27463359, "competitionId": 30067, "createTime": {"seconds": 1633083276}, "endTime": {"seconds": 1633083276}, "agents": [{"id": 70023318, "state": 2, "submissionId": 22947606, "reward": 340034, "index": 0, "initialScore": 1616.439712541949, "initialConfidence": 35.0, "updatedScore": 1622.2312563100934, "updatedConfidence": 35.0, "teamId": 99999}, {"id": 70023319, "state": 2, "submissionId": 22777661, "reward": 0, "index": 1, "initialScore": 1691.344619961059, "initialConfidence": 35.0, "updatedScore": 1685.5530761929142, "updatedConfidence": 35.0, "teamId": 99999}]}