{"id": 27475482, "competitionId": 30067, "createTime": {"seconds": 1633104932}, "endTime": {"seconds": 1633104932}, "agents": [{"id": 70047564, "state": 2, "submissionId": 23034455, "reward": 100023, "index": 0, "initialScore": 1611.7941377390111, "initialConfidence": 35.0, "updatedScore": 1608.2704416900706, "updatedConfidence": 35.0, "teamId": 99999}, {"id": 70047565, "state": 2, "submissionId": 22777661, "reward": 270027, "index": 1, "initialScore": 1673.8036836433353, "initialConfidence": 35.0, "updatedScore": 1677.3273796922758, "updatedConfidence": 35.0, "teamId": 99999}]}