{"id": 27487682, "competitionId": 30067, "createTime": {"seconds": 1633126381}, "endTime": {"seconds": 1633126381}, "agents": [{"id": 70071964, "state": 2, "submissionId": 23034455, "reward": 330036, "index": 0, "initialScore": 1618.5521285304883, "initialConfidence": 35.0, "updatedScore": 1623.855091215588, "updatedConfidence": 35.0, "teamId": 99999}, {"id": 70071965, "state": 2, "submissionId": 22777661, "reward": 310026, "index": 1, "initialScore": 1666.1805527125628, "initialConfidence": 35.0, "updatedScore": 1660.8775900274632, "updatedConfidence": 35.0, "teamId": 99999}]}