{"id": 27481486, "competitionId": 30067, "createTime": {"seconds": 1633115581}, "endTime": {"seconds": 1633115581}, "agents": [{"id": 70059572, "state": 2, "submissionId": 22934122, "reward": 340034, "index": 0, "initialScore": 1609.726239453623, "initialConfidence": 35.0, "updatedScore": 1615.3853463346338, "updatedConfidence": 35.0, "teamId": 99999}, {"id": 70059573, "state": 2, "submissionId": 22777661, "reward": 20001, "index": 1, "initialScore": 1677.3273796922758, "initialConfidence": 35.0, "updatedScore": 1671.668272811265, "updatedConfidence": 35.0, "teamId": 99999}]}