{"id": 27481491, "competitionId": 30067, "createTime": {"seconds": 1633115581}, "endTime": {"seconds": 1633115581}, "agents": [{"id": 70059582, "state": 2, "submissionId": 22777661, "reward": 430025, "index": 0, "initialScore": 1671.668272811265, "initialConfidence": 35.0, "updatedScore": 1666.1805527125628, "updatedConfidence": 35.0, "teamId": 99999}, {"id": 70059583, "state": 2, "submissionId": 22917746, "reward": 610044, "index": 1, "initialScore": 1613.6160799283289, "initialConfidence": 35.0, "updatedScore": 1619.1038000270312, "updatedConfidence": 35.0, "teamId": 99999}]}