{"id": 27489020, "competitionId": 30067, "createTime": {"seconds": 1633128780}, "endTime": {"seconds": 1633128780}, "agents": [{"id": 70074640, "state": 2, "submissionId": 22777661, "reward": 420034, "index": 0, "initialScore": 1660.8775900274632, "initialConfidence": 35.0, "updatedScore": 1664.6945141179715, "updatedConfidence": 35.0, "teamId": 99999}, {"id": 70074641, "state": 2, "submissionId": 23003907, "reward": 100031, "index": 1, "initialScore": 1618.3976493701916, "initialConfidence": 35.0, "updatedScore": 1614.580725279683, "updatedConfidence": 35.0, "teamId": 99999}]}