{"id": 27495112, "competitionId": 30067, "createTime": {"seconds": 1633139547}, "endTime": {"seconds": 1633139547}, "agents": [{"id": 70086824, "state": 2, "submissionId": 23003907, "reward": 70007, "index": 0, "initialScore": 1614.580725279683, "initialConfidence": 35.0, "updatedScore": 1610.9354296272006, "updatedConfidence": 35.0, "teamId": 99999}, {"id": 70086825, "state": 2, "submissionId": 22777661, "reward": 190019, "index": 1, "initialScore": 1668.4017738480454, "initialConfidence": 35.0, "updatedScore": 1672.047069500528, "updatedConfidence": 35.0, "teamId": 99999}]}