{"id": 27495113, "competitionId": 30067, "createTime": {"seconds": 1633139547}, "endTime": {"seconds": 1633139547}, "agents": [{"id": 70086826, "state": 2, "submissionId": 22934122, "reward": 40005, "index": 0, "initialScore": 1614.996295079555, "initialConfidence": 35.0, "updatedScore": 1611.2890353494813, "updatedConfidence": 35.0, "teamId": 99999}, {"id": 70086827, "state": 2, "submissionId": 22777661, "reward": 100009, "index": 1, "initialScore": 1664.6945141179715, "initialConfidence": 35.0, "updatedScore": 1668.4017738480454, "updatedConfidence": 35.0, "teamId": 99999}]}