{"id": 27507329, "competitionId": 30067, "createTime": {"seconds": 1633160666}, "endTime": {"seconds": 1633160666}, "agents": [{"id": 70111258, "state": 2, "submissionId": 22917746, "reward": 20003, "index": 0, "initialScore": 1617.1581383894238, "initialConfidence": 35.0, "updatedScore": 1622.5496775815022, "updatedConfidence": 35.0, "teamId": 99999}, {"id": 70111259, "state": 2, "submissionId": 22777661, "reward": 20002, "index": 1, "initialScore": 1669.8012786534573, "initialConfidence": 35.0, "updatedScore": 1664.4097394613789, "updatedConfidence": 35.0, "teamId": 99999}]}