{"id": 27501114, "competitionId": 30067, "createTime": {"seconds": 1633149867}, "endTime": {"seconds": 1633149867}, "agents": [{"id": 70098828, "state": 2, "submissionId": 22993987, "reward": 130013, "index": 0, "initialScore": 1598.4198529598225, "initialConfidence": 35.0, "updatedScore": 1604.1881455904029, "updatedConfidence": 35.0, "teamId": 99999}, {"id": 70098829, "state": 2, "submissionId": 22777661, "reward": 20003, "index": 1, "initialScore": 1672.047069500528, "initialConfidence": 35.0, "updatedScore": 1666.2787768699477, "updatedConfidence": 35.0, "teamId": 99999}]}