{"id": 27507328, "competitionId": 30067, "createTime": {"seconds": 1633160666}, "endTime": {"seconds": 1633160666}, "agents": [{"id": 70111256, "state": 2, "submissionId": 22777661, "reward": 50003, "index": 0, "initialScore": 1666.2787768699477, "initialConfidence": 35.0, "updatedScore": 1669.8012786534573, "updatedConfidence": 35.0, "teamId": 99999}, {"id": 70111257, "state": 2, "submissionId": 22993987, "reward": 40008, "index": 1, "initialScore": 1604.1881455904029, "initialConfidence": 35.0, "updatedScore": 1600.665643806893, "updatedConfidence": 35.0, "teamId": 99999}]}