{"id": 27511730, "competitionId": 30067, "createTime": {"seconds": 1633168138}, "endTime": {"seconds": 1633168138}, "agents": [{"id": 70120060, "state": 2, "submissionId": 23003907, "reward": 290046, "index": 0, "initialScore": 1609.736992598842, "initialConfidence": 35.0, "updatedScore": 1606.15762758162, "updatedConfidence": 35.0, "teamId": 99999}, {"id": 70120061, "state": 2, "submissionId": 22777661, "reward": 440029, "index": 1, "initialScore": 1667.981356468371, "initialConfidence": 35.0, "updatedScore": 1671.5607214855927, "updatedConfidence": 35.0, "teamId": 99999}]}