{"id": 27517285, "competitionId": 30067, "createTime": {"seconds": 1633177736}, "endTime": {"seconds": 1633177736}, "agents": [{"id": 70131170, "state": 2, "submissionId": 22908160, "reward": 220022, "index": 0, "initialScore": 1602.0714056527177, "initialConfidence": 35.0, "updatedScore": 1598.7134644305945, "updatedConfidence": 35.0, "teamId": 99999}, {"id": 70131171, "state": 2, "submissionId": 22777661, "reward": 360031, "index": 1, "initialScore": 1675.4650762419717, "initialConfidence": 35.0, "updatedScore": 1678.8230174640948, "updatedConfidence": 35.0, "teamId": 99999}]}