{"id": 27511729, "competitionId": 30067, "createTime": {"seconds": 1633168138}, "endTime": {"seconds": 1633168138}, "agents": [{"id": 70120058, "state": 2, "submissionId": 23034455, "reward": 590060, "index": 0, "initialScore": 1640.3950537420355, "initialConfidence": 35.0, "updatedScore": 1644.724502598024, "updatedConfidence": 35.0, "teamId": 99999}, {"id": 70120059, "state": 2, "submissionId": 23032370, "reward": 420040, "index": 1, "initialScore": 1630.4631826134791, "initialConfidence": 35.0, "updatedScore": 1626.1337337574907, "updatedConfidence": 35.0, "teamId": 99999}]}