{"id": 27529436, "competitionId": 30067, "createTime": {"seconds": 1633198616}, "endTime": {"seconds": 1633198616}, "agents": [{"id": 70155472, "state": 2, "submissionId": 22917589, "reward": 170014, "index": 0, "initialScore": 1618.0109478413312, "initialConfidence": 35.0, "updatedScore": 1614.522631341145, "updatedConfidence": 35.0, "teamId": 99999}, {"id": 70155473, "state": 2, "submissionId": 22777661, "reward": 230018, "index": 1, "initialScore": 1682.428240360726, "initialConfidence": 35.0, "updatedScore": 1685.9165568609124, "updatedConfidence": 35.0, "teamId": 99999}]}