{"id": 27520788, "competitionId": 30067, "createTime": {"seconds": 1633183737}, "endTime": {"seconds": 1633183737}, "agents": [{"id": 70138176, "state": 2, "submissionId": 23032370, "reward": 100009, "index": 0, "initialScore": 1629.399562043454, "initialConfidence": 35.0, "updatedScore": 1633.727521105911, "updatedConfidence": 35.0, "teamId": 99999}, {"id": 70138177, "state": 2, "submissionId": 23008895, "reward": 0, "index": 1, "initialScore": 1619.3756475290074, "initialConfidence": 35.0, "updatedScore": 1615.0476884665509, "updatedConfidence": 35.0, "teamId": 99999}]}