{"id": 27523525, "competitionId": 30067, "createTime": {"seconds": 1633188535}, "endTime": {"seconds": 1633188535}, "agents": [{"id": 70143650, "state": 2, "submissionId": 22917746, "reward": 370037, "index": 0, "initialScore": 1622.3180449453052, "initialConfidence": 35.0, "updatedScore": 1618.712822048674, "updatedConfidence": 35.0, "teamId": 99999}, {"id": 70143651, "state": 2, "submissionId": 22777661, "reward": 410037, "index": 1, "initialScore": 1678.8230174640948, "initialConfidence": 35.0, "updatedScore": 1682.428240360726, "updatedConfidence": 35.0, "teamId": 99999}]}