{"id": 27535586, "competitionId": 30067, "createTime": {"seconds": 1633209176}, "endTime": {"seconds": 1633209176}, "agents": [{"id": 70167772, "state": 2, "submissionId": 22777661, "reward": 90009, "index": 0, "initialScore": 1685.9165568609124, "initialConfidence": 35.0, "updatedScore": 1689.3436506769508, "updatedConfidence": 35.0, "teamId": 99999}, {"id": 70167773, "state": 2, "submissionId": 22930827, "reward": 0, "index": 1, "initialScore": 1617.3047486312432, "initialConfidence": 35.0, "updatedScore": 1613.8776548152048, "updatedConfidence": 35.0, "teamId": 99999}]}