{"id": 27535581, "competitionId": 30067, "createTime": {"seconds": 1633209176}, "endTime": {"seconds": 1633209176}, "agents": [{"id": 70167762, "state": 2, "submissionId": 22777661, "reward": 360035, "index": 0, "initialScore": 1689.3436506769508, "initialConfidence": 35.0, "updatedScore": 1692.8790285240696, "updatedConfidence": 35.0, "teamId": 99999}, {"id": 70167763, "state": 2, "submissionId": 22947606, "reward": 190019, "index": 1, "initialScore": 1628.1265532420489, "initialConfidence": 35.0, "updatedScore": 1624.59117539493, "updatedConfidence": 35.0, "teamId": 99999}]}