{"id": 27547742, "competitionId": 30067, "createTime": {"seconds": 1633229845}, "endTime": {"seconds": 1633229845}, "agents": [{"id": 70192084, "state": 2, "submissionId": 22777661, "reward": 90009, "index": 0, "initialScore": 1696.2612060427027, "initialConfidence": 35.0, "updatedScore": 1700.105596266891, "updatedConfidence": 35.0, "teamId": 99999}, {"id": 70192085, "state": 2, "submissionId": 23034455, "reward": 60008, "index": 1, "initialScore": 1655.5739794374315, "initialConfidence": 35.0, "updatedScore": 1651.729589213243, "updatedConfidence": 35.0, "teamId": 99999}]}