{"id": 27547746, "competitionId": 30067, "createTime": {"seconds": 1633229845}, "endTime": {"seconds": 1633229845}, "agents": [{"id": 70192092, "state": 2, "submissionId": 22902113, "reward": 330057, "index": 0, "initialScore": 1690.8125229239072, "initialConfidence": 35.0, "updatedScore": 1686.4727284736905, "updatedConfidence": 35.0, "teamId": 99999}, {"id": 70192093, "state": 2, "submissionId": 22777661, "reward": 620038, "index": 1, "initialScore": 1700.105596266891, "initialConfidence": 35.0, "updatedScore": 1704.4453907171082, "updatedConfidence": 35.0, "teamId": 99999}]}