{"id": 27553414, "competitionId": 30067, "createTime": {"seconds": 1633239449}, "endTime": {"seconds": 1633239449}, "agents": [{"id": 70203428, "state": 2, "submissionId": 23032370, "reward": 580054, "index": 0, "initialScore": 1671.181626789299, "initialConfidence": 35.0, "updatedScore": 1674.6604857186169, "updatedConfidence": 35.0, "teamId": 99999}, {"id": 70203429, "state": 2, "submissionId": 22917589, "reward": 470046, "index": 1, "initialScore": 1606.1187115953785, "initialConfidence": 35.0, "updatedScore": 1602.6398526660607, "updatedConfidence": 35.0, "teamId": 99999}]}