{"id": 27559011, "competitionId": 30067, "createTime": {"seconds": 1633249043}, "endTime": {"seconds": 1633249043}, "agents": [{"id": 70214622, "state": 2, "submissionId": 23034455, "reward": 130013, "index": 0, "initialScore": 1649.2139307685452, "initialConfidence": 35.0, "updatedScore": 1645.6368993147532, "updatedConfidence": 35.0, "teamId": 99999}, {"id": 70214623, "state": 2, "submissionId": 22777661, "reward": 150013, "index": 1, "initialScore": 1707.6155612849263, "initialConfidence": 35.0, "updatedScore": 1711.1925927387183, "updatedConfidence": 35.0, "teamId": 99999}]}