{"id": 27571129, "competitionId": 30067, "createTime": {"seconds": 1633269444}, "endTime": {"seconds": 1633269444}, "agents": [{"id": 70238858, "state": 2, "submissionId": 22777661, "reward": 270021, "index": 0, "initialScore": 1714.4678551860554, "initialConfidence": 35.0, "updatedScore": 1717.254478031692, "updatedConfidence": 35.0, "teamId": 99999}, {"id": 70238859, "state": 2, "submissionId": 23049510, "reward": 200020, "index": 1, "initialScore": 1599.535164224538, "initialConfidence": 35.3499378454056, "updatedScore": 1596.6925402558911, "updatedConfidence": 35.11333159727502, "teamId": 99999}]}