{"id": 27577282, "competitionId": 30067, "createTime": {"seconds": 1633279764}, "endTime": {"seconds": 1633279764}, "agents": [{"id": 70251164, "state": 2, "submissionId": 23034455, "reward": 310031, "index": 0, "initialScore": 1651.3436505583238, "initialConfidence": 35.0, "updatedScore": 1647.8771936586747, "updatedConfidence": 35.0, "teamId": 99999}, {"id": 70251165, "state": 2, "submissionId": 22777661, "reward": 320023, "index": 1, "initialScore": 1717.254478031692, "initialConfidence": 35.0, "updatedScore": 1720.720934931341, "updatedConfidence": 35.0, "teamId": 99999}]}