{"id": 27583629, "competitionId": 30067, "createTime": {"seconds": 1633290325}, "endTime": {"seconds": 1633290325}, "agents": [{"id": 70263858, "state": 2, "submissionId": 22902113, "reward": 150018, "index": 0, "initialScore": 1668.5221083998476, "initialConfidence": 35.0, "updatedScore": 1664.8524902881786, "updatedConfidence": 35.0, "teamId": 99999}, {"id": 70263859, "state": 2, "submissionId": 22777661, "reward": 290024, "index": 1, "initialScore": 1720.720934931341, "initialConfidence": 35.0, "updatedScore": 1724.39055304301, "updatedConfidence": 35.0, "teamId": 99999}]}