{"id": 27589656, "competitionId": 30067, "createTime": {"seconds": 1633300433}, "endTime": {"seconds": 1633300433}, "agents": [{"id": 70275912, "state": 2, "submissionId": 22777661, "reward": 40004, "index": 0, "initialScore": 1727.0974613521985, "initialConfidence": 35.0, "updatedScore": 1720.8446343863895, "updatedConfidence": 35.0, "teamId": 99999}, {"id": 70275913, "state": 2, "submissionId": 22930827, "reward": 690069, "index": 1, "initialScore": 1627.2229207794949, "initialConfidence": 35.0, "updatedScore": 1633.4757477453038, "updatedConfidence": 35.0, "teamId": 99999}]}