{"id": 27614083, "competitionId": 30067, "createTime": {"seconds": 1633340753}, "endTime": {"seconds": 1633340753}, "agents": [{"id": 70324766, "state": 2, "submissionId": 23032370, "reward": 2, "index": 0, "initialScore": 1722.6737146340731, "initialConfidence": 35.0, "updatedScore": 1716.206420680927, "updatedConfidence": 35.0, "teamId": 99999}, {"id": 70324767, "state": 2, "submissionId": 23008895, "reward": 250015, "index": 1, "initialScore": 1611.4180072316317, "initialConfidence": 35.0, "updatedScore": 1617.885301184778, "updatedConfidence": 35.0, "teamId": 99999}]}