{"id": 27614082, "competitionId": 30067, "createTime": {"seconds": 1633340753}, "endTime": {"seconds": 1633340753}, "agents": [{"id": 70324764, "state": 2, "submissionId": 23034455, "reward": 120013, "index": 0, "initialScore": 1669.6471047999053, "initialConfidence": 35.0, "updatedScore": 1665.9340385349433, "updatedConfidence": 35.0, "teamId": 99999}, {"id": 70324765, "state": 2, "submissionId": 23032370, "reward": 260026, "index": 1, "initialScore": 1718.9606483691114, "initialConfidence": 35.0, "updatedScore": 1722.6737146340731, "updatedConfidence": 35.0, "teamId": 99999}]}