{"id": 27975563, "competitionId": 30067, "createTime": {"seconds": 1633894738}, "endTime": {"seconds": 1633894738}, "agents": [{"id": 71047726, "state": 2, "submissionId": 23034455, "reward": 0, "index": 0, "initialScore": 1709.428545987589, "initialConfidence": 35.0, "updatedScore": 1706.280983823017, "updatedConfidence": 35.0, "teamId": 99999}, {"id": 71047727, "state": 2, "submissionId": 23032370, "reward": 140013, "index": 1, "initialScore": 1797.676512051151, "initialConfidence": 35.0, "updatedScore": 1800.8240742157222, "updatedConfidence": 35.0, "teamId": 99999}]}