{"id": 28052169, "competitionId": 30067, "createTime": {"seconds": 1634003111}, "endTime": {"seconds": 1634003111}, "agents": [{"id": 71200938, "state": 2, "submissionId": 23034455, "reward": 240037, "index": 0, "initialScore": 1706.035794815288, "initialConfidence": 35.0, "updatedScore": 1703.2136536648725, "updatedConfidence": 35.0, "teamId": 99999}, {"id": 71200939, "state": 2, "submissionId": 23032370, "reward": 260029, "index": 1, "initialScore": 1818.2887545967344, "initialConfidence": 35.0, "updatedScore": 1821.11089574715, "updatedConfidence": 35.0, "teamId": 99999}]}