{"id": 28066107, "competitionId": 30067, "createTime": {"seconds": 1634027978}, "endTime": {"seconds": 1634027978}, "agents": [{"id": 71228814, "state": 2, "submissionId": 23034455, "reward": 90011, "index": 0, "initialScore": 1707.3614093823296, "initialConfidence": 35.0, "updatedScore": 1704.5955164598724, "updatedConfidence": 35.0, "teamId": 99999}, {"id": 71228815, "state": 2, "submissionId": 23032370, "reward": 180016, "index": 1, "initialScore": 1823.906774189113, "initialConfidence": 35.0, "updatedScore": 1826.6726671115705, "updatedConfidence": 35.0, "teamId": 99999}]}