{"id": 28123273, "competitionId": 30067, "createTime": {"seconds": 1634106759}, "endTime": {"seconds": 1634106759}, "agents": [{"id": 71343146, "state": 2, "submissionId": 23032370, "reward": 290025, "index": 0, "initialScore": 1835.0039299114692, "initialConfidence": 35.0, "updatedScore": 1837.6921682924149, "updatedConfidence": 35.0, "teamId": 99999}, {"id": 71343147, "state": 2, "submissionId": 23034455, "reward": 280030, "index": 1, "initialScore": 1712.4559132598988, "initialConfidence": 35.0, "updatedScore": 1709.7676748789534, "updatedConfidence": 35.0, "teamId": 99999}]}