{"id": 28239413, "competitionId": 30067, "createTime": {"seconds": 1634264044}, "endTime": {"seconds": 1634264044}, "agents": [{"id": 71575426, "state": 2, "submissionId": 23032370, "reward": 90010, "index": 0, "initialScore": 1861.417593822633, "initialConfidence": 35.0, "updatedScore": 1863.6304703169103, "updatedConfidence": 35.0, "teamId": 99999}, {"id": 71575427, "state": 2, "submissionId": 23034455, "reward": 10005, "index": 1, "initialScore": 1699.8702063126707, "initialConfidence": 35.0, "updatedScore": 1697.6573298183937, "updatedConfidence": 35.0, "teamId": 99999}]}