{"id": 28304583, "competitionId": 30067, "createTime": {"seconds": 1634350261}, "endTime": {"seconds": 1634350261}, "agents": [{"id": 71705766, "state": 2, "submissionId": 23034455, "reward": 0, "index": 0, "initialScore": 1680.87514167545, "initialConfidence": 35.0, "updatedScore": 1679.0225207179135, "updatedConfidence": 35.0, "teamId": 99999}, {"id": 71705767, "state": 2, "submissionId": 23032370, "reward": 70011, "index": 1, "initialScore": 1875.2854223077888, "initialConfidence": 35.0, "updatedScore": 1877.138043265325, "updatedConfidence": 35.0, "teamId": 99999}]}