{"id": 28379678, "competitionId": 30067, "createTime": {"seconds": 1634447013}, "endTime": {"seconds": 1634447013}, "agents": [{"id": 71855956, "state": 2, "submissionId": 23034455, "reward": 200022, "index": 0, "initialScore": 1693.1879214331946, "initialConfidence": 35.0, "updatedScore": 1691.291903270303, "updatedConfidence": 35.0, "teamId": 99999}, {"id": 71855957, "state": 2, "submissionId": 23032370, "reward": 490040, "index": 1, "initialScore": 1883.450751005441, "initialConfidence": 35.0, "updatedScore": 1885.346769168332, "updatedConfidence": 35.0, "teamId": 99999}]}