{"id": 28387460, "competitionId": 30067, "createTime": {"seconds": 1634456854}, "endTime": {"seconds": 1634456854}, "agents": [{"id": 71871520, "state": 2, "submissionId": 23032370, "reward": 150016, "index": 0, "initialScore": 1885.346769168332, "initialConfidence": 35.0, "updatedScore": 1887.154231362057, "updatedConfidence": 35.0, "teamId": 99999}, {"id": 71871521, "state": 2, "submissionId": 23034455, "reward": 0, "index": 1, "initialScore": 1686.5583355339347, "initialConfidence": 35.0, "updatedScore": 1684.7508733402096, "updatedConfidence": 35.0, "teamId": 99999}]}