{"id": 28478317, "competitionId": 30067, "createTime": {"seconds": 1634570962}, "endTime": {"seconds": 1634570962}, "agents": [{"id": 72053234, "state": 2, "submissionId": 23297953, "reward": 1580060, "index": 0, "initialScore": 0.0, "initialConfidence": 0.0, "updatedScore": 600.0, "updatedConfidence": 200.0, "teamId": 99999}, {"id": 72053235, "state": 2, "submissionId": 23297953, "reward": 60011, "index": 1, "initialScore": 0.0, "initialConfidence": 0.0, "updatedScore": 600.0, "updatedConfidence": 200.0, "teamId": 99999}]}