{"id": 28502567, "competitionId": 30067, "createTime": {"seconds": 1634601348}, "endTime": {"seconds": 1634601348}, "agents": [{"id": 72101734, "state": 2, "submissionId": 23032370, "reward": 210021, "index": 0, "initialScore": 1893.186184646675, "initialConfidence": 35.0, "updatedScore": 1894.9812677065904, "updatedConfidence": 35.0, "teamId": 99999}, {"id": 72101735, "state": 2, "submissionId": 23129375, "reward": 20003, "index": 1, "initialScore": 1693.186100850268, "initialConfidence": 35.0, "updatedScore": 1691.3910177903524, "updatedConfidence": 35.0, "teamId": 99999}]}