{"id": 28598343, "competitionId": 30067, "createTime": {"seconds": 1634718944}, "endTime": {"seconds": 1634718944}, "agents": [{"id": 72293286, "state": 2, "submissionId": 23128925, "reward": 400041, "index": 0, "initialScore": 1703.4094809237322, "initialConfidence": 35.0, "updatedScore": 1701.5356564419164, "updatedConfidence": 35.0, "teamId": 99999}, {"id": 72293287, "state": 2, "submissionId": 23032370, "reward": 840087, "index": 1, "initialScore": 1895.7861756653808, "initialConfidence": 35.0, "updatedScore": 1897.6600001471968, "updatedConfidence": 35.0, "teamId": 99999}]}