{"id": 28646579, "competitionId": 30067, "createTime": {"seconds": 1634776830}, "endTime": {"seconds": 1634776830}, "agents": [{"id": 72389758, "state": 2, "submissionId": 23032370, "reward": 400036, "index": 0, "initialScore": 1906.071121878788, "initialConfidence": 35.0, "updatedScore": 1907.648773482323, "updatedConfidence": 35.0, "teamId": 99999}, {"id": 72389759, "state": 2, "submissionId": 23128925, "reward": 270030, "index": 1, "initialScore": 1683.8993572605043, "initialConfidence": 35.0, "updatedScore": 1682.3217056569697, "updatedConfidence": 35.0, "teamId": 99999}]}