{"id": 28654472, "competitionId": 30067, "createTime": {"seconds": 1634786425}, "endTime": {"seconds": 1634786425}, "agents": [{"id": 72405544, "state": 3, "submissionId": 23176680, "reward": 0, "index": 0, "initialScore": 1677.8702940978658, "initialConfidence": 35.0, "updatedScore": 1676.3632639489422, "updatedConfidence": 35.0, "teamId": 99999}, {"id": 72405545, "state": 2, "submissionId": 23032370, "reward": 410049, "index": 1, "initialScore": 1907.648773482323, "initialConfidence": 35.0, "updatedScore": 1909.1558036312465, "updatedConfidence": 35.0, "teamId": 99999}]}