{"id": 28670750, "competitionId": 30067, "createTime": {"seconds": 1634805627}, "endTime": {"seconds": 1634805627}, "agents": [{"id": 72438100, "state": 2, "submissionId": 23032370, "reward": 530059, "index": 0, "initialScore": 1910.4849499022416, "initialConfidence": 35.0, "updatedScore": 1911.9249612887584, "updatedConfidence": 35.0, "teamId": 99999}, {"id": 72438101, "state": 2, "submissionId": 23128925, "reward": 230024, "index": 1, "initialScore": 1673.27682198382, "initialConfidence": 35.0, "updatedScore": 1671.8368105973034, "updatedConfidence": 35.0, "teamId": 99999}]}