{"id": 28687234, "competitionId": 30067, "createTime": {"seconds": 1634825065}, "endTime": {"seconds": 1634825065}, "agents": [{"id": 72471068, "state": 3, "submissionId": 23176680, "reward": 0, "index": 0, "initialScore": 1692.9789140774096, "initialConfidence": 35.0, "updatedScore": 1691.2844831297475, "updatedConfidence": 35.0, "teamId": 99999}, {"id": 72471069, "state": 2, "submissionId": 23032370, "reward": 700078, "index": 1, "initialScore": 1903.024634515227, "initialConfidence": 35.0, "updatedScore": 1904.719065462889, "updatedConfidence": 35.0, "teamId": 99999}]}