{"id": 28703607, "competitionId": 30067, "createTime": {"seconds": 1634844265}, "endTime": {"seconds": 1634844265}, "agents": [{"id": 72503814, "state": 2, "submissionId": 23034455, "reward": 190021, "index": 0, "initialScore": 1660.6734731308125, "initialConfidence": 35.0, "updatedScore": 1659.306186652989, "updatedConfidence": 35.0, "teamId": 99999}, {"id": 72503815, "state": 2, "submissionId": 23032370, "reward": 430038, "index": 1, "initialScore": 1906.197824743064, "initialConfidence": 35.0, "updatedScore": 1907.5651112208875, "updatedConfidence": 35.0, "teamId": 99999}]}