{"id": 28711517, "competitionId": 30067, "createTime": {"seconds": 1634853670}, "endTime": {"seconds": 1634853670}, "agents": [{"id": 72519634, "state": 2, "submissionId": 23032370, "reward": 130007, "index": 0, "initialScore": 1907.5651112208875, "initialConfidence": 35.0, "updatedScore": 1909.3877826650223, "updatedConfidence": 35.0, "teamId": 99999}, {"id": 72519635, "state": 2, "submissionId": 23176680, "reward": 0, "index": 1, "initialScore": 1710.258497025714, "initialConfidence": 35.0, "updatedScore": 1708.435825581579, "updatedConfidence": 35.0, "teamId": 99999}]}