{"id": 28728017, "competitionId": 30067, "createTime": {"seconds": 1634873959}, "endTime": {"seconds": 1634873959}, "agents": [{"id": 72552634, "state": 2, "submissionId": 23032370, "reward": 430037, "index": 0, "initialScore": 1911.0737635546009, "initialConfidence": 35.0, "updatedScore": 1912.8374448409536, "updatedConfidence": 35.0, "teamId": 99999}, {"id": 72552635, "state": 2, "submissionId": 23176680, "reward": 310031, "index": 1, "initialScore": 1707.9772561849556, "initialConfidence": 35.0, "updatedScore": 1706.2135748986025, "updatedConfidence": 35.0, "teamId": 99999}]}