{"id": 28736107, "competitionId": 30067, "createTime": {"seconds": 1634883321}, "endTime": {"seconds": 1634883321}, "agents": [{"id": 72568814, "state": 2, "submissionId": 23032370, "reward": 70007, "index": 0, "initialScore": 1912.8374448409536, "initialConfidence": 35.0, "updatedScore": 1914.5168329486744, "updatedConfidence": 35.0, "teamId": 99999}, {"id": 72568815, "state": 2, "submissionId": 23176680, "reward": 50007, "index": 1, "initialScore": 1701.2593075756713, "initialConfidence": 35.0, "updatedScore": 1699.5799194679507, "updatedConfidence": 35.0, "teamId": 99999}]}