{"id": 28752942, "competitionId": 30067, "createTime": {"seconds": 1634902793}, "endTime": {"seconds": 1634902793}, "agents": [{"id": 72602484, "state": 2, "submissionId": 23176680, "reward": 20002, "index": 0, "initialScore": 1689.0950783312328, "initialConfidence": 35.0, "updatedScore": 1687.5627732629875, "updatedConfidence": 35.0, "teamId": 99999}, {"id": 72602485, "state": 2, "submissionId": 23032370, "reward": 100012, "index": 1, "initialScore": 1916.1259374948688, "initialConfidence": 35.0, "updatedScore": 1917.6582425631136, "updatedConfidence": 35.0, "teamId": 99999}]}