{"id": 28761139, "competitionId": 30067, "createTime": {"seconds": 1634912389}, "endTime": {"seconds": 1634912389}, "agents": [{"id": 72618878, "state": 2, "submissionId": 23032370, "reward": 420041, "index": 0, "initialScore": 1917.6582425631136, "initialConfidence": 35.0, "updatedScore": 1919.129477005692, "updatedConfidence": 35.0, "teamId": 99999}, {"id": 72618879, "state": 2, "submissionId": 23176680, "reward": 310031, "index": 1, "initialScore": 1683.9381802857847, "initialConfidence": 35.0, "updatedScore": 1682.4669458432068, "updatedConfidence": 35.0, "teamId": 99999}]}