{"id": 28777616, "competitionId": 30067, "createTime": {"seconds": 1634931351}, "endTime": {"seconds": 1634931351}, "agents": [{"id": 72651832, "state": 2, "submissionId": 23176680, "reward": 10008, "index": 0, "initialScore": 1684.0780043317643, "initialConfidence": 35.0, "updatedScore": 1682.618738150349, "updatedConfidence": 35.0, "teamId": 99999}, {"id": 72651833, "state": 2, "submissionId": 23032370, "reward": 180009, "index": 1, "initialScore": 1919.129477005692, "initialConfidence": 35.0, "updatedScore": 1920.5887431871076, "updatedConfidence": 35.0, "teamId": 99999}]}