{"id": 28785605, "competitionId": 30067, "createTime": {"seconds": 1634940472}, "endTime": {"seconds": 1634940472}, "agents": [{"id": 72667810, "state": 2, "submissionId": 23032370, "reward": 170015, "index": 0, "initialScore": 1920.5887431871076, "initialConfidence": 35.0, "updatedScore": 1921.9734678778384, "updatedConfidence": 35.0, "teamId": 99999}, {"id": 72667811, "state": 2, "submissionId": 23176680, "reward": 20010, "index": 1, "initialScore": 1677.083882820906, "initialConfidence": 35.0, "updatedScore": 1675.6991581301747, "updatedConfidence": 35.0, "teamId": 99999}]}