{"id": 28793737, "competitionId": 30067, "createTime": {"seconds": 1634950067}, "endTime": {"seconds": 1634950067}, "agents": [{"id": 72684074, "state": 2, "submissionId": 23032370, "reward": 140014, "index": 0, "initialScore": 1921.9734678778384, "initialConfidence": 35.0, "updatedScore": 1923.3026141488335, "updatedConfidence": 35.0, "teamId": 99999}, {"id": 72684075, "state": 2, "submissionId": 23038485, "reward": 0, "index": 1, "initialScore": 1649.7510723327878, "initialConfidence": 35.0, "updatedScore": 1648.4219260617926, "updatedConfidence": 35.0, "teamId": 99999}]}