{"id": 28817831, "competitionId": 30067, "createTime": {"seconds": 1634977702}, "endTime": {"seconds": 1634977702}, "agents": [{"id": 72732262, "state": 3, "submissionId": 23176680, "reward": 0, "index": 0, "initialScore": 1679.0658590354126, "initialConfidence": 35.0, "updatedScore": 1677.7117703304937, "updatedConfidence": 35.0, "teamId": 99999}, {"id": 72732263, "state": 2, "submissionId": 23032370, "reward": 600057, "index": 1, "initialScore": 1926.1296908938, "initialConfidence": 35.0, "updatedScore": 1927.483779598719, "updatedConfidence": 35.0, "teamId": 99999}]}