{"id": 28825840, "competitionId": 30067, "createTime": {"seconds": 1634987057}, "endTime": {"seconds": 1634987057}, "agents": [{"id": 72748280, "state": 2, "submissionId": 23032370, "reward": 110011, "index": 0, "initialScore": 1927.483779598719, "initialConfidence": 35.0, "updatedScore": 1928.8496396451412, "updatedConfidence": 35.0, "teamId": 99999}, {"id": 72748281, "state": 2, "submissionId": 23176680, "reward": 20002, "index": 1, "initialScore": 1681.7935026279, "initialConfidence": 35.0, "updatedScore": 1680.4276425814771, "updatedConfidence": 35.0, "teamId": 99999}]}