{"id": 28842355, "competitionId": 30067, "createTime": {"seconds": 1635005784}, "endTime": {"seconds": 1635005784}, "agents": [{"id": 72781310, "state": 2, "submissionId": 23032370, "reward": 430032, "index": 0, "initialScore": 1919.707057280879, "initialConfidence": 35.0, "updatedScore": 1921.1815534047155, "updatedConfidence": 35.0, "teamId": 99999}, {"id": 72781311, "state": 2, "submissionId": 23323058, "reward": 320043, "index": 1, "initialScore": 1686.3486478708917, "initialConfidence": 35.0, "updatedScore": 1684.8741517470553, "updatedConfidence": 35.0, "teamId": 99999}]}