{"id": 28891928, "competitionId": 30067, "createTime": {"seconds": 1635062183}, "endTime": {"seconds": 1635062183}, "agents": [{"id": 72880456, "state": 2, "submissionId": 23323058, "reward": 170018, "index": 0, "initialScore": 1709.5970095742696, "initialConfidence": 35.0, "updatedScore": 1707.761533673394, "updatedConfidence": 35.0, "teamId": 99999}, {"id": 72880457, "state": 2, "submissionId": 23032370, "reward": 250016, "index": 1, "initialScore": 1905.6618658645332, "initialConfidence": 35.0, "updatedScore": 1907.497341765409, "updatedConfidence": 35.0, "teamId": 99999}]}