{"id": 28917664, "competitionId": 30067, "createTime": {"seconds": 1635091219}, "endTime": {"seconds": 1635091219}, "agents": [{"id": 72931928, "state": 2, "submissionId": 23032370, "reward": 650042, "index": 0, "initialScore": 1910.8353212234572, "initialConfidence": 35.0, "updatedScore": 1902.569220601511, "updatedConfidence": 35.0, "teamId": 99999}, {"id": 72931929, "state": 2, "submissionId": 23323058, "reward": 650065, "index": 1, "initialScore": 1708.62170518658, "initialConfidence": 35.0, "updatedScore": 1716.8878058085263, "updatedConfidence": 35.0, "teamId": 99999}]}