{"id": 28961051, "competitionId": 30067, "createTime": {"seconds": 1635139729}, "endTime": {"seconds": 1635139729}, "agents": [{"id": 73018702, "state": 2, "submissionId": 23032370, "reward": 310031, "index": 0, "initialScore": 1899.694011241247, "initialConfidence": 35.0, "updatedScore": 1901.7308311150812, "updatedConfidence": 35.0, "teamId": 99999}, {"id": 73018703, "state": 2, "submissionId": 23323058, "reward": 90012, "index": 1, "initialScore": 1722.5122742142803, "initialConfidence": 35.0, "updatedScore": 1720.475454340446, "updatedConfidence": 35.0, "teamId": 99999}]}