{"id": 28995139, "competitionId": 30067, "createTime": {"seconds": 1635177447}, "endTime": {"seconds": 1635177447}, "agents": [{"id": 73086878, "state": 2, "submissionId": 23034455, "reward": 160018, "index": 0, "initialScore": 1676.16404671468, "initialConfidence": 35.0, "updatedScore": 1674.5832424639907, "updatedConfidence": 35.0, "teamId": 99999}, {"id": 73086879, "state": 2, "submissionId": 23032370, "reward": 310019, "index": 1, "initialScore": 1898.001258126806, "initialConfidence": 35.0, "updatedScore": 1899.5820623774955, "updatedConfidence": 35.0, "teamId": 99999}]}