{"id": 29011735, "competitionId": 30067, "createTime": {"seconds": 1635196021}, "endTime": {"seconds": 1635196021}, "agents": [{"id": 73120070, "state": 2, "submissionId": 23129375, "reward": 0, "index": 0, "initialScore": 1661.428699117905, "initialConfidence": 35.0, "updatedScore": 1660.014890185038, "updatedConfidence": 35.0, "teamId": 99999}, {"id": 73120071, "state": 2, "submissionId": 23032370, "reward": 150015, "index": 1, "initialScore": 1901.6014193505423, "initialConfidence": 35.0, "updatedScore": 1903.0152282834088, "updatedConfidence": 35.0, "teamId": 99999}]}