{"id": 29028784, "competitionId": 30067, "createTime": {"seconds": 1635215235}, "endTime": {"seconds": 1635215235}, "agents": [{"id": 73154168, "state": 2, "submissionId": 23323058, "reward": 150026, "index": 0, "initialScore": 1720.923403375289, "initialConfidence": 35.0, "updatedScore": 1718.8529078605409, "updatedConfidence": 35.0, "teamId": 99999}, {"id": 73154169, "state": 2, "submissionId": 23032370, "reward": 460018, "index": 1, "initialScore": 1895.055854983268, "initialConfidence": 35.0, "updatedScore": 1897.126350498016, "updatedConfidence": 35.0, "teamId": 99999}]}