{"id": 29045429, "competitionId": 30067, "createTime": {"seconds": 1635233476}, "endTime": {"seconds": 1635233476}, "agents": [{"id": 73187458, "state": 2, "submissionId": 23032370, "reward": 500030, "index": 0, "initialScore": 1899.1506012214004, "initialConfidence": 35.0, "updatedScore": 1901.1343243729104, "updatedConfidence": 35.0, "teamId": 99999}, {"id": 73187459, "state": 2, "submissionId": 23323058, "reward": 310031, "index": 1, "initialScore": 1717.1005309735256, "initialConfidence": 35.0, "updatedScore": 1715.1168078220155, "updatedConfidence": 35.0, "teamId": 99999}]}