{"id": 29054123, "competitionId": 30067, "createTime": {"seconds": 1635243075}, "endTime": {"seconds": 1635243075}, "agents": [{"id": 73204846, "state": 2, "submissionId": 23032370, "reward": 140010, "index": 0, "initialScore": 1901.1343243729104, "initialConfidence": 35.0, "updatedScore": 1903.04300260187, "updatedConfidence": 35.0, "teamId": 99999}, {"id": 73204847, "state": 2, "submissionId": 23323058, "reward": 110011, "index": 1, "initialScore": 1712.0707148439874, "initialConfidence": 35.0, "updatedScore": 1710.1620366150278, "updatedConfidence": 35.0, "teamId": 99999}]}