{"id": 29079470, "competitionId": 30067, "createTime": {"seconds": 1635270741}, "endTime": {"seconds": 1635270741}, "agents": [{"id": 73255540, "state": 2, "submissionId": 23032370, "reward": 70007, "index": 0, "initialScore": 1896.9317151967757, "initialConfidence": 35.0, "updatedScore": 1898.6212263871869, "updatedConfidence": 35.0, "teamId": 99999}, {"id": 73255541, "state": 2, "submissionId": 23302588, "reward": 20002, "index": 1, "initialScore": 1686.385741279856, "initialConfidence": 35.0, "updatedScore": 1684.696230089445, "updatedConfidence": 35.0, "teamId": 99999}]}