{"id": 29071080, "competitionId": 30067, "createTime": {"seconds": 1635261618}, "endTime": {"seconds": 1635261618}, "agents": [{"id": 73238760, "state": 2, "submissionId": 23032370, "reward": 80008, "index": 0, "initialScore": 1894.9164219687643, "initialConfidence": 35.0, "updatedScore": 1896.9317151967757, "updatedConfidence": 35.0, "teamId": 99999}, {"id": 73238761, "state": 2, "submissionId": 23323058, "reward": 1, "index": 1, "initialScore": 1715.770024676691, "initialConfidence": 35.0, "updatedScore": 1713.75473144868, "updatedConfidence": 35.0, "teamId": 99999}]}