{"id": 29105358, "competitionId": 30067, "createTime": {"seconds": 1635299188}, "endTime": {"seconds": 1635299188}, "agents": [{"id": 73307316, "state": 2, "submissionId": 23256560, "reward": 10002, "index": 0, "initialScore": 1675.9662884017578, "initialConfidence": 35.0, "updatedScore": 1674.427648168674, "updatedConfidence": 35.0, "teamId": 99999}, {"id": 73307317, "state": 2, "submissionId": 23032370, "reward": 160011, "index": 1, "initialScore": 1902.312933584249, "initialConfidence": 35.0, "updatedScore": 1903.8515738173328, "updatedConfidence": 35.0, "teamId": 99999}]}