{"id": 29113919, "competitionId": 30067, "createTime": {"seconds": 1635308547}, "endTime": {"seconds": 1635308547}, "agents": [{"id": 73324438, "state": 2, "submissionId": 23302588, "reward": 340034, "index": 0, "initialScore": 1691.917858231185, "initialConfidence": 35.0, "updatedScore": 1690.241948846075, "updatedConfidence": 35.0, "teamId": 99999}, {"id": 73324439, "state": 2, "submissionId": 23032370, "reward": 500053, "index": 1, "initialScore": 1903.8515738173328, "initialConfidence": 35.0, "updatedScore": 1905.527483202443, "updatedConfidence": 35.0, "teamId": 99999}]}