{"id": 29132271, "competitionId": 30067, "createTime": {"seconds": 1635327513}, "endTime": {"seconds": 1635327513}, "agents": [{"id": 73360142, "state": 2, "submissionId": 23323058, "reward": 110011, "index": 0, "initialScore": 1708.0724902556417, "initialConfidence": 35.0, "updatedScore": 1716.2700053371543, "updatedConfidence": 35.0, "teamId": 99999}, {"id": 73360143, "state": 2, "submissionId": 23032370, "reward": 20005, "index": 1, "initialScore": 1906.9407230763777, "initialConfidence": 35.0, "updatedScore": 1898.7432079948649, "updatedConfidence": 35.0, "teamId": 99999}]}