{"id": 29141436, "competitionId": 30067, "createTime": {"seconds": 1635337356}, "endTime": {"seconds": 1635337356}, "agents": [{"id": 73378472, "state": 2, "submissionId": 23032370, "reward": 620037, "index": 0, "initialScore": 1898.7432079948649, "initialConfidence": 35.0, "updatedScore": 1900.303498988404, "updatedConfidence": 35.0, "teamId": 99999}, {"id": 73378473, "state": 2, "submissionId": 23302588, "reward": 120013, "index": 1, "initialScore": 1674.7216405365834, "initialConfidence": 35.0, "updatedScore": 1673.1613495430445, "updatedConfidence": 35.0, "teamId": 99999}]}