{"id": 29159227, "competitionId": 30067, "createTime": {"seconds": 1635356964}, "endTime": {"seconds": 1635356964}, "agents": [{"id": 73414054, "state": 2, "submissionId": 23323058, "reward": 100011, "index": 0, "initialScore": 1720.6643296354137, "initialConfidence": 35.0, "updatedScore": 1718.6761910838366, "updatedConfidence": 35.0, "teamId": 99999}, {"id": 73414055, "state": 2, "submissionId": 23032370, "reward": 210021, "index": 1, "initialScore": 1902.3066658764783, "initialConfidence": 35.0, "updatedScore": 1904.2948044280556, "updatedConfidence": 35.0, "teamId": 99999}]}