{"id": 29150377, "competitionId": 30067, "createTime": {"seconds": 1635347170}, "endTime": {"seconds": 1635347170}, "agents": [{"id": 73396354, "state": 2, "submissionId": 23032370, "reward": 160015, "index": 0, "initialScore": 1900.303498988404, "initialConfidence": 35.0, "updatedScore": 1902.3066658764783, "updatedConfidence": 35.0, "teamId": 99999}, {"id": 73396355, "state": 2, "submissionId": 23323058, "reward": 10001, "index": 1, "initialScore": 1720.0449572707662, "initialConfidence": 35.0, "updatedScore": 1718.041790382692, "updatedConfidence": 35.0, "teamId": 99999}]}