{"id": 29167700, "competitionId": 30067, "createTime": {"seconds": 1635366083}, "endTime": {"seconds": 1635366083}, "agents": [{"id": 73431000, "state": 2, "submissionId": 23032370, "reward": 2, "index": 0, "initialScore": 1904.2948044280556, "initialConfidence": 35.0, "updatedScore": 1895.4548668181696, "updatedConfidence": 35.0, "teamId": 99999}, {"id": 73431001, "state": 2, "submissionId": 23303548, "reward": 90009, "index": 1, "initialScore": 1674.3954225487537, "initialConfidence": 35.0, "updatedScore": 1683.2353601586392, "updatedConfidence": 35.0, "teamId": 99999}]}