{"id": 29177320, "competitionId": 30067, "createTime": {"seconds": 1635378313}, "endTime": {"seconds": 1635378313}, "agents": [{"id": 73449240, "state": 2, "submissionId": 23256560, "reward": 310030, "index": 0, "initialScore": 1683.5428759693275, "initialConfidence": 35.0, "updatedScore": 1681.8667541723055, "updatedConfidence": 35.0, "teamId": 99999}, {"id": 73449241, "state": 2, "submissionId": 23032370, "reward": 520041, "index": 1, "initialScore": 1895.4548668181696, "initialConfidence": 35.0, "updatedScore": 1897.130988615192, "updatedConfidence": 35.0, "teamId": 99999}]}