{"id": 29186270, "competitionId": 30067, "createTime": {"seconds": 1635387942}, "endTime": {"seconds": 1635387942}, "agents": [{"id": 73467140, "state": 2, "submissionId": 23032370, "reward": 830067, "index": 0, "initialScore": 1897.130988615192, "initialConfidence": 35.0, "updatedScore": 1899.204933658832, "updatedConfidence": 35.0, "teamId": 99999}, {"id": 73467141, "state": 2, "submissionId": 23323058, "reward": 430051, "index": 1, "initialScore": 1723.3092517715515, "initialConfidence": 35.0, "updatedScore": 1721.2353067279114, "updatedConfidence": 35.0, "teamId": 99999}]}