{"id": 29212821, "competitionId": 30067, "createTime": {"seconds": 1635416281}, "endTime": {"seconds": 1635416281}, "agents": [{"id": 73520242, "state": 2, "submissionId": 23032370, "reward": 6, "index": 0, "initialScore": 1893.45763997178, "initialConfidence": 35.0, "updatedScore": 1884.9313049231664, "updatedConfidence": 35.0, "teamId": 99999}, {"id": 73520243, "state": 2, "submissionId": 23303548, "reward": 140017, "index": 1, "initialScore": 1678.623277916641, "initialConfidence": 35.0, "updatedScore": 1687.1496129652542, "updatedConfidence": 35.0, "teamId": 99999}]}