{"id": 29230493, "competitionId": 30067, "createTime": {"seconds": 1635435031}, "endTime": {"seconds": 1635435031}, "agents": [{"id": 73555586, "state": 2, "submissionId": 23032370, "reward": 180019, "index": 0, "initialScore": 1886.6495041430671, "initialConfidence": 35.0, "updatedScore": 1888.463648262908, "updatedConfidence": 35.0, "teamId": 99999}, {"id": 73555587, "state": 2, "submissionId": 23303548, "reward": 10003, "index": 1, "initialScore": 1688.5130052360655, "initialConfidence": 35.0, "updatedScore": 1686.6988611162244, "updatedConfidence": 35.0, "teamId": 99999}]}