{"id": 29257406, "competitionId": 30067, "createTime": {"seconds": 1635463427}, "endTime": {"seconds": 1635463427}, "agents": [{"id": 73609412, "state": 2, "submissionId": 23323058, "reward": 20002, "index": 0, "initialScore": 1712.2881880144073, "initialConfidence": 35.0, "updatedScore": 1710.2784023656243, "updatedConfidence": 35.0, "teamId": 99999}, {"id": 73609413, "state": 2, "submissionId": 23032370, "reward": 30003, "index": 1, "initialScore": 1891.9392146590872, "initialConfidence": 35.0, "updatedScore": 1893.9490003078704, "updatedConfidence": 35.0, "teamId": 99999}]}