{"id": 29266527, "competitionId": 30067, "createTime": {"seconds": 1635473056}, "endTime": {"seconds": 1635473056}, "agents": [{"id": 73627654, "state": 2, "submissionId": 23032370, "reward": 350036, "index": 0, "initialScore": 1893.9490003078704, "initialConfidence": 35.0, "updatedScore": 1895.8655321517383, "updatedConfidence": 35.0, "teamId": 99999}, {"id": 73627655, "state": 2, "submissionId": 23323058, "reward": 290029, "index": 1, "initialScore": 1705.6269439087598, "initialConfidence": 35.0, "updatedScore": 1703.7104120648914, "updatedConfidence": 35.0, "teamId": 99999}]}