{"id": 29293113, "competitionId": 30067, "createTime": {"seconds": 1635500898}, "endTime": {"seconds": 1635500898}, "agents": [{"id": 73680826, "state": 2, "submissionId": 23032370, "reward": 350034, "index": 0, "initialScore": 1889.619754342474, "initialConfidence": 35.0, "updatedScore": 1881.630345530757, "updatedConfidence": 35.0, "teamId": 99999}, {"id": 73680827, "state": 2, "submissionId": 23034455, "reward": 370037, "index": 1, "initialScore": 1700.9536584537632, "initialConfidence": 35.0, "updatedScore": 1708.94306726548, "updatedConfidence": 35.0, "teamId": 99999}]}