{"id": 26689929, "competitionId": 30067, "createTime": {"seconds": 1631204730}, "endTime": {"seconds": 1631204730}, "agents": [{"id": 68476537, "state": 2, "submissionId": 22609504, "reward": 10001, "index": 0, "initialScore": 963.851666368013, "initialConfidence": 35.0, "updatedScore": 961.2464622511204, "updatedConfidence": 35.0, "teamId": 99999}, {"id": 68476538, "state": 2, "submissionId": 22777661, "reward": 50004, "index": 1, "initialScore": 1084.8314001579024, "initialConfidence": 100.39135429001507, "updatedScore": 1106.265156679331, "updatedConfidence": 95.68341522301628, "teamId": 99999}]}