{"id": 26689645, "competitionId": 30067, "createTime": {"seconds": 1631203770}, "endTime": {"seconds": 1631203770}, "agents": [{"id": 68475969, "state": 2, "submissionId": 22777661, "reward": 210019, "index": 0, "initialScore": 976.2622044754028, "initialConfidence": 127.43231784513726, "updatedScore": 994.9594215145472, "updatedConfidence": 121.13860987264036, "teamId": 99999}, {"id": 68475970, "state": 2, "submissionId": 22507703, "reward": 10001, "index": 1, "initialScore": 695.2792528362826, "initialConfidence": 35.0, "updatedScore": 693.8688151840495, "updatedConfidence": 35.0, "teamId": 99999}]}