{"id": 26689717, "competitionId": 30067, "createTime": {"seconds": 1631204010}, "endTime": {"seconds": 1631204010}, "agents": [{"id": 68476113, "state": 2, "submissionId": 22430823, "reward": 0, "index": 0, "initialScore": 913.030068420946, "initialConfidence": 35.0, "updatedScore": 909.2438947354782, "updatedConfidence": 35.0, "teamId": 99999}, {"id": 68476114, "state": 2, "submissionId": 22777661, "reward": 290031, "index": 1, "initialScore": 914.0672416713976, "initialConfidence": 141.85524043466089, "updatedScore": 976.2622044754028, "updatedConfidence": 127.43231784513726, "teamId": 99999}]}