{"id": 26698403, "competitionId": 30067, "createTime": {"seconds": 1631233845}, "endTime": {"seconds": 1631233845}, "agents": [{"id": 68493485, "state": 2, "submissionId": 22777661, "reward": 270023, "index": 0, "initialScore": 1490.2599983046969, "initialConfidence": 41.03994116465218, "updatedScore": 1493.8424710640172, "updatedConfidence": 40.68477851268659, "teamId": 99999}, {"id": 68493486, "state": 2, "submissionId": 22633486, "reward": 40004, "index": 1, "initialScore": 1361.5972111953283, "initialConfidence": 35.0, "updatedScore": 1358.9916245089505, "updatedConfidence": 35.0, "teamId": 99999}]}