{"id": 26690914, "competitionId": 30067, "createTime": {"seconds": 1631208091}, "endTime": {"seconds": 1631208091}, "agents": [{"id": 68478507, "state": 2, "submissionId": 22777661, "reward": 50019, "index": 0, "initialScore": 1279.889478194659, "initialConfidence": 68.16239631908877, "updatedScore": 1293.8817311532782, "updatedConfidence": 66.2915722705261, "teamId": 99999}, {"id": 68478508, "state": 2, "submissionId": 22711987, "reward": 0, "index": 1, "initialScore": 1236.105949321569, "initialConfidence": 35.0, "updatedScore": 1232.416733721302, "updatedConfidence": 35.0, "teamId": 99999}]}