{"id": 26692465, "competitionId": 30067, "createTime": {"seconds": 1631213503}, "endTime": {"seconds": 1631213503}, "agents": [{"id": 68481609, "state": 2, "submissionId": 22621320, "reward": 0, "index": 0, "initialScore": 1416.9685225495646, "initialConfidence": 35.0, "updatedScore": 1413.2912469115831, "updatedConfidence": 35.0, "teamId": 99999}, {"id": 68481610, "state": 2, "submissionId": 22777661, "reward": 130013, "index": 1, "initialScore": 1467.0079276470935, "initialConfidence": 45.09122748419953, "updatedScore": 1473.111361071856, "updatedConfidence": 44.53242035854875, "teamId": 99999}]}