{"id": 26691336, "competitionId": 30067, "createTime": {"seconds": 1631209668}, "endTime": {"seconds": 1631209668}, "agents": [{"id": 68479351, "state": 2, "submissionId": 22777661, "reward": 30000, "index": 0, "initialScore": 1386.417415738832, "initialConfidence": 55.401636849116095, "updatedScore": 1394.1759295454483, "updatedConfidence": 54.46150955981329, "teamId": 99999}, {"id": 68479352, "state": 2, "submissionId": 22570308, "reward": 10001, "index": 1, "initialScore": 1297.0943544622055, "initialConfidence": 35.0, "updatedScore": 1293.9978662319472, "updatedConfidence": 35.0, "teamId": 99999}]}