{"id": 26690844, "competitionId": 30067, "createTime": {"seconds": 1631207850}, "endTime": {"seconds": 1631207850}, "agents": [{"id": 68478367, "state": 2, "submissionId": 22777661, "reward": 610057, "index": 0, "initialScore": 1293.8817311532782, "initialConfidence": 66.2915722705261, "updatedScore": 1309.119205085428, "updatedConfidence": 64.4507769326218, "teamId": 99999}, {"id": 68478368, "state": 2, "submissionId": 22739150, "reward": 0, "index": 1, "initialScore": 1287.288970918789, "initialConfidence": 35.0, "updatedScore": 1283.0414803296355, "updatedConfidence": 35.0, "teamId": 99999}]}