{"id": 26691479, "competitionId": 30067, "createTime": {"seconds": 1631210143}, "endTime": {"seconds": 1631210143}, "agents": [{"id": 68479637, "state": 2, "submissionId": 22715738, "reward": 10000, "index": 0, "initialScore": 1297.7380387529906, "initialConfidence": 35.0, "updatedScore": 1294.8227289741087, "updatedConfidence": 35.0, "teamId": 99999}, {"id": 68479638, "state": 2, "submissionId": 22777661, "reward": 90008, "index": 1, "initialScore": 1400.9955571581856, "initialConfidence": 53.61008407729732, "updatedScore": 1407.8353287229304, "updatedConfidence": 52.78223336923273, "teamId": 99999}]}