{"id": 26692044, "competitionId": 30067, "createTime": {"seconds": 1631212060}, "endTime": {"seconds": 1631212060}, "agents": [{"id": 68480767, "state": 2, "submissionId": 22664421, "reward": 20002, "index": 0, "initialScore": 1364.073910390529, "initialConfidence": 35.0, "updatedScore": 1361.0020318178424, "updatedConfidence": 35.0, "teamId": 99999}, {"id": 68480768, "state": 2, "submissionId": 22777661, "reward": 210020, "index": 1, "initialScore": 1456.353981572474, "initialConfidence": 47.60577481811886, "updatedScore": 1462.0371068798245, "updatedConfidence": 47.00567776272383, "teamId": 99999}]}