{"id": 26693490, "competitionId": 30067, "createTime": {"seconds": 1631216865}, "endTime": {"seconds": 1631216865}, "agents": [{"id": 68483659, "state": 2, "submissionId": 22777661, "reward": 70006, "index": 0, "initialScore": 1489.0061719686064, "initialConfidence": 43.04606771046232, "updatedScore": 1482.4746325066135, "updatedConfidence": 42.52170722078486, "teamId": 99999}, {"id": 68483660, "state": 2, "submissionId": 22724492, "reward": 130013, "index": 1, "initialScore": 1497.9441743426123, "initialConfidence": 35.0, "updatedScore": 1502.262194593946, "updatedConfidence": 35.0, "teamId": 99999}]}