{"id": 26695519, "competitionId": 30067, "createTime": {"seconds": 1631223824}, "endTime": {"seconds": 1631223824}, "agents": [{"id": 68487717, "state": 2, "submissionId": 22777661, "reward": 170013, "index": 0, "initialScore": 1476.6706169791742, "initialConfidence": 42.03679445921392, "updatedScore": 1484.1064428178825, "updatedConfidence": 41.51154507140047, "teamId": 99999}, {"id": 68487718, "state": 2, "submissionId": 22760613, "reward": 110011, "index": 1, "initialScore": 1518.2591976503352, "initialConfidence": 36.99704904196346, "updatedScore": 1512.4994401726235, "updatedConfidence": 36.63947988926, "teamId": 99999}]}