{"id": 26690491, "competitionId": 30067, "createTime": {"seconds": 1631206650}, "endTime": {"seconds": 1631206650}, "agents": [{"id": 68477661, "state": 2, "submissionId": 22660493, "reward": 0, "index": 0, "initialScore": 1128.180397233935, "initialConfidence": 35.0, "updatedScore": 1125.3140469804953, "updatedConfidence": 35.0, "teamId": 99999}, {"id": 68477662, "state": 2, "submissionId": 22777661, "reward": 170017, "index": 1, "initialScore": 1231.952281102794, "initialConfidence": 74.81451314014258, "updatedScore": 1245.0490715087458, "updatedConfidence": 72.65717791396054, "teamId": 99999}]}