{"id": 26699891, "competitionId": 30067, "createTime": {"seconds": 1631239098}, "endTime": {"seconds": 1631239098}, "agents": [{"id": 68496461, "state": 2, "submissionId": 22724492, "reward": 150015, "index": 0, "initialScore": 1493.3371342147395, "initialConfidence": 35.0, "updatedScore": 1488.8740855285166, "updatedConfidence": 35.0, "teamId": 99999}, {"id": 68496462, "state": 2, "submissionId": 22777661, "reward": 190017, "index": 1, "initialScore": 1493.8424710640172, "initialConfidence": 40.68477851268659, "updatedScore": 1499.873056129528, "updatedConfidence": 40.234490487339215, "teamId": 99999}]}