{"id": 26702640, "competitionId": 30067, "createTime": {"seconds": 1631248487}, "endTime": {"seconds": 1631248487}, "agents": [{"id": 68501959, "state": 2, "submissionId": 22777661, "reward": 150012, "index": 0, "initialScore": 1499.873056129528, "initialConfidence": 40.234490487339215, "updatedScore": 1504.286326546076, "updatedConfidence": 39.85354741757941, "teamId": 99999}, {"id": 68501960, "state": 2, "submissionId": 22636823, "reward": 0, "index": 1, "initialScore": 1425.863317115956, "initialConfidence": 35.0, "updatedScore": 1422.5236774108378, "updatedConfidence": 35.0, "teamId": 99999}]}