{"id": 26703495, "competitionId": 30067, "createTime": {"seconds": 1631251367}, "endTime": {"seconds": 1631251367}, "agents": [{"id": 68503669, "state": 2, "submissionId": 22632069, "reward": 0, "index": 0, "initialScore": 1449.8175806340366, "initialConfidence": 35.0, "updatedScore": 1446.262037499778, "updatedConfidence": 35.0, "teamId": 99999}, {"id": 68503670, "state": 2, "submissionId": 22777661, "reward": 420039, "index": 1, "initialScore": 1509.0360006057936, "initialConfidence": 39.46620578772905, "updatedScore": 1513.5568559937583, "updatedConfidence": 39.09522748606916, "teamId": 99999}]}