{"id": 26715363, "competitionId": 30067, "createTime": {"seconds": 1631290968}, "endTime": {"seconds": 1631290968}, "agents": [{"id": 68527405, "state": 2, "submissionId": 22724492, "reward": 0, "index": 0, "initialScore": 1492.350121382903, "initialConfidence": 35.0, "updatedScore": 1488.385822949388, "updatedConfidence": 35.0, "teamId": 99999}, {"id": 68527406, "state": 2, "submissionId": 22777661, "reward": 90009, "index": 1, "initialScore": 1524.7452630283506, "initialConfidence": 38.120652216439474, "updatedScore": 1529.4480022544392, "updatedConfidence": 37.76833474819056, "teamId": 99999}]}