{"id": 26739485, "competitionId": 30067, "createTime": {"seconds": 1631370579}, "endTime": {"seconds": 1631370579}, "agents": [{"id": 68575649, "state": 2, "submissionId": 22777661, "reward": 150015, "index": 0, "initialScore": 1553.3632580758374, "initialConfidence": 35.267758789132145, "updatedScore": 1556.1400046950532, "updatedConfidence": 35.035117532963, "teamId": 99999}, {"id": 68575650, "state": 2, "submissionId": 22647860, "reward": 1, "index": 1, "initialScore": 1434.4392384439525, "initialConfidence": 35.0, "updatedScore": 1431.7044948300563, "updatedConfidence": 35.0, "teamId": 99999}]}