{"id": 26745905, "competitionId": 30067, "createTime": {"seconds": 1631391458}, "endTime": {"seconds": 1631391458}, "agents": [{"id": 68588489, "state": 2, "submissionId": 22777661, "reward": 110010, "index": 0, "initialScore": 1552.7052025264136, "initialConfidence": 35.0, "updatedScore": 1555.8738256680451, "updatedConfidence": 35.0, "teamId": 99999}, {"id": 68588490, "state": 2, "submissionId": 22632069, "reward": 2, "index": 1, "initialScore": 1465.9661577308725, "initialConfidence": 35.0, "updatedScore": 1462.797534589241, "updatedConfidence": 35.0, "teamId": 99999}]}