{"id": 26742638, "competitionId": 30067, "createTime": {"seconds": 1631380898}, "endTime": {"seconds": 1631380898}, "agents": [{"id": 68581955, "state": 2, "submissionId": 22777661, "reward": 70013, "index": 0, "initialScore": 1556.1400046950532, "initialConfidence": 35.035117532963, "updatedScore": 1550.358776435326, "updatedConfidence": 35.0, "teamId": 99999}, {"id": 68581956, "state": 2, "submissionId": 22773016, "reward": 590059, "index": 1, "initialScore": 1482.4283201010908, "initialConfidence": 35.0, "updatedScore": 1488.1979645136248, "updatedConfidence": 35.0, "teamId": 99999}]}