{"id": 26755965, "competitionId": 30067, "createTime": {"seconds": 1631423858}, "endTime": {"seconds": 1631423858}, "agents": [{"id": 68608609, "state": 2, "submissionId": 22777661, "reward": 90009, "index": 0, "initialScore": 1562.423876180482, "initialConfidence": 35.0, "updatedScore": 1565.9788341119397, "updatedConfidence": 35.0, "teamId": 99999}, {"id": 68608610, "state": 2, "submissionId": 22744835, "reward": 0, "index": 1, "initialScore": 1502.5322078258648, "initialConfidence": 35.0, "updatedScore": 1498.9772498944074, "updatedConfidence": 35.0, "teamId": 99999}]}