{"id": 26771265, "competitionId": 30067, "createTime": {"seconds": 1631472367}, "endTime": {"seconds": 1631472367}, "agents": [{"id": 68639209, "state": 2, "submissionId": 22803974, "reward": 80017, "index": 0, "initialScore": 1559.7737822436952, "initialConfidence": 40.6262903383952, "updatedScore": 1554.005948808137, "updatedConfidence": 40.18598892053572, "teamId": 99999}, {"id": 68639210, "state": 2, "submissionId": 22777661, "reward": 220021, "index": 1, "initialScore": 1571.577439295033, "initialConfidence": 35.0, "updatedScore": 1575.8583331849502, "updatedConfidence": 35.0, "teamId": 99999}]}