{"id": 26777442, "competitionId": 30067, "createTime": {"seconds": 1631491837}, "endTime": {"seconds": 1631491837}, "agents": [{"id": 68651563, "state": 2, "submissionId": 22803895, "reward": 480048, "index": 0, "initialScore": 1518.453808905374, "initialConfidence": 39.04158433704462, "updatedScore": 1525.3334357444576, "updatedConfidence": 38.60667553174381, "teamId": 99999}, {"id": 68651564, "state": 2, "submissionId": 22777661, "reward": 350032, "index": 1, "initialScore": 1579.981228078555, "initialConfidence": 35.0, "updatedScore": 1574.4522342636144, "updatedConfidence": 35.0, "teamId": 99999}]}