{"id": 26780804, "competitionId": 30067, "createTime": {"seconds": 1631502397}, "endTime": {"seconds": 1631502397}, "agents": [{"id": 68658287, "state": 2, "submissionId": 22777661, "reward": 280025, "index": 0, "initialScore": 1574.4522342636144, "initialConfidence": 35.0, "updatedScore": 1578.0612713175908, "updatedConfidence": 35.0, "teamId": 99999}, {"id": 68658288, "state": 2, "submissionId": 22803895, "reward": 200019, "index": 1, "initialScore": 1518.661036625202, "initialConfidence": 38.187267983217325, "updatedScore": 1514.364758085438, "updatedConfidence": 37.84834790451182, "teamId": 99999}]}