{"id": 26784088, "competitionId": 30067, "createTime": {"seconds": 1631512969}, "endTime": {"seconds": 1631512969}, "agents": [{"id": 68664855, "state": 2, "submissionId": 22777661, "reward": 150014, "index": 0, "initialScore": 1578.0612713175908, "initialConfidence": 35.0, "updatedScore": 1581.6308576043718, "updatedConfidence": 35.0, "teamId": 99999}, {"id": 68664856, "state": 2, "submissionId": 22803895, "reward": 140024, "index": 1, "initialScore": 1519.5035375083462, "initialConfidence": 37.48719579716913, "updatedScore": 1515.4085959793683, "updatedConfidence": 37.1680406602953, "teamId": 99999}]}