{"id": 26791851, "competitionId": 30067, "createTime": {"seconds": 1631536999}, "endTime": {"seconds": 1631536999}, "agents": [{"id": 68680381, "state": 2, "submissionId": 22724492, "reward": 160016, "index": 0, "initialScore": 1505.5316412141235, "initialConfidence": 35.0, "updatedScore": 1511.4812911084982, "updatedConfidence": 35.0, "teamId": 99999}, {"id": 68680382, "state": 2, "submissionId": 22777661, "reward": 140012, "index": 1, "initialScore": 1589.074586688096, "initialConfidence": 35.0, "updatedScore": 1583.1249367937214, "updatedConfidence": 35.0, "teamId": 99999}]}