{"id": 26803607, "competitionId": 30067, "createTime": {"seconds": 1631573677}, "endTime": {"seconds": 1631573677}, "agents": [{"id": 68703893, "state": 2, "submissionId": 22777661, "reward": 100009, "index": 0, "initialScore": 1581.06637128726, "initialConfidence": 35.0, "updatedScore": 1584.0897266897043, "updatedConfidence": 35.0, "teamId": 99999}, {"id": 68703894, "state": 2, "submissionId": 22744835, "reward": 10002, "index": 1, "initialScore": 1483.8137915855648, "initialConfidence": 35.0, "updatedScore": 1480.7904361831204, "updatedConfidence": 35.0, "teamId": 99999}]}