{"id": 26829777, "competitionId": 30067, "createTime": {"seconds": 1631653104}, "endTime": {"seconds": 1631653104}, "agents": [{"id": 68756233, "state": 2, "submissionId": 22624481, "reward": 270027, "index": 0, "initialScore": 1459.5105118550457, "initialConfidence": 35.0, "updatedScore": 1457.019698919598, "updatedConfidence": 35.0, "teamId": 99999}, {"id": 68756234, "state": 2, "submissionId": 22777661, "reward": 350032, "index": 1, "initialScore": 1597.752592342145, "initialConfidence": 35.0, "updatedScore": 1600.2434052775925, "updatedConfidence": 35.0, "teamId": 99999}]}