{"id": 26866919, "competitionId": 30067, "createTime": {"seconds": 1631761447}, "endTime": {"seconds": 1631761447}, "agents": [{"id": 68830517, "state": 2, "submissionId": 22777661, "reward": 120012, "index": 0, "initialScore": 1623.410940450158, "initialConfidence": 35.0, "updatedScore": 1626.5369347094647, "updatedConfidence": 35.0, "teamId": 99999}, {"id": 68830518, "state": 2, "submissionId": 22803895, "reward": 60007, "index": 1, "initialScore": 1533.612456718988, "initialConfidence": 35.0, "updatedScore": 1530.4864624596812, "updatedConfidence": 35.0, "teamId": 99999}]}