{"id": 26863049, "competitionId": 30067, "createTime": {"seconds": 1631750316}, "endTime": {"seconds": 1631750316}, "agents": [{"id": 68822777, "state": 2, "submissionId": 22803974, "reward": 150015, "index": 0, "initialScore": 1533.3130826654417, "initialConfidence": 35.0, "updatedScore": 1530.235024895584, "updatedConfidence": 35.0, "teamId": 99999}, {"id": 68822778, "state": 2, "submissionId": 22777661, "reward": 170009, "index": 1, "initialScore": 1626.5772023310892, "initialConfidence": 35.0, "updatedScore": 1629.6552601009469, "updatedConfidence": 35.0, "teamId": 99999}]}