{"id": 26878534, "competitionId": 30067, "createTime": {"seconds": 1631794567}, "endTime": {"seconds": 1631794567}, "agents": [{"id": 68853747, "state": 2, "submissionId": 22777661, "reward": 140014, "index": 0, "initialScore": 1626.6003455624077, "initialConfidence": 35.0, "updatedScore": 1629.2051194407288, "updatedConfidence": 35.0, "teamId": 99999}, {"id": 68853748, "state": 2, "submissionId": 22744835, "reward": 50005, "index": 1, "initialScore": 1497.4962474753847, "initialConfidence": 35.0, "updatedScore": 1494.8914735970634, "updatedConfidence": 35.0, "teamId": 99999}]}