{"id": 26874439, "competitionId": 30067, "createTime": {"seconds": 1631782809}, "endTime": {"seconds": 1631782809}, "agents": [{"id": 68845557, "state": 2, "submissionId": 22777661, "reward": 230022, "index": 0, "initialScore": 1623.4920964354433, "initialConfidence": 35.0, "updatedScore": 1626.6003455624077, "updatedConfidence": 35.0, "teamId": 99999}, {"id": 68845558, "state": 2, "submissionId": 22795785, "reward": 110011, "index": 1, "initialScore": 1532.4138608496444, "initialConfidence": 35.0, "updatedScore": 1529.3056117226802, "updatedConfidence": 35.0, "teamId": 99999}]}