{"id": 26870434, "competitionId": 30067, "createTime": {"seconds": 1631771527}, "endTime": {"seconds": 1631771527}, "agents": [{"id": 68837547, "state": 2, "submissionId": 22777661, "reward": 200024, "index": 0, "initialScore": 1626.5369347094647, "initialConfidence": 35.0, "updatedScore": 1620.2117589836987, "updatedConfidence": 35.0, "teamId": 99999}, {"id": 68837548, "state": 2, "submissionId": 22795785, "reward": 410041, "index": 1, "initialScore": 1522.807748319231, "initialConfidence": 35.0, "updatedScore": 1529.132924044997, "updatedConfidence": 35.0, "teamId": 99999}]}