{"id": 26886148, "competitionId": 30067, "createTime": {"seconds": 1631815926}, "endTime": {"seconds": 1631815926}, "agents": [{"id": 68868975, "state": 2, "submissionId": 22803895, "reward": 510051, "index": 0, "initialScore": 1549.864741774157, "initialConfidence": 35.0, "updatedScore": 1555.7954101158523, "updatedConfidence": 35.0, "teamId": 99999}, {"id": 68868976, "state": 2, "submissionId": 22777661, "reward": 360027, "index": 1, "initialScore": 1632.375180179134, "initialConfidence": 35.0, "updatedScore": 1626.4445118374383, "updatedConfidence": 35.0, "teamId": 99999}]}