{"id": 26889821, "competitionId": 30067, "createTime": {"seconds": 1631826396}, "endTime": {"seconds": 1631826396}, "agents": [{"id": 68876321, "state": 2, "submissionId": 22724492, "reward": 150034, "index": 0, "initialScore": 1544.4880142282047, "initialConfidence": 35.0, "updatedScore": 1541.252172963562, "updatedConfidence": 35.0, "teamId": 99999}, {"id": 68876322, "state": 2, "submissionId": 22777661, "reward": 310018, "index": 1, "initialScore": 1626.4445118374383, "initialConfidence": 35.0, "updatedScore": 1629.6803531020812, "updatedConfidence": 35.0, "teamId": 99999}]}