{"id": 26897183, "competitionId": 30067, "createTime": {"seconds": 1631847124}, "endTime": {"seconds": 1631847124}, "agents": [{"id": 68891045, "state": 2, "submissionId": 22803895, "reward": 270027, "index": 0, "initialScore": 1551.0487623333831, "initialConfidence": 35.0, "updatedScore": 1547.6573899623577, "updatedConfidence": 35.0, "teamId": 99999}, {"id": 68891046, "state": 2, "submissionId": 22777661, "reward": 310027, "index": 1, "initialScore": 1622.1247472315072, "initialConfidence": 35.0, "updatedScore": 1625.5161196025326, "updatedConfidence": 35.0, "teamId": 99999}]}