{"id": 26905405, "competitionId": 30067, "createTime": {"seconds": 1631869924}, "endTime": {"seconds": 1631869924}, "agents": [{"id": 68907489, "state": 2, "submissionId": 22803974, "reward": 210024, "index": 0, "initialScore": 1538.6156495650534, "initialConfidence": 35.0, "updatedScore": 1544.7493182514247, "updatedConfidence": 35.0, "teamId": 99999}, {"id": 68907490, "state": 2, "submissionId": 22777661, "reward": 190012, "index": 1, "initialScore": 1632.1064630552328, "initialConfidence": 35.0, "updatedScore": 1625.9727943688615, "updatedConfidence": 35.0, "teamId": 99999}]}