{"id": 26909477, "competitionId": 30067, "createTime": {"seconds": 1631881203}, "endTime": {"seconds": 1631881203}, "agents": [{"id": 68915633, "state": 2, "submissionId": 22777661, "reward": 160010, "index": 0, "initialScore": 1625.9727943688615, "initialConfidence": 35.0, "updatedScore": 1628.8205667796058, "updatedConfidence": 35.0, "teamId": 99999}, {"id": 68915634, "state": 2, "submissionId": 22632517, "reward": 0, "index": 1, "initialScore": 1515.6608765611936, "initialConfidence": 35.0, "updatedScore": 1512.8131041504494, "updatedConfidence": 35.0, "teamId": 99999}]}