{"id": 26929132, "competitionId": 30067, "createTime": {"seconds": 1631934810}, "endTime": {"seconds": 1631934810}, "agents": [{"id": 68954943, "state": 2, "submissionId": 22803895, "reward": 90011, "index": 0, "initialScore": 1563.1179107500454, "initialConfidence": 35.0, "updatedScore": 1559.8789071953277, "updatedConfidence": 35.0, "teamId": 99999}, {"id": 68954944, "state": 2, "submissionId": 22777661, "reward": 330030, "index": 1, "initialScore": 1644.8506396165496, "initialConfidence": 35.0, "updatedScore": 1648.0896431712674, "updatedConfidence": 35.0, "teamId": 99999}]}