{"id": 26925280, "competitionId": 30067, "createTime": {"seconds": 1631924252}, "endTime": {"seconds": 1631924252}, "agents": [{"id": 68947239, "state": 2, "submissionId": 22803895, "reward": 90009, "index": 0, "initialScore": 1563.4149263882869, "initialConfidence": 35.0, "updatedScore": 1560.080915622064, "updatedConfidence": 35.0, "teamId": 99999}, {"id": 68947240, "state": 2, "submissionId": 22777661, "reward": 110009, "index": 1, "initialScore": 1638.4745766777792, "initialConfidence": 35.0, "updatedScore": 1641.808587444002, "updatedConfidence": 35.0, "teamId": 99999}]}