{"id": 26966802, "competitionId": 30067, "createTime": {"seconds": 1632033720}, "endTime": {"seconds": 1632033720}, "agents": [{"id": 69030204, "state": 2, "submissionId": 22777661, "reward": 250028, "index": 0, "initialScore": 1667.1746368068734, "initialConfidence": 35.0, "updatedScore": 1669.7320055666091, "updatedConfidence": 35.0, "teamId": 99999}, {"id": 69030205, "state": 2, "submissionId": 22760613, "reward": 110011, "index": 1, "initialScore": 1534.2963311129276, "initialConfidence": 35.0, "updatedScore": 1531.738962353192, "updatedConfidence": 35.0, "teamId": 99999}]}