{"id": 26962798, "competitionId": 30067, "createTime": {"seconds": 1632023400}, "endTime": {"seconds": 1632023400}, "agents": [{"id": 69022196, "state": 2, "submissionId": 22777661, "reward": 360033, "index": 0, "initialScore": 1664.0940400095303, "initialConfidence": 35.0, "updatedScore": 1667.1746368068734, "updatedConfidence": 35.0, "teamId": 99999}, {"id": 69022197, "state": 2, "submissionId": 22803895, "reward": 180018, "index": 1, "initialScore": 1571.0141660912082, "initialConfidence": 35.0, "updatedScore": 1567.933569293865, "updatedConfidence": 35.0, "teamId": 99999}]}