{"id": 26984712, "competitionId": 30067, "createTime": {"seconds": 1632079319}, "endTime": {"seconds": 1632079319}, "agents": [{"id": 69066024, "state": 2, "submissionId": 22795785, "reward": 290029, "index": 0, "initialScore": 1550.5886415716143, "initialConfidence": 35.0, "updatedScore": 1547.7470213993015, "updatedConfidence": 35.0, "teamId": 99999}, {"id": 69066025, "state": 2, "submissionId": 22777661, "reward": 400037, "index": 1, "initialScore": 1661.365627254056, "initialConfidence": 35.0, "updatedScore": 1664.2072474263684, "updatedConfidence": 35.0, "teamId": 99999}]}