{"id": 26980169, "competitionId": 30067, "createTime": {"seconds": 1632067800}, "endTime": {"seconds": 1632067800}, "agents": [{"id": 69056938, "state": 2, "submissionId": 22777661, "reward": 240022, "index": 0, "initialScore": 1657.8230034837013, "initialConfidence": 35.0, "updatedScore": 1661.365627254056, "updatedConfidence": 35.0, "teamId": 99999}, {"id": 69056939, "state": 2, "submissionId": 22803895, "reward": 30003, "index": 1, "initialScore": 1597.0968109848773, "initialConfidence": 35.0, "updatedScore": 1593.5541872145227, "updatedConfidence": 35.0, "teamId": 99999}]}