{"id": 27020058, "competitionId": 30067, "createTime": {"seconds": 1632167611}, "endTime": {"seconds": 1632167611}, "agents": [{"id": 69136716, "state": 2, "submissionId": 22777661, "reward": 60008, "index": 0, "initialScore": 1674.8272523344551, "initialConfidence": 35.0, "updatedScore": 1678.0713666873353, "updatedConfidence": 35.0, "teamId": 99999}, {"id": 69136717, "state": 2, "submissionId": 22803895, "reward": 40004, "index": 1, "initialScore": 1593.4559421142976, "initialConfidence": 35.0, "updatedScore": 1590.2118277614177, "updatedConfidence": 35.0, "teamId": 99999}]}