{"id": 27038707, "competitionId": 30067, "createTime": {"seconds": 1632212762}, "endTime": {"seconds": 1632212762}, "agents": [{"id": 69174014, "state": 2, "submissionId": 22777661, "reward": 240026, "index": 0, "initialScore": 1686.608209202464, "initialConfidence": 35.0, "updatedScore": 1689.2342581090782, "updatedConfidence": 35.0, "teamId": 99999}, {"id": 69174015, "state": 2, "submissionId": 22724492, "reward": 140017, "index": 1, "initialScore": 1559.1858569388432, "initialConfidence": 35.0, "updatedScore": 1556.559808032229, "updatedConfidence": 35.0, "teamId": 99999}]}