{"id": 27043554, "competitionId": 30067, "createTime": {"seconds": 1632224522}, "endTime": {"seconds": 1632224522}, "agents": [{"id": 69183708, "state": 2, "submissionId": 22902113, "reward": 150015, "index": 0, "initialScore": 1595.7486976146547, "initialConfidence": 38.558711887966254, "updatedScore": 1603.1667406425315, "updatedConfidence": 38.123638363464245, "teamId": 99999}, {"id": 69183709, "state": 2, "submissionId": 22777661, "reward": 40004, "index": 1, "initialScore": 1689.2342581090782, "initialConfidence": 35.0, "updatedScore": 1683.1222995296237, "updatedConfidence": 35.0, "teamId": 99999}]}