{"id": 27050268, "competitionId": 30067, "createTime": {"seconds": 1632240361}, "endTime": {"seconds": 1632240361}, "agents": [{"id": 69197136, "state": 2, "submissionId": 22803895, "reward": 20002, "index": 0, "initialScore": 1575.2776141312356, "initialConfidence": 35.0, "updatedScore": 1572.4333995561178, "updatedConfidence": 35.0, "teamId": 99999}, {"id": 69197137, "state": 2, "submissionId": 22777661, "reward": 140013, "index": 1, "initialScore": 1685.8584161756933, "initialConfidence": 35.0, "updatedScore": 1688.702630750811, "updatedConfidence": 35.0, "teamId": 99999}]}