{"id": 27090693, "competitionId": 30067, "createTime": {"seconds": 1632335033}, "endTime": {"seconds": 1632335033}, "agents": [{"id": 69277986, "state": 2, "submissionId": 22902113, "reward": 390041, "index": 0, "initialScore": 1632.9159386851495, "initialConfidence": 35.0, "updatedScore": 1629.2500677028058, "updatedConfidence": 35.0, "teamId": 99999}, {"id": 69277987, "state": 2, "submissionId": 22777661, "reward": 600050, "index": 1, "initialScore": 1685.364354041372, "initialConfidence": 35.0, "updatedScore": 1689.0302250237155, "updatedConfidence": 35.0, "teamId": 99999}]}