{"id": 27125195, "competitionId": 30067, "createTime": {"seconds": 1632412872}, "endTime": {"seconds": 1632412872}, "agents": [{"id": 69346990, "state": 2, "submissionId": 22902113, "reward": 30003, "index": 0, "initialScore": 1634.110698782311, "initialConfidence": 35.0, "updatedScore": 1630.6332574223636, "updatedConfidence": 35.0, "teamId": 99999}, {"id": 69346991, "state": 2, "submissionId": 22777661, "reward": 60010, "index": 1, "initialScore": 1699.270457548484, "initialConfidence": 35.0, "updatedScore": 1702.7478989084314, "updatedConfidence": 35.0, "teamId": 99999}]}