{"id": 27143794, "competitionId": 30067, "createTime": {"seconds": 1632454260}, "endTime": {"seconds": 1632454260}, "agents": [{"id": 69384188, "state": 2, "submissionId": 22902113, "reward": 50012, "index": 0, "initialScore": 1634.9870370939127, "initialConfidence": 35.0, "updatedScore": 1631.5886975553633, "updatedConfidence": 35.0, "teamId": 99999}, {"id": 69384189, "state": 2, "submissionId": 22777661, "reward": 280017, "index": 1, "initialScore": 1705.5814160021398, "initialConfidence": 35.0, "updatedScore": 1708.9797555406892, "updatedConfidence": 35.0, "teamId": 99999}]}