{"id": 27208190, "competitionId": 30067, "createTime": {"seconds": 1632592078}, "endTime": {"seconds": 1632592078}, "agents": [{"id": 69512980, "state": 2, "submissionId": 22777661, "reward": 260020, "index": 0, "initialScore": 1723.5747269656767, "initialConfidence": 35.0, "updatedScore": 1716.6272938791822, "updatedConfidence": 35.0, "teamId": 99999}, {"id": 69512981, "state": 2, "submissionId": 22917746, "reward": 260023, "index": 1, "initialScore": 1587.306078837663, "initialConfidence": 35.0, "updatedScore": 1594.2535119241577, "updatedConfidence": 35.0, "teamId": 99999}]}