{"id": 27203120, "competitionId": 30067, "createTime": {"seconds": 1632581487}, "endTime": {"seconds": 1632581487}, "agents": [{"id": 69502840, "state": 2, "submissionId": 22902113, "reward": 190019, "index": 0, "initialScore": 1643.9740945048766, "initialConfidence": 35.0, "updatedScore": 1649.8976124558808, "updatedConfidence": 35.0, "teamId": 99999}, {"id": 69502841, "state": 2, "submissionId": 22777661, "reward": 120011, "index": 1, "initialScore": 1726.0952687483662, "initialConfidence": 35.0, "updatedScore": 1720.171750797362, "updatedConfidence": 35.0, "teamId": 99999}]}