{"id": 27223993, "competitionId": 30067, "createTime": {"seconds": 1632624957}, "endTime": {"seconds": 1632624957}, "agents": [{"id": 69544586, "state": 2, "submissionId": 22803974, "reward": 30011, "index": 0, "initialScore": 1591.700488080746, "initialConfidence": 35.0, "updatedScore": 1589.0387830067104, "updatedConfidence": 35.0, "teamId": 99999}, {"id": 69544587, "state": 2, "submissionId": 22777661, "reward": 120012, "index": 1, "initialScore": 1716.3206714329792, "initialConfidence": 35.0, "updatedScore": 1718.9823765070148, "updatedConfidence": 35.0, "teamId": 99999}]}