{"id": 27255748, "competitionId": 30067, "createTime": {"seconds": 1632690206}, "endTime": {"seconds": 1632690206}, "agents": [{"id": 69608096, "state": 2, "submissionId": 22777661, "reward": 190017, "index": 0, "initialScore": 1717.5221960071287, "initialConfidence": 35.0, "updatedScore": 1721.1515933168412, "updatedConfidence": 35.0, "teamId": 99999}, {"id": 69608097, "state": 2, "submissionId": 22902113, "reward": 50007, "index": 1, "initialScore": 1662.6380175001757, "initialConfidence": 35.0, "updatedScore": 1659.008620190463, "updatedConfidence": 35.0, "teamId": 99999}]}