{"id": 27255749, "competitionId": 30067, "createTime": {"seconds": 1632690206}, "endTime": {"seconds": 1632690206}, "agents": [{"id": 69608098, "state": 2, "submissionId": 22777661, "reward": 60006, "index": 0, "initialScore": 1714.7223880989286, "initialConfidence": 35.0, "updatedScore": 1717.5221960071287, "updatedConfidence": 35.0, "teamId": 99999}, {"id": 69608099, "state": 2, "submissionId": 22917746, "reward": 20002, "index": 1, "initialScore": 1600.770583110486, "initialConfidence": 35.0, "updatedScore": 1597.970775202286, "updatedConfidence": 35.0, "teamId": 99999}]}