{"id": 27261008, "competitionId": 30067, "createTime": {"seconds": 1632700766}, "endTime": {"seconds": 1632700766}, "agents": [{"id": 69618616, "state": 2, "submissionId": 22777661, "reward": 140012, "index": 0, "initialScore": 1721.1515933168412, "initialConfidence": 35.0, "updatedScore": 1715.4951202526308, "updatedConfidence": 35.0, "teamId": 99999}, {"id": 69618617, "state": 2, "submissionId": 22902113, "reward": 230032, "index": 1, "initialScore": 1653.6963564480843, "initialConfidence": 35.0, "updatedScore": 1659.3528295122946, "updatedConfidence": 35.0, "teamId": 99999}]}