{"id": 27266387, "competitionId": 30067, "createTime": {"seconds": 1632711566}, "endTime": {"seconds": 1632711566}, "agents": [{"id": 69629374, "state": 2, "submissionId": 22902113, "reward": 20005, "index": 0, "initialScore": 1653.1880275748904, "initialConfidence": 35.0, "updatedScore": 1649.668712989553, "updatedConfidence": 35.0, "teamId": 99999}, {"id": 69629375, "state": 2, "submissionId": 22777661, "reward": 70005, "index": 1, "initialScore": 1715.4951202526308, "initialConfidence": 35.0, "updatedScore": 1719.0144348379686, "updatedConfidence": 35.0, "teamId": 99999}]}