{"id": 27276491, "competitionId": 30067, "createTime": {"seconds": 1632731727}, "endTime": {"seconds": 1632731727}, "agents": [{"id": 69649582, "state": 2, "submissionId": 22777661, "reward": 390033, "index": 0, "initialScore": 1721.9151818245336, "initialConfidence": 35.0, "updatedScore": 1724.7505541046935, "updatedConfidence": 35.0, "teamId": 99999}, {"id": 69649583, "state": 2, "submissionId": 22803974, "reward": 240033, "index": 1, "initialScore": 1610.6653573749684, "initialConfidence": 35.0, "updatedScore": 1607.8299850948083, "updatedConfidence": 35.0, "teamId": 99999}]}