{"id": 27309366, "competitionId": 30067, "createTime": {"seconds": 1632796499}, "endTime": {"seconds": 1632796499}, "agents": [{"id": 69715332, "state": 2, "submissionId": 22947606, "reward": 20003, "index": 0, "initialScore": 1611.751691183336, "initialConfidence": 35.0, "updatedScore": 1608.90365696831, "updatedConfidence": 35.0, "teamId": 99999}, {"id": 69715333, "state": 2, "submissionId": 22777661, "reward": 90013, "index": 1, "initialScore": 1722.043830020696, "initialConfidence": 35.0, "updatedScore": 1724.891864235722, "updatedConfidence": 35.0, "teamId": 99999}]}