{"id": 27318999, "competitionId": 30067, "createTime": {"seconds": 1632815220}, "endTime": {"seconds": 1632815220}, "agents": [{"id": 69734598, "state": 2, "submissionId": 22917589, "reward": 240024, "index": 0, "initialScore": 1614.2525878730687, "initialConfidence": 35.0, "updatedScore": 1620.5949253908695, "updatedConfidence": 35.0, "teamId": 99999}, {"id": 69734599, "state": 2, "submissionId": 22777661, "reward": 240021, "index": 1, "initialScore": 1718.8938170933095, "initialConfidence": 35.0, "updatedScore": 1712.551479575509, "updatedConfidence": 35.0, "teamId": 99999}]}