{"id": 27324371, "competitionId": 30067, "createTime": {"seconds": 1632825777}, "endTime": {"seconds": 1632825777}, "agents": [{"id": 69745342, "state": 2, "submissionId": 22917746, "reward": 220022, "index": 0, "initialScore": 1616.7619170302305, "initialConfidence": 35.0, "updatedScore": 1613.7185541972012, "updatedConfidence": 35.0, "teamId": 99999}, {"id": 69745343, "state": 2, "submissionId": 22777661, "reward": 280022, "index": 1, "initialScore": 1712.551479575509, "initialConfidence": 35.0, "updatedScore": 1715.594842408538, "updatedConfidence": 35.0, "teamId": 99999}]}