{"id": 27341354, "competitionId": 30067, "createTime": {"seconds": 1632858464}, "endTime": {"seconds": 1632858464}, "agents": [{"id": 69779308, "state": 2, "submissionId": 22777661, "reward": 20000, "index": 0, "initialScore": 1697.5599160977345, "initialConfidence": 35.0, "updatedScore": 1691.943147256418, "updatedConfidence": 35.0, "teamId": 99999}, {"id": 69779309, "state": 2, "submissionId": 22934122, "reward": 80009, "index": 1, "initialScore": 1632.3072779456086, "initialConfidence": 35.0, "updatedScore": 1637.9240467869251, "updatedConfidence": 35.0, "teamId": 99999}]}