{"id": 27347011, "competitionId": 30067, "createTime": {"seconds": 1632869263}, "endTime": {"seconds": 1632869263}, "agents": [{"id": 69790622, "state": 2, "submissionId": 22777661, "reward": 0, "index": 0, "initialScore": 1691.943147256418, "initialConfidence": 35.0, "updatedScore": 1685.9576971456388, "updatedConfidence": 35.0, "teamId": 99999}, {"id": 69790623, "state": 2, "submissionId": 22803974, "reward": 660068, "index": 1, "initialScore": 1606.4561393441284, "initialConfidence": 35.0, "updatedScore": 1612.4415894549074, "updatedConfidence": 35.0, "teamId": 99999}]}