{"id": 27352788, "competitionId": 30067, "createTime": {"seconds": 1632880429}, "endTime": {"seconds": 1632880429}, "agents": [{"id": 69802176, "state": 2, "submissionId": 22777661, "reward": 2, "index": 0, "initialScore": 1681.1113620885412, "initialConfidence": 35.0, "updatedScore": 1676.4284452454956, "updatedConfidence": 35.0, "teamId": 99999}, {"id": 69802177, "state": 2, "submissionId": 22902113, "reward": 330034, "index": 1, "initialScore": 1669.5760740851024, "initialConfidence": 35.0, "updatedScore": 1674.258990928148, "updatedConfidence": 35.0, "teamId": 99999}]}