{"id": 27357022, "competitionId": 30067, "createTime": {"seconds": 1632888349}, "endTime": {"seconds": 1632888349}, "agents": [{"id": 69810644, "state": 2, "submissionId": 22777661, "reward": 120010, "index": 0, "initialScore": 1676.4284452454956, "initialConfidence": 35.0, "updatedScore": 1671.0210223090571, "updatedConfidence": 35.0, "teamId": 99999}, {"id": 69810645, "state": 2, "submissionId": 23003907, "reward": 160016, "index": 1, "initialScore": 1622.445913549013, "initialConfidence": 36.63931209241191, "updatedScore": 1628.3717392388514, "updatedConfidence": 36.282044672858966, "teamId": 99999}]}