{"id": 27369114, "competitionId": 30067, "createTime": {"seconds": 1632911149}, "endTime": {"seconds": 1632911149}, "agents": [{"id": 69834828, "state": 2, "submissionId": 22777661, "reward": 150015, "index": 0, "initialScore": 1669.5537385211278, "initialConfidence": 35.0, "updatedScore": 1672.1088565209466, "updatedConfidence": 35.0, "teamId": 99999}, {"id": 69834829, "state": 2, "submissionId": 22993987, "reward": 30006, "index": 1, "initialScore": 1536.495295596746, "initialConfidence": 35.0, "updatedScore": 1533.9401775969272, "updatedConfidence": 35.0, "teamId": 99999}]}