{"id": 27374808, "competitionId": 30067, "createTime": {"seconds": 1632921744}, "endTime": {"seconds": 1632921744}, "agents": [{"id": 69846216, "state": 2, "submissionId": 22902113, "reward": 180020, "index": 0, "initialScore": 1671.5008199399765, "initialConfidence": 35.0, "updatedScore": 1676.0023318971132, "updatedConfidence": 35.0, "teamId": 99999}, {"id": 69846217, "state": 2, "submissionId": 22777661, "reward": 50005, "index": 1, "initialScore": 1672.1088565209466, "initialConfidence": 35.0, "updatedScore": 1667.6073445638096, "updatedConfidence": 35.0, "teamId": 99999}]}