{"id": 27381627, "competitionId": 30067, "createTime": {"seconds": 1632934581}, "endTime": {"seconds": 1632934581}, "agents": [{"id": 69859854, "state": 2, "submissionId": 22947606, "reward": 30011, "index": 0, "initialScore": 1635.865523894239, "initialConfidence": 35.0, "updatedScore": 1631.7199280949408, "updatedConfidence": 35.0, "teamId": 99999}, {"id": 69859855, "state": 2, "submissionId": 22777661, "reward": 350030, "index": 1, "initialScore": 1657.2635868597372, "initialConfidence": 35.0, "updatedScore": 1661.4091826590354, "updatedConfidence": 35.0, "teamId": 99999}]}