{"id": 27387162, "competitionId": 30067, "createTime": {"seconds": 1632944988}, "endTime": {"seconds": 1632944988}, "agents": [{"id": 69870924, "state": 2, "submissionId": 22902113, "reward": 100012, "index": 0, "initialScore": 1689.5367851300746, "initialConfidence": 35.0, "updatedScore": 1693.5761298488987, "updatedConfidence": 35.0, "teamId": 99999}, {"id": 69870925, "state": 2, "submissionId": 22777661, "reward": 20002, "index": 1, "initialScore": 1661.4091826590354, "initialConfidence": 35.0, "updatedScore": 1657.3698379402113, "updatedConfidence": 35.0, "teamId": 99999}]}