{"id": 27397542, "competitionId": 30067, "createTime": {"seconds": 1632964466}, "endTime": {"seconds": 1632964466}, "agents": [{"id": 69891684, "state": 2, "submissionId": 22947606, "reward": 180021, "index": 0, "initialScore": 1620.3813809328706, "initialConfidence": 35.0, "updatedScore": 1625.5661524417806, "updatedConfidence": 35.0, "teamId": 99999}, {"id": 69891685, "state": 2, "submissionId": 22777661, "reward": 160011, "index": 1, "initialScore": 1661.2668638549085, "initialConfidence": 35.0, "updatedScore": 1656.0820923459985, "updatedConfidence": 35.0, "teamId": 99999}]}