{"id": 27392090, "competitionId": 30067, "createTime": {"seconds": 1632954286}, "endTime": {"seconds": 1632954286}, "agents": [{"id": 69880780, "state": 2, "submissionId": 22777661, "reward": 540039, "index": 0, "initialScore": 1657.3698379402113, "initialConfidence": 35.0, "updatedScore": 1661.2668638549085, "updatedConfidence": 35.0, "teamId": 99999}, {"id": 69880781, "state": 2, "submissionId": 22934122, "reward": 250028, "index": 1, "initialScore": 1620.101717124037, "initialConfidence": 35.0, "updatedScore": 1616.20469120934, "updatedConfidence": 35.0, "teamId": 99999}]}