{"id": 27403310, "competitionId": 30067, "createTime": {"seconds": 1632975027}, "endTime": {"seconds": 1632975027}, "agents": [{"id": 69903220, "state": 2, "submissionId": 22947606, "reward": 450046, "index": 0, "initialScore": 1620.3355160331903, "initialConfidence": 35.0, "updatedScore": 1616.4149609403603, "updatedConfidence": 35.0, "teamId": 99999}, {"id": 69903221, "state": 2, "submissionId": 22777661, "reward": 480029, "index": 1, "initialScore": 1656.0820923459985, "initialConfidence": 35.0, "updatedScore": 1660.002647438828, "updatedConfidence": 35.0, "teamId": 99999}]}