{"id": 27414665, "competitionId": 30067, "createTime": {"seconds": 1632995905}, "endTime": {"seconds": 1632995905}, "agents": [{"id": 69925930, "state": 2, "submissionId": 23003907, "reward": 170017, "index": 0, "initialScore": 1623.2384969348889, "initialConfidence": 35.0, "updatedScore": 1628.1558700084197, "updatedConfidence": 35.0, "teamId": 99999}, {"id": 69925931, "state": 2, "submissionId": 22777661, "reward": 0, "index": 1, "initialScore": 1648.6376616600855, "initialConfidence": 35.0, "updatedScore": 1643.720288586555, "updatedConfidence": 35.0, "teamId": 99999}]}