{"id": 27420800, "competitionId": 30067, "createTime": {"seconds": 1633006946}, "endTime": {"seconds": 1633006946}, "agents": [{"id": 69938200, "state": 2, "submissionId": 22803895, "reward": 20002, "index": 0, "initialScore": 1568.1493328616164, "initialConfidence": 35.0, "updatedScore": 1564.883089157491, "updatedConfidence": 35.0, "teamId": 99999}, {"id": 69938201, "state": 2, "submissionId": 22777661, "reward": 100009, "index": 1, "initialScore": 1647.9589838653026, "initialConfidence": 35.0, "updatedScore": 1651.225227569428, "updatedConfidence": 35.0, "teamId": 99999}]}