{"id": 27427594, "competitionId": 30067, "createTime": {"seconds": 1633019217}, "endTime": {"seconds": 1633019217}, "agents": [{"id": 69951788, "state": 2, "submissionId": 22777661, "reward": 350033, "index": 0, "initialScore": 1658.6173114750625, "initialConfidence": 35.0, "updatedScore": 1662.2807501785474, "updatedConfidence": 35.0, "teamId": 99999}, {"id": 69951789, "state": 2, "submissionId": 22947606, "reward": 190019, "index": 1, "initialScore": 1606.0068224555744, "initialConfidence": 35.0, "updatedScore": 1602.3433837520893, "updatedConfidence": 35.0, "teamId": 99999}]}