{"id": 27427698, "competitionId": 30067, "createTime": {"seconds": 1633019455}, "endTime": {"seconds": 1633019455}, "agents": [{"id": 69951996, "state": 2, "submissionId": 22777661, "reward": 50005, "index": 0, "initialScore": 1662.2807501785474, "initialConfidence": 35.0, "updatedScore": 1667.4168799660597, "updatedConfidence": 35.0, "teamId": 99999}, {"id": 69951997, "state": 2, "submissionId": 22902113, "reward": 0, "index": 1, "initialScore": 1700.3734888795616, "initialConfidence": 35.0, "updatedScore": 1695.2373590920492, "updatedConfidence": 35.0, "teamId": 99999}]}