{"id": 27420799, "competitionId": 30067, "createTime": {"seconds": 1633006946}, "endTime": {"seconds": 1633006946}, "agents": [{"id": 69938198, "state": 2, "submissionId": 23003907, "reward": 160022, "index": 0, "initialScore": 1628.1558700084197, "initialConfidence": 35.0, "updatedScore": 1623.9171747296718, "updatedConfidence": 35.0, "teamId": 99999}, {"id": 69938199, "state": 2, "submissionId": 22777661, "reward": 270019, "index": 1, "initialScore": 1643.720288586555, "initialConfidence": 35.0, "updatedScore": 1647.9589838653026, "updatedConfidence": 35.0, "teamId": 99999}]}