{"id": 27439817, "competitionId": 30067, "createTime": {"seconds": 1633041226}, "endTime": {"seconds": 1633041226}, "agents": [{"id": 69976234, "state": 2, "submissionId": 22777661, "reward": 100010, "index": 0, "initialScore": 1671.1258752729418, "initialConfidence": 35.0, "updatedScore": 1674.8010586578755, "updatedConfidence": 35.0, "teamId": 99999}, {"id": 69976235, "state": 2, "submissionId": 22917746, "reward": 20002, "index": 1, "initialScore": 1619.2975188711143, "initialConfidence": 35.0, "updatedScore": 1615.6223354861806, "updatedConfidence": 35.0, "teamId": 99999}]}