{"id": 27375477, "competitionId": 30067, "createTime": {"seconds": 1632923180}, "endTime": {"seconds": 1632923180}, "agents": [{"id": 69847554, "state": 2, "submissionId": 23032370, "reward": 620058, "index": 0, "initialScore": 843.8147946022683, "initialConfidence": 155.0, "updatedScore": 871.8592555549383, "updatedConfidence": 144.3660015574339, "teamId": 99999}, {"id": 69847555, "state": 2, "submissionId": 22857676, "reward": 0, "index": 1, "initialScore": 564.8047450816714, "initialConfidence": 35.0, "updatedScore": 563.3747985814832, "updatedConfidence": 35.0, "teamId": 99999}]}