{"id": 27378323, "competitionId": 30067, "createTime": {"seconds": 1632928460}, "endTime": {"seconds": 1632928460}, "agents": [{"id": 69853246, "state": 2, "submissionId": 22761275, "reward": 40004, "index": 0, "initialScore": 1189.722459495183, "initialConfidence": 35.0, "updatedScore": 1187.354827348756, "updatedConfidence": 35.0, "teamId": 99999}, {"id": 69853247, "state": 2, "submissionId": 23032370, "reward": 130014, "index": 1, "initialScore": 1336.979164674772, "initialConfidence": 57.32682145456708, "updatedScore": 1343.330921520352, "updatedConfidence": 56.426730683916496, "teamId": 99999}]}