{"id": 27375089, "competitionId": 30067, "createTime": {"seconds": 1632922460}, "endTime": {"seconds": 1632922460}, "agents": [{"id": 69846778, "state": 2, "submissionId": 22582591, "reward": 10001, "index": 0, "initialScore": 577.1684895912599, "initialConfidence": 35.0, "updatedScore": 574.0404298196594, "updatedConfidence": 35.0, "teamId": 99999}, {"id": 69846779, "state": 2, "submissionId": 23032370, "reward": 120010, "index": 1, "initialScore": 600.0, "initialConfidence": 200.0, "updatedScore": 702.1407272359372, "updatedConfidence": 185.0, "teamId": 99999}]}