{"id": 27379743, "competitionId": 30067, "createTime": {"seconds": 1632931101}, "endTime": {"seconds": 1632931101}, "agents": [{"id": 69856086, "state": 2, "submissionId": 23032370, "reward": 220022, "index": 0, "initialScore": 1420.7595909762097, "initialConfidence": 48.40740826096109, "updatedScore": 1429.5453604604825, "updatedConfidence": 47.64644508584706, "teamId": 99999}, {"id": 69856087, "state": 2, "submissionId": 22774449, "reward": 10001, "index": 1, "initialScore": 1430.2413192852312, "initialConfidence": 35.0, "updatedScore": 1425.6483638571856, "updatedConfidence": 35.0, "teamId": 99999}]}