{"id": 27376897, "competitionId": 30067, "createTime": {"seconds": 1632925820}, "endTime": {"seconds": 1632925820}, "agents": [{"id": 69850394, "state": 2, "submissionId": 22981077, "reward": 0, "index": 0, "initialScore": 1065.7137770103056, "initialConfidence": 35.0, "updatedScore": 1062.8232787925, "updatedConfidence": 35.0, "teamId": 99999}, {"id": 69850395, "state": 2, "submissionId": 23032370, "reward": 350033, "index": 1, "initialScore": 1166.5751772644785, "initialConfidence": 79.82345513982732, "updatedScore": 1181.6099774837987, "updatedConfidence": 77.21565966932754, "teamId": 99999}]}