{"id": 27378455, "competitionId": 30067, "createTime": {"seconds": 1632928701}, "endTime": {"seconds": 1632928701}, "agents": [{"id": 69853510, "state": 2, "submissionId": 22882412, "reward": 0, "index": 0, "initialScore": 1311.188968849875, "initialConfidence": 35.0, "updatedScore": 1307.0175956976127, "updatedConfidence": 35.0, "teamId": 99999}, {"id": 69853511, "state": 2, "submissionId": 23032370, "reward": 100014, "index": 1, "initialScore": 1325.284347321017, "initialConfidence": 58.6037281787661, "updatedScore": 1336.979164674772, "updatedConfidence": 57.32682145456708, "teamId": 99999}]}