{"id": 27399217, "competitionId": 30067, "createTime": {"seconds": 1632967586}, "endTime": {"seconds": 1632967586}, "agents": [{"id": 69895034, "state": 2, "submissionId": 23032370, "reward": 500053, "index": 0, "initialScore": 1512.5200598772235, "initialConfidence": 40.09739373986199, "updatedScore": 1518.6238022778157, "updatedConfidence": 39.65841777066659, "teamId": 99999}, {"id": 69895035, "state": 2, "submissionId": 22773016, "reward": 290028, "index": 1, "initialScore": 1523.2800395819722, "initialConfidence": 35.0, "updatedScore": 1518.629535874274, "updatedConfidence": 35.0, "teamId": 99999}]}