{"id": 27403519, "competitionId": 30067, "createTime": {"seconds": 1632975505}, "endTime": {"seconds": 1632975505}, "agents": [{"id": 69903638, "state": 2, "submissionId": 23032370, "reward": 870091, "index": 0, "initialScore": 1518.6238022778157, "initialConfidence": 39.65841777066659, "updatedScore": 1523.825032030688, "updatedConfidence": 39.25841303468038, "teamId": 99999}, {"id": 69903639, "state": 2, "submissionId": 22636791, "reward": 100010, "index": 1, "initialScore": 1492.089045204032, "initialConfidence": 35.0, "updatedScore": 1488.037960162885, "updatedConfidence": 35.0, "teamId": 99999}]}