{"id": 27418821, "competitionId": 30067, "createTime": {"seconds": 1633003347}, "endTime": {"seconds": 1633003347}, "agents": [{"id": 69934242, "state": 2, "submissionId": 23032370, "reward": 90024, "index": 0, "initialScore": 1547.8680812526388, "initialConfidence": 37.655788470123206, "updatedScore": 1554.4409675120062, "updatedConfidence": 37.26103487972356, "teamId": 99999}, {"id": 69934243, "state": 2, "submissionId": 22913959, "reward": 0, "index": 1, "initialScore": 1617.3177813824032, "initialConfidence": 35.0, "updatedScore": 1611.6393456556627, "updatedConfidence": 35.0, "teamId": 99999}]}