{"id": 27463357, "competitionId": 30067, "createTime": {"seconds": 1633083276}, "endTime": {"seconds": 1633083276}, "agents": [{"id": 70023314, "state": 2, "submissionId": 22917746, "reward": 10002, "index": 0, "initialScore": 1614.9605183494373, "initialConfidence": 35.0, "updatedScore": 1610.2845371762944, "updatedConfidence": 35.0, "teamId": 99999}, {"id": 70023315, "state": 2, "submissionId": 23032370, "reward": 360032, "index": 1, "initialScore": 1603.8396917385962, "initialConfidence": 35.0, "updatedScore": 1608.515672911739, "updatedConfidence": 35.0, "teamId": 99999}]}