{"id": 27595442, "competitionId": 30067, "createTime": {"seconds": 1633310033}, "endTime": {"seconds": 1633310033}, "agents": [{"id": 70287484, "state": 2, "submissionId": 23034455, "reward": 20012, "index": 0, "initialScore": 1659.5586942887471, "initialConfidence": 35.0, "updatedScore": 1655.8395712512586, "updatedConfidence": 35.0, "teamId": 99999}, {"id": 70287485, "state": 2, "submissionId": 23032370, "reward": 80009, "index": 1, "initialScore": 1708.471284968814, "initialConfidence": 35.0, "updatedScore": 1712.1904080063025, "updatedConfidence": 35.0, "teamId": 99999}]}