{"id": 27607412, "competitionId": 30067, "createTime": {"seconds": 1633329715}, "endTime": {"seconds": 1633329715}, "agents": [{"id": 70311424, "state": 2, "submissionId": 23032370, "reward": 210015, "index": 0, "initialScore": 1715.263334688984, "initialConfidence": 35.0, "updatedScore": 1718.9606483691114, "updatedConfidence": 35.0, "teamId": 99999}, {"id": 70311425, "state": 2, "submissionId": 22902113, "reward": 80008, "index": 1, "initialScore": 1664.9055449148127, "initialConfidence": 35.0, "updatedScore": 1661.2082312346854, "updatedConfidence": 35.0, "teamId": 99999}]}