{"id": 27645384, "competitionId": 30067, "createTime": {"seconds": 1633392035}, "endTime": {"seconds": 1633392035}, "agents": [{"id": 70387368, "state": 2, "submissionId": 23032370, "reward": 130009, "index": 0, "initialScore": 1732.1325103659087, "initialConfidence": 35.0, "updatedScore": 1734.7715422434665, "updatedConfidence": 35.0, "teamId": 99999}, {"id": 70387369, "state": 2, "submissionId": 22934122, "reward": 0, "index": 1, "initialScore": 1605.732827031121, "initialConfidence": 35.0, "updatedScore": 1603.0937951535632, "updatedConfidence": 35.0, "teamId": 99999}]}