{"id": 27709768, "competitionId": 30067, "createTime": {"seconds": 1633495990}, "endTime": {"seconds": 1633495990}, "agents": [{"id": 70516136, "state": 2, "submissionId": 23049510, "reward": 110007, "index": 0, "initialScore": 1636.693402940747, "initialConfidence": 35.0, "updatedScore": 1633.7099545963172, "updatedConfidence": 35.0, "teamId": 99999}, {"id": 70516137, "state": 2, "submissionId": 23032370, "reward": 220010, "index": 1, "initialScore": 1736.8790131548622, "initialConfidence": 35.0, "updatedScore": 1739.862461499292, "updatedConfidence": 35.0, "teamId": 99999}]}