{"id": 27729678, "competitionId": 30067, "createTime": {"seconds": 1633527192}, "endTime": {"seconds": 1633527192}, "agents": [{"id": 70555956, "state": 2, "submissionId": 22934122, "reward": 0, "index": 0, "initialScore": 1603.1939998749988, "initialConfidence": 35.0, "updatedScore": 1600.7573016048802, "updatedConfidence": 35.0, "teamId": 99999}, {"id": 70555957, "state": 2, "submissionId": 23032370, "reward": 70007, "index": 1, "initialScore": 1745.855449252463, "initialConfidence": 35.0, "updatedScore": 1748.2921475225814, "updatedConfidence": 35.0, "teamId": 99999}]}