{"id": 27788416, "competitionId": 30067, "createTime": {"seconds": 1633618305}, "endTime": {"seconds": 1633618305}, "agents": [{"id": 70673432, "state": 2, "submissionId": 22902113, "reward": 160016, "index": 0, "initialScore": 1692.5187801615436, "initialConfidence": 35.0, "updatedScore": 1689.123884890383, "updatedConfidence": 35.0, "teamId": 99999}, {"id": 70673433, "state": 2, "submissionId": 23032370, "reward": 270027, "index": 1, "initialScore": 1763.3511840510223, "initialConfidence": 35.0, "updatedScore": 1766.7460793221833, "updatedConfidence": 35.0, "teamId": 99999}]}