{"id": 27888531, "competitionId": 30067, "createTime": {"seconds": 1633768438}, "endTime": {"seconds": 1633768438}, "agents": [{"id": 70873662, "state": 2, "submissionId": 23034455, "reward": 60006, "index": 0, "initialScore": 1688.4912099886535, "initialConfidence": 35.0, "updatedScore": 1685.4118005832918, "updatedConfidence": 35.0, "teamId": 99999}, {"id": 70873663, "state": 2, "submissionId": 23032370, "reward": 250025, "index": 1, "initialScore": 1781.6572379718982, "initialConfidence": 35.0, "updatedScore": 1784.7366473772602, "updatedConfidence": 35.0, "teamId": 99999}]}