{"id": 27941682, "competitionId": 30067, "createTime": {"seconds": 1633846019}, "endTime": {"seconds": 1633846019}, "agents": [{"id": 70979964, "state": 2, "submissionId": 23032370, "reward": 500047, "index": 0, "initialScore": 1791.1946390620062, "initialConfidence": 35.0, "updatedScore": 1794.3669933946644, "updatedConfidence": 35.0, "teamId": 99999}, {"id": 70979965, "state": 2, "submissionId": 23034455, "reward": 330033, "index": 1, "initialScore": 1704.7223907673488, "initialConfidence": 35.0, "updatedScore": 1701.5500364346906, "updatedConfidence": 35.0, "teamId": 99999}]}