{"id": 27968754, "competitionId": 30067, "createTime": {"seconds": 1633884900}, "endTime": {"seconds": 1633884900}, "agents": [{"id": 71034108, "state": 2, "submissionId": 23032370, "reward": 230024, "index": 0, "initialScore": 1794.3490881725295, "initialConfidence": 35.0, "updatedScore": 1797.676512051151, "updatedConfidence": 35.0, "teamId": 99999}, {"id": 71034109, "state": 2, "submissionId": 23034455, "reward": 70012, "index": 1, "initialScore": 1718.829844748805, "initialConfidence": 35.0, "updatedScore": 1715.502420870184, "updatedConfidence": 35.0, "teamId": 99999}]}