{"id": 27982603, "competitionId": 30067, "createTime": {"seconds": 1633904819}, "endTime": {"seconds": 1633904819}, "agents": [{"id": 71061806, "state": 2, "submissionId": 23034455, "reward": 610064, "index": 0, "initialScore": 1700.13565895148, "initialConfidence": 35.0, "updatedScore": 1697.159024477977, "updatedConfidence": 35.0, "teamId": 99999}, {"id": 71061807, "state": 2, "submissionId": 23032370, "reward": 910049, "index": 1, "initialScore": 1800.8240742157222, "initialConfidence": 35.0, "updatedScore": 1803.800708689225, "updatedConfidence": 35.0, "teamId": 99999}]}