{"id": 28003055, "competitionId": 30067, "createTime": {"seconds": 1633933859}, "endTime": {"seconds": 1633933859}, "agents": [{"id": 71102710, "state": 2, "submissionId": 23032370, "reward": 400059, "index": 0, "initialScore": 1809.1594443110275, "initialConfidence": 35.0, "updatedScore": 1812.0068369922888, "updatedConfidence": 35.0, "teamId": 99999}, {"id": 71102711, "state": 2, "submissionId": 23034455, "reward": 0, "index": 1, "initialScore": 1698.818836747355, "initialConfidence": 35.0, "updatedScore": 1695.971444066093, "updatedConfidence": 35.0, "teamId": 99999}]}