{"id": 28024481, "competitionId": 30067, "createTime": {"seconds": 1633964129}, "endTime": {"seconds": 1633964129}, "agents": [{"id": 71145562, "state": 2, "submissionId": 23034455, "reward": 230023, "index": 0, "initialScore": 1706.2034560278792, "initialConfidence": 35.0, "updatedScore": 1703.3663150847394, "updatedConfidence": 35.0, "teamId": 99999}, {"id": 71145563, "state": 2, "submissionId": 23032370, "reward": 490055, "index": 1, "initialScore": 1817.3193731868064, "initialConfidence": 35.0, "updatedScore": 1820.156514129946, "updatedConfidence": 35.0, "teamId": 99999}]}