{"id": 28031478, "competitionId": 30067, "createTime": {"seconds": 1633973969}, "endTime": {"seconds": 1633973969}, "agents": [{"id": 71159556, "state": 2, "submissionId": 23034455, "reward": 210021, "index": 0, "initialScore": 1706.5503113306856, "initialConfidence": 35.0, "updatedScore": 1703.7459676538892, "updatedConfidence": 35.0, "teamId": 99999}, {"id": 71159557, "state": 2, "submissionId": 23032370, "reward": 270025, "index": 1, "initialScore": 1820.156514129946, "initialConfidence": 35.0, "updatedScore": 1822.9608578067423, "updatedConfidence": 35.0, "teamId": 99999}]}