{"id": 28045017, "competitionId": 30067, "createTime": {"seconds": 1633993032}, "endTime": {"seconds": 1633993032}, "agents": [{"id": 71186634, "state": 2, "submissionId": 23034455, "reward": 340045, "index": 0, "initialScore": 1703.9534799436174, "initialConfidence": 35.0, "updatedScore": 1710.606180624158, "updatedConfidence": 35.0, "teamId": 99999}, {"id": 71186635, "state": 2, "submissionId": 23032370, "reward": 0, "index": 1, "initialScore": 1824.941455277275, "initialConfidence": 35.0, "updatedScore": 1818.2887545967344, "updatedConfidence": 35.0, "teamId": 99999}]}