{"id": 27378970, "competitionId": 30067, "createTime": {"seconds": 1632929660}, "endTime": {"seconds": 1632929660}, "agents": [{"id": 69854540, "state": 2, "submissionId": 23032370, "reward": 150013, "index": 0, "initialScore": 1382.7472022002532, "initialConfidence": 52.31835777146312, "updatedScore": 1390.71788238342, "updatedConfidence": 51.46574113426722, "teamId": 99999}, {"id": 69854541, "state": 2, "submissionId": 23000325, "reward": 10003, "index": 1, "initialScore": 1326.598357068798, "initialConfidence": 35.0, "updatedScore": 1323.0311915144148, "updatedConfidence": 35.0, "teamId": 99999}]}