{"id": 27379486, "competitionId": 30067, "createTime": {"seconds": 1632930621}, "endTime": {"seconds": 1632930621}, "agents": [{"id": 69855572, "state": 2, "submissionId": 23032370, "reward": 180018, "index": 0, "initialScore": 1405.9937686347405, "initialConfidence": 49.87991815267746, "updatedScore": 1413.869042309332, "updatedConfidence": 49.10901665141446, "teamId": 99999}, {"id": 69855573, "state": 2, "submissionId": 22959370, "reward": 20003, "index": 1, "initialScore": 1370.3106618174645, "initialConfidence": 35.0, "updatedScore": 1366.433175452687, "updatedConfidence": 35.0, "teamId": 99999}]}