{"id": 27375991, "competitionId": 30067, "createTime": {"seconds": 1632924140}, "endTime": {"seconds": 1632924140}, "agents": [{"id": 69848582, "state": 2, "submissionId": 22697731, "reward": 0, "index": 0, "initialScore": 912.85671362886, "initialConfidence": 35.0, "updatedScore": 909.4859393984804, "updatedConfidence": 35.0, "teamId": 99999}, {"id": 69848583, "state": 2, "submissionId": 23032370, "reward": 140013, "index": 1, "initialScore": 962.5809386446736, "initialConfidence": 117.3580929518908, "updatedScore": 1000.479232923537, "updatedConfidence": 109.11225885634508, "teamId": 99999}]}