{"id": 27377414, "competitionId": 30067, "createTime": {"seconds": 1632926780}, "endTime": {"seconds": 1632926780}, "agents": [{"id": 69851428, "state": 2, "submissionId": 22839723, "reward": 0, "index": 0, "initialScore": 1162.9098839742976, "initialConfidence": 35.0, "updatedScore": 1159.58722244306, "updatedConfidence": 35.0, "teamId": 99999}, {"id": 69851429, "state": 2, "submissionId": 23032370, "reward": 110010, "index": 1, "initialScore": 1232.6011061164866, "initialConfidence": 69.87816296484722, "updatedScore": 1245.8455269926965, "updatedConfidence": 67.9671319698358, "teamId": 99999}]}