{"id": 27380783, "competitionId": 30067, "createTime": {"seconds": 1632933051}, "endTime": {"seconds": 1632933051}, "agents": [{"id": 69858166, "state": 2, "submissionId": 23032370, "reward": 280031, "index": 0, "initialScore": 1469.5194736336553, "initialConfidence": 43.74334139648573, "updatedScore": 1475.162657006095, "updatedConfidence": 43.236661017584126, "teamId": 99999}, {"id": 69858167, "state": 2, "submissionId": 22982966, "reward": 70007, "index": 1, "initialScore": 1414.875648753843, "initialConfidence": 35.0, "updatedScore": 1411.262911786226, "updatedConfidence": 35.0, "teamId": 99999}]}