{"id": 27380911, "competitionId": 30067, "createTime": {"seconds": 1632933291}, "endTime": {"seconds": 1632933291}, "agents": [{"id": 69858422, "state": 2, "submissionId": 22658042, "reward": 150015, "index": 0, "initialScore": 1354.8781872804534, "initialConfidence": 35.0, "updatedScore": 1352.1686894841628, "updatedConfidence": 35.0, "teamId": 99999}, {"id": 69858423, "state": 2, "submissionId": 23032370, "reward": 480050, "index": 1, "initialScore": 1475.162657006095, "initialConfidence": 43.236661017584126, "updatedScore": 1479.2974808228798, "updatedConfidence": 42.8135164469269, "teamId": 99999}]}