{"id": 27424471, "competitionId": 30067, "createTime": {"seconds": 1633013695}, "endTime": {"seconds": 1633013695}, "agents": [{"id": 69945542, "state": 2, "submissionId": 23003907, "reward": 0, "index": 0, "initialScore": 1620.5549209412557, "initialConfidence": 35.0, "updatedScore": 1615.0388711229916, "updatedConfidence": 35.0, "teamId": 99999}, {"id": 69945543, "state": 2, "submissionId": 23032370, "reward": 90009, "index": 1, "initialScore": 1560.3892798589952, "initialConfidence": 36.88986386938726, "updatedScore": 1566.5171026331557, "updatedConfidence": 36.52249998698435, "teamId": 99999}]}