{"id": 27523031, "competitionId": 30067, "createTime": {"seconds": 1633187579}, "endTime": {"seconds": 1633187579}, "agents": [{"id": 70142662, "state": 2, "submissionId": 23049510, "reward": 1, "index": 0, "initialScore": 1596.304746147567, "initialConfidence": 37.70341185737534, "updatedScore": 1591.7931760747863, "updatedConfidence": 37.3654397058215, "teamId": 99999}, {"id": 70142663, "state": 2, "submissionId": 23032370, "reward": 70007, "index": 1, "initialScore": 1633.727521105911, "initialConfidence": 35.0, "updatedScore": 1637.6153083589684, "updatedConfidence": 35.0, "teamId": 99999}]}