{"id": 27541930, "competitionId": 30067, "createTime": {"seconds": 1633219975}, "endTime": {"seconds": 1633219975}, "agents": [{"id": 70180460, "state": 2, "submissionId": 23032370, "reward": 420045, "index": 0, "initialScore": 1652.844436658724, "initialConfidence": 35.0, "updatedScore": 1656.7775255269478, "updatedConfidence": 35.0, "teamId": 99999}, {"id": 70180461, "state": 2, "submissionId": 22917746, "reward": 310022, "index": 1, "initialScore": 1617.906667331715, "initialConfidence": 35.0, "updatedScore": 1613.973578463491, "updatedConfidence": 35.0, "teamId": 99999}]}