{"id": 27559053, "competitionId": 30067, "createTime": {"seconds": 1633249045}, "endTime": {"seconds": 1633249045}, "agents": [{"id": 70214706, "state": 2, "submissionId": 23032370, "reward": 440044, "index": 0, "initialScore": 1678.1690062234272, "initialConfidence": 35.0, "updatedScore": 1681.9025813949854, "updatedConfidence": 35.0, "teamId": 99999}, {"id": 70214707, "state": 2, "submissionId": 22930827, "reward": 180018, "index": 1, "initialScore": 1630.211899837216, "initialConfidence": 35.0, "updatedScore": 1626.4783246656575, "updatedConfidence": 35.0, "teamId": 99999}]}