{"id": 27601422, "competitionId": 30067, "createTime": {"seconds": 1633319874}, "endTime": {"seconds": 1633319874}, "agents": [{"id": 70299444, "state": 2, "submissionId": 23032370, "reward": 60006, "index": 0, "initialScore": 1712.1904080063025, "initialConfidence": 35.0, "updatedScore": 1715.263334688984, "updatedConfidence": 35.0, "teamId": 99999}, {"id": 70299445, "state": 2, "submissionId": 22947606, "reward": 1, "index": 1, "initialScore": 1618.553712720067, "initialConfidence": 35.0, "updatedScore": 1615.4807860373858, "updatedConfidence": 35.0, "teamId": 99999}]}