{"id": 27781498, "competitionId": 30067, "createTime": {"seconds": 1633607744}, "endTime": {"seconds": 1633607744}, "agents": [{"id": 70659596, "state": 2, "submissionId": 22902113, "reward": 260027, "index": 0, "initialScore": 1687.5188893316947, "initialConfidence": 35.0, "updatedScore": 1684.147513233224, "updatedConfidence": 35.0, "teamId": 99999}, {"id": 70659597, "state": 2, "submissionId": 23032370, "reward": 320030, "index": 1, "initialScore": 1759.9798079525517, "initialConfidence": 35.0, "updatedScore": 1763.3511840510223, "updatedConfidence": 35.0, "teamId": 99999}]}