{"id": 27996223, "competitionId": 30067, "createTime": {"seconds": 1633924256}, "endTime": {"seconds": 1633924256}, "agents": [{"id": 71089046, "state": 2, "submissionId": 23032370, "reward": 400037, "index": 0, "initialScore": 1806.4907213684455, "initialConfidence": 35.0, "updatedScore": 1809.1594443110275, "updatedConfidence": 35.0, "teamId": 99999}, {"id": 71089047, "state": 2, "submissionId": 22902113, "reward": 270029, "index": 1, "initialScore": 1682.41968333289, "initialConfidence": 35.0, "updatedScore": 1679.750960390308, "updatedConfidence": 35.0, "teamId": 99999}]}