{"id": 28010102, "competitionId": 30067, "createTime": {"seconds": 1633943937}, "endTime": {"seconds": 1633943937}, "agents": [{"id": 71116804, "state": 2, "submissionId": 23032370, "reward": 200023, "index": 0, "initialScore": 1812.0068369922888, "initialConfidence": 35.0, "updatedScore": 1814.4952454435067, "updatedConfidence": 35.0, "teamId": 99999}, {"id": 71116805, "state": 2, "submissionId": 22902113, "reward": 60009, "index": 1, "initialScore": 1673.5695182134407, "initialConfidence": 35.0, "updatedScore": 1671.0811097622232, "updatedConfidence": 35.0, "teamId": 99999}]}