{"id": 28202724, "competitionId": 30067, "createTime": {"seconds": 1634214669}, "endTime": {"seconds": 1634214669}, "agents": [{"id": 71502048, "state": 2, "submissionId": 23038485, "reward": 180018, "index": 0, "initialScore": 1643.8868173242834, "initialConfidence": 35.0, "updatedScore": 1642.167660944947, "updatedConfidence": 35.0, "teamId": 99999}, {"id": 71502049, "state": 2, "submissionId": 23032370, "reward": 250021, "index": 1, "initialScore": 1851.4317822387095, "initialConfidence": 35.0, "updatedScore": 1853.150938618046, "updatedConfidence": 35.0, "teamId": 99999}]}