{"id": 28253704, "competitionId": 30067, "createTime": {"seconds": 1634283035}, "endTime": {"seconds": 1634283035}, "agents": [{"id": 71604008, "state": 2, "submissionId": 23159502, "reward": 10001, "index": 0, "initialScore": 1623.960320046038, "initialConfidence": 35.0, "updatedScore": 1622.5565682991464, "updatedConfidence": 35.0, "teamId": 99999}, {"id": 71604009, "state": 2, "submissionId": 23032370, "reward": 160017, "index": 1, "initialScore": 1865.2802604118815, "initialConfidence": 35.0, "updatedScore": 1866.6840121587732, "updatedConfidence": 35.0, "teamId": 99999}]}