{"id": 28261216, "competitionId": 30067, "createTime": {"seconds": 1634292873}, "endTime": {"seconds": 1634292873}, "agents": [{"id": 71619032, "state": 2, "submissionId": 23034455, "reward": 30005, "index": 0, "initialScore": 1672.347758743402, "initialConfidence": 35.0, "updatedScore": 1670.494368463425, "updatedConfidence": 35.0, "teamId": 99999}, {"id": 71619033, "state": 2, "submissionId": 23032370, "reward": 70009, "index": 1, "initialScore": 1866.6840121587732, "initialConfidence": 35.0, "updatedScore": 1868.5374024387504, "updatedConfidence": 35.0, "teamId": 99999}]}