{"id": 28290173, "competitionId": 30067, "createTime": {"seconds": 1634331097}, "endTime": {"seconds": 1634331097}, "agents": [{"id": 71676946, "state": 2, "submissionId": 23038485, "reward": 600049, "index": 0, "initialScore": 1657.6100304852182, "initialConfidence": 35.0, "updatedScore": 1655.957609032518, "updatedConfidence": 35.0, "teamId": 99999}, {"id": 71676947, "state": 2, "submissionId": 23032370, "reward": 850063, "index": 1, "initialScore": 1871.9565537320584, "initialConfidence": 35.0, "updatedScore": 1873.6089751847585, "updatedConfidence": 35.0, "teamId": 99999}]}