{"id": 28356377, "competitionId": 30067, "createTime": {"seconds": 1634417251}, "endTime": {"seconds": 1634417251}, "agents": [{"id": 71809354, "state": 2, "submissionId": 23032370, "reward": 270027, "index": 0, "initialScore": 1877.972156378116, "initialConfidence": 35.0, "updatedScore": 1879.953918005239, "updatedConfidence": 35.0, "teamId": 99999}, {"id": 71809355, "state": 2, "submissionId": 23034455, "reward": 70010, "index": 1, "initialScore": 1695.7407805140094, "initialConfidence": 35.0, "updatedScore": 1693.759018886886, "updatedConfidence": 35.0, "teamId": 99999}]}