{"id": 28441357, "competitionId": 30067, "createTime": {"seconds": 1634524805}, "endTime": {"seconds": 1634524805}, "agents": [{"id": 71979314, "state": 2, "submissionId": 23034455, "reward": 40012, "index": 0, "initialScore": 1702.882071387585, "initialConfidence": 35.0, "updatedScore": 1710.799243697569, "updatedConfidence": 35.0, "teamId": 99999}, {"id": 71979315, "state": 2, "submissionId": 23032370, "reward": 0, "index": 1, "initialScore": 1887.9882075090916, "initialConfidence": 35.0, "updatedScore": 1880.0710351991077, "updatedConfidence": 35.0, "teamId": 99999}]}