{"id": 28463954, "competitionId": 30067, "createTime": {"seconds": 1634553123}, "endTime": {"seconds": 1634553123}, "agents": [{"id": 72024508, "state": 2, "submissionId": 23034455, "reward": 30010, "index": 0, "initialScore": 1706.7239330225768, "initialConfidence": 35.0, "updatedScore": 1704.6867697763705, "updatedConfidence": 35.0, "teamId": 99999}, {"id": 72024509, "state": 2, "submissionId": 23032370, "reward": 130014, "index": 1, "initialScore": 1883.8744303117724, "initialConfidence": 35.0, "updatedScore": 1885.911593557979, "updatedConfidence": 35.0, "teamId": 99999}]}