{"id": 28510704, "competitionId": 30067, "createTime": {"seconds": 1634611837}, "endTime": {"seconds": 1634611837}, "agents": [{"id": 72118008, "state": 2, "submissionId": 23129375, "reward": 0, "index": 0, "initialScore": 1694.7747571167315, "initialConfidence": 35.0, "updatedScore": 1692.981777943486, "updatedConfidence": 35.0, "teamId": 99999}, {"id": 72118009, "state": 2, "submissionId": 23032370, "reward": 150023, "index": 1, "initialScore": 1894.9812677065904, "initialConfidence": 35.0, "updatedScore": 1896.7742468798365, "updatedConfidence": 35.0, "teamId": 99999}]}