{"id": 28566470, "competitionId": 30067, "createTime": {"seconds": 1634680219}, "endTime": {"seconds": 1634680219}, "agents": [{"id": 72229540, "state": 2, "submissionId": 23032370, "reward": 230023, "index": 0, "initialScore": 1897.922599513248, "initialConfidence": 35.0, "updatedScore": 1889.834349773788, "updatedConfidence": 35.0, "teamId": 99999}, {"id": 72229541, "state": 2, "submissionId": 23128925, "reward": 240024, "index": 1, "initialScore": 1704.4011614697222, "initialConfidence": 35.0, "updatedScore": 1712.4894112091824, "updatedConfidence": 35.0, "teamId": 99999}]}