{"id": 28622706, "competitionId": 30067, "createTime": {"seconds": 1634748217}, "endTime": {"seconds": 1634748217}, "agents": [{"id": 72342012, "state": 2, "submissionId": 23128925, "reward": 180026, "index": 0, "initialScore": 1698.0639435593248, "initialConfidence": 35.0, "updatedScore": 1696.2977869776298, "updatedConfidence": 35.0, "teamId": 99999}, {"id": 72342013, "state": 2, "submissionId": 23032370, "reward": 390035, "index": 1, "initialScore": 1900.915162139132, "initialConfidence": 35.0, "updatedScore": 1902.6813187208263, "updatedConfidence": 35.0, "teamId": 99999}]}