{"id": 28679118, "competitionId": 30067, "createTime": {"seconds": 1634815466}, "endTime": {"seconds": 1634815466}, "agents": [{"id": 72454836, "state": 2, "submissionId": 23176680, "reward": 210021, "index": 0, "initialScore": 1679.1415832401112, "initialConfidence": 35.0, "updatedScore": 1688.0419100136426, "updatedConfidence": 35.0, "teamId": 99999}, {"id": 72454837, "state": 2, "submissionId": 23032370, "reward": 180022, "index": 1, "initialScore": 1911.9249612887584, "initialConfidence": 35.0, "updatedScore": 1903.024634515227, "updatedConfidence": 35.0, "teamId": 99999}]}