{"id": 28695440, "competitionId": 30067, "createTime": {"seconds": 1634834665}, "endTime": {"seconds": 1634834665}, "agents": [{"id": 72487480, "state": 2, "submissionId": 23032370, "reward": 110006, "index": 0, "initialScore": 1904.719065462889, "initialConfidence": 35.0, "updatedScore": 1906.197824743064, "updatedConfidence": 35.0, "teamId": 99999}, {"id": 72487481, "state": 2, "submissionId": 23128925, "reward": 10001, "index": 1, "initialScore": 1671.8325875211706, "initialConfidence": 35.0, "updatedScore": 1670.3538282409957, "updatedConfidence": 35.0, "teamId": 99999}]}