{"id": 28801803, "competitionId": 30067, "createTime": {"seconds": 1634959193}, "endTime": {"seconds": 1634959193}, "agents": [{"id": 72700206, "state": 3, "submissionId": 23176680, "reward": 0, "index": 0, "initialScore": 1687.1378955897328, "initialConfidence": 35.0, "updatedScore": 1685.6885888936456, "updatedConfidence": 35.0, "teamId": 99999}, {"id": 72700207, "state": 2, "submissionId": 23032370, "reward": 660056, "index": 1, "initialScore": 1923.3026141488335, "initialConfidence": 35.0, "updatedScore": 1924.751920844921, "updatedConfidence": 35.0, "teamId": 99999}]}