{"id": 28867451, "competitionId": 30067, "createTime": {"seconds": 1635034342}, "endTime": {"seconds": 1635034342}, "agents": [{"id": 72831502, "state": 2, "submissionId": 23032370, "reward": 600046, "index": 0, "initialScore": 1912.389812663655, "initialConfidence": 35.0, "updatedScore": 1914.0843361767727, "updatedConfidence": 35.0, "teamId": 99999}, {"id": 72831503, "state": 2, "submissionId": 23323058, "reward": 150018, "index": 1, "initialScore": 1702.3534959660628, "initialConfidence": 35.0, "updatedScore": 1700.658972452945, "updatedConfidence": 35.0, "teamId": 99999}]}