{"id": 28875663, "competitionId": 30067, "createTime": {"seconds": 1635043701}, "endTime": {"seconds": 1635043701}, "agents": [{"id": 72847926, "state": 2, "submissionId": 23323058, "reward": 180025, "index": 0, "initialScore": 1704.2736609537142, "initialConfidence": 35.0, "updatedScore": 1712.696131265954, "updatedConfidence": 35.0, "teamId": 99999}, {"id": 72847927, "state": 2, "submissionId": 23032370, "reward": 90009, "index": 1, "initialScore": 1914.0843361767727, "initialConfidence": 35.0, "updatedScore": 1905.6618658645332, "updatedConfidence": 35.0, "teamId": 99999}]}