{"id": 28900442, "competitionId": 30067, "createTime": {"seconds": 1635071784}, "endTime": {"seconds": 1635071784}, "agents": [{"id": 72897484, "state": 2, "submissionId": 23176680, "reward": 90012, "index": 0, "initialScore": 1684.2460429700266, "initialConfidence": 35.0, "updatedScore": 1682.6785375125962, "updatedConfidence": 35.0, "teamId": 99999}, {"id": 72897485, "state": 2, "submissionId": 23032370, "reward": 160016, "index": 1, "initialScore": 1907.497341765409, "initialConfidence": 35.0, "updatedScore": 1909.0648472228395, "updatedConfidence": 35.0, "teamId": 99999}]}