{"id": 28944050, "competitionId": 30067, "createTime": {"seconds": 1635120769}, "endTime": {"seconds": 1635120769}, "agents": [{"id": 72984700, "state": 2, "submissionId": 23302588, "reward": 530053, "index": 0, "initialScore": 1670.8022600908705, "initialConfidence": 35.0, "updatedScore": 1669.347777278237, "updatedConfidence": 35.0, "teamId": 99999}, {"id": 72984701, "state": 2, "submissionId": 23032370, "reward": 700041, "index": 1, "initialScore": 1906.387800154012, "initialConfidence": 35.0, "updatedScore": 1907.8422829666447, "updatedConfidence": 35.0, "teamId": 99999}]}