{"id": 28977801, "competitionId": 30067, "createTime": {"seconds": 1635158244}, "endTime": {"seconds": 1635158244}, "agents": [{"id": 73052202, "state": 2, "submissionId": 23032370, "reward": 170017, "index": 0, "initialScore": 1893.8183960671772, "initialConfidence": 35.0, "updatedScore": 1895.908622115342, "updatedConfidence": 35.0, "teamId": 99999}, {"id": 73052203, "state": 2, "submissionId": 23323058, "reward": 120012, "index": 1, "initialScore": 1721.459126409701, "initialConfidence": 35.0, "updatedScore": 1719.3689003615364, "updatedConfidence": 35.0, "teamId": 99999}]}