{"id": 28986522, "competitionId": 30067, "createTime": {"seconds": 1635168077}, "endTime": {"seconds": 1635168077}, "agents": [{"id": 73069644, "state": 2, "submissionId": 23032370, "reward": 80008, "index": 0, "initialScore": 1895.908622115342, "initialConfidence": 35.0, "updatedScore": 1898.001258126806, "updatedConfidence": 35.0, "teamId": 99999}, {"id": 73069645, "state": 2, "submissionId": 23323058, "reward": 30004, "index": 1, "initialScore": 1723.7652689173542, "initialConfidence": 35.0, "updatedScore": 1721.6726329058902, "updatedConfidence": 35.0, "teamId": 99999}]}