{"id": 29003416, "competitionId": 30067, "createTime": {"seconds": 1635186666}, "endTime": {"seconds": 1635186666}, "agents": [{"id": 73103432, "state": 2, "submissionId": 23323058, "reward": 0, "index": 0, "initialScore": 1720.80748582869, "initialConfidence": 35.0, "updatedScore": 1718.7881288556432, "updatedConfidence": 35.0, "teamId": 99999}, {"id": 73103433, "state": 2, "submissionId": 23032370, "reward": 140010, "index": 1, "initialScore": 1899.5820623774955, "initialConfidence": 35.0, "updatedScore": 1901.6014193505423, "updatedConfidence": 35.0, "teamId": 99999}]}