{"id": 27376506, "competitionId": 30067, "createTime": {"seconds": 1632925100}, "endTime": {"seconds": 1632925100}, "agents": [{"id": 69849612, "state": 2, "submissionId": 22737546, "reward": 0, "index": 0, "initialScore": 1062.9946890394483, "initialConfidence": 35.0, "updatedScore": 1058.7583677550317, "updatedConfidence": 35.0, "teamId": 99999}, {"id": 69849613, "state": 2, "submissionId": 23032370, "reward": 210036, "index": 1, "initialScore": 1056.5695636163746, "initialConfidence": 97.29551052273794, "updatedScore": 1089.306527817519, "updatedConfidence": 91.82337165100527, "teamId": 99999}]}