{"id": 27375605, "competitionId": 30067, "createTime": {"seconds": 1632923421}, "endTime": {"seconds": 1632923421}, "agents": [{"id": 69847810, "state": 2, "submissionId": 22489033, "reward": 0, "index": 0, "initialScore": 580.9373216527456, "initialConfidence": 35.0, "updatedScore": 579.5140460150669, "updatedConfidence": 35.0, "teamId": 99999}, {"id": 69847811, "state": 2, "submissionId": 23032370, "reward": 150010, "index": 1, "initialScore": 871.8592555549383, "initialConfidence": 144.3660015574339, "updatedScore": 896.074161316287, "updatedConfidence": 135.55263027671978, "teamId": 99999}]}