{"id": 27377674, "competitionId": 30067, "createTime": {"seconds": 1632927260}, "endTime": {"seconds": 1632927260}, "agents": [{"id": 69851948, "state": 2, "submissionId": 22713298, "reward": 70009, "index": 0, "initialScore": 1142.5814907899955, "initialConfidence": 35.0, "updatedScore": 1140.1664675688571, "updatedConfidence": 35.0, "teamId": 99999}, {"id": 69851949, "state": 2, "submissionId": 23032370, "reward": 820083, "index": 1, "initialScore": 1285.277547729097, "initialConfidence": 63.81603375034143, "updatedScore": 1293.306240506989, "updatedConfidence": 62.57258698132522, "teamId": 99999}]}