{"id": 27378712, "competitionId": 30067, "createTime": {"seconds": 1632929182}, "endTime": {"seconds": 1632929182}, "agents": [{"id": 69854024, "state": 2, "submissionId": 23032370, "reward": 750066, "index": 0, "initialScore": 1353.1205833993622, "initialConfidence": 55.3417132476044, "updatedScore": 1362.7935707602412, "updatedConfidence": 54.29756956432966, "teamId": 99999}, {"id": 69854025, "state": 2, "submissionId": 22876516, "reward": 30000, "index": 1, "initialScore": 1318.1731589596193, "initialConfidence": 35.0, "updatedScore": 1314.3042232815603, "updatedConfidence": 35.0, "teamId": 99999}]}