{"id": 27535585, "competitionId": 30067, "createTime": {"seconds": 1633209176}, "endTime": {"seconds": 1633209176}, "agents": [{"id": 70167770, "state": 2, "submissionId": 22917746, "reward": 1, "index": 0, "initialScore": 1622.0251151104264, "initialConfidence": 35.0, "updatedScore": 1617.906667331715, "updatedConfidence": 35.0, "teamId": 99999}, {"id": 70167771, "state": 2, "submissionId": 23032370, "reward": 100010, "index": 1, "initialScore": 1645.1352132787483, "initialConfidence": 35.0, "updatedScore": 1649.2536610574598, "updatedConfidence": 35.0, "teamId": 99999}]}