{"id": 27589657, "competitionId": 30067, "createTime": {"seconds": 1633300433}, "endTime": {"seconds": 1633300433}, "agents": [{"id": 70275914, "state": 2, "submissionId": 23032370, "reward": 700052, "index": 0, "initialScore": 1705.0876573645724, "initialConfidence": 35.0, "updatedScore": 1708.471284968814, "updatedConfidence": 35.0, "teamId": 99999}, {"id": 70275915, "state": 2, "submissionId": 22930827, "reward": 330034, "index": 1, "initialScore": 1633.4757477453038, "initialConfidence": 35.0, "updatedScore": 1630.0921201410622, "updatedConfidence": 35.0, "teamId": 99999}]}