{"id": 27677827, "competitionId": 30067, "createTime": {"seconds": 1633444843}, "endTime": {"seconds": 1633444843}, "agents": [{"id": 70452254, "state": 2, "submissionId": 23049510, "reward": 190013, "index": 0, "initialScore": 1627.4622740144553, "initialConfidence": 35.0, "updatedScore": 1633.858720539003, "updatedConfidence": 35.0, "teamId": 99999}, {"id": 70452255, "state": 2, "submissionId": 23032370, "reward": 170012, "index": 1, "initialScore": 1734.9733352143865, "initialConfidence": 35.0, "updatedScore": 1728.576888689839, "updatedConfidence": 35.0, "teamId": 99999}]}