{"id": 27762130, "competitionId": 30067, "createTime": {"seconds": 1633577986}, "endTime": {"seconds": 1633577986}, "agents": [{"id": 70620860, "state": 2, "submissionId": 23032370, "reward": 90009, "index": 0, "initialScore": 1751.4587597973473, "initialConfidence": 35.0, "updatedScore": 1753.7573385577534, "updatedConfidence": 35.0, "teamId": 99999}, {"id": 70620861, "state": 2, "submissionId": 22917746, "reward": 10001, "index": 1, "initialScore": 1597.2644030623935, "initialConfidence": 35.0, "updatedScore": 1594.9658243019876, "updatedConfidence": 35.0, "teamId": 99999}]}