{"id": 27795028, "competitionId": 30067, "createTime": {"seconds": 1633628388}, "endTime": {"seconds": 1633628388}, "agents": [{"id": 70686656, "state": 2, "submissionId": 23034455, "reward": 40005, "index": 0, "initialScore": 1682.0443361961093, "initialConfidence": 35.0, "updatedScore": 1678.847165287119, "updatedConfidence": 35.0, "teamId": 99999}, {"id": 70686657, "state": 2, "submissionId": 23032370, "reward": 150012, "index": 1, "initialScore": 1766.7460793221833, "initialConfidence": 35.0, "updatedScore": 1769.9432502311736, "updatedConfidence": 35.0, "teamId": 99999}]}