{"id": 27821022, "competitionId": 30067, "createTime": {"seconds": 1633667948}, "endTime": {"seconds": 1633667948}, "agents": [{"id": 70738644, "state": 2, "submissionId": 23032370, "reward": 270031, "index": 0, "initialScore": 1761.379542264401, "initialConfidence": 35.0, "updatedScore": 1764.6029882029216, "updatedConfidence": 35.0, "teamId": 99999}, {"id": 70738645, "state": 2, "submissionId": 22902113, "reward": 220027, "index": 1, "initialScore": 1678.5448796454702, "initialConfidence": 35.0, "updatedScore": 1675.3214337069496, "updatedConfidence": 35.0, "teamId": 99999}]}