{"id": 27834322, "competitionId": 30067, "createTime": {"seconds": 1633687871}, "endTime": {"seconds": 1633687871}, "agents": [{"id": 70765244, "state": 2, "submissionId": 23034455, "reward": 520056, "index": 0, "initialScore": 1712.174541578603, "initialConfidence": 35.0, "updatedScore": 1717.6275373927715, "updatedConfidence": 35.0, "teamId": 99999}, {"id": 70765245, "state": 2, "submissionId": 23032370, "reward": 2, "index": 1, "initialScore": 1768.2781673866816, "initialConfidence": 35.0, "updatedScore": 1762.8251715725137, "updatedConfidence": 35.0, "teamId": 99999}]}