{"id": 27840770, "competitionId": 30067, "createTime": {"seconds": 1633697470}, "endTime": {"seconds": 1633697470}, "agents": [{"id": 70778140, "state": 2, "submissionId": 23032370, "reward": 130015, "index": 0, "initialScore": 1762.8251715725137, "initialConfidence": 35.0, "updatedScore": 1764.6860415726424, "updatedConfidence": 35.0, "teamId": 99999}, {"id": 70778141, "state": 2, "submissionId": 23086766, "reward": 30002, "index": 1, "initialScore": 1569.2076878374096, "initialConfidence": 35.0, "updatedScore": 1567.3468178372807, "updatedConfidence": 35.0, "teamId": 99999}]}