{"id": 27922109, "competitionId": 30067, "createTime": {"seconds": 1633817432}, "endTime": {"seconds": 1633817432}, "agents": [{"id": 70940818, "state": 2, "submissionId": 23034455, "reward": 70021, "index": 0, "initialScore": 1692.388673846204, "initialConfidence": 35.0, "updatedScore": 1689.3194933921618, "updatedConfidence": 35.0, "teamId": 99999}, {"id": 70940819, "state": 2, "submissionId": 23032370, "reward": 350032, "index": 1, "initialScore": 1786.2975879232508, "initialConfidence": 35.0, "updatedScore": 1789.366768377293, "updatedConfidence": 35.0, "teamId": 99999}]}