{"id": 27375734, "competitionId": 30067, "createTime": {"seconds": 1632923660}, "endTime": {"seconds": 1632923660}, "agents": [{"id": 69848068, "state": 2, "submissionId": 22424600, "reward": 0, "index": 0, "initialScore": 807.6606151767503, "initialConfidence": 35.0, "updatedScore": 804.8119954400388, "updatedConfidence": 35.0, "teamId": 99999}, {"id": 69848069, "state": 2, "submissionId": 23032370, "reward": 90009, "index": 1, "initialScore": 896.074161316287, "initialConfidence": 135.55263027671978, "updatedScore": 938.8023308830444, "updatedConfidence": 124.40301454768364, "teamId": 99999}]}