{"id": 27378194, "competitionId": 30067, "createTime": {"seconds": 1632928220}, "endTime": {"seconds": 1632928220}, "agents": [{"id": 69852988, "state": 2, "submissionId": 23032370, "reward": 160020, "index": 0, "initialScore": 1302.975258131443, "initialConfidence": 61.24807815599629, "updatedScore": 1316.529658104012, "updatedConfidence": 59.758003103077016, "teamId": 99999}, {"id": 69852989, "state": 2, "submissionId": 22924014, "reward": 0, "index": 1, "initialScore": 1306.1500264930378, "initialConfidence": 35.0, "updatedScore": 1301.723822213319, "updatedConfidence": 35.0, "teamId": 99999}]}