{"id": 27379871, "competitionId": 30067, "createTime": {"seconds": 1632931340}, "endTime": {"seconds": 1632931340}, "agents": [{"id": 69856342, "state": 2, "submissionId": 22683276, "reward": 130014, "index": 0, "initialScore": 1395.6642366324, "initialConfidence": 35.0, "updatedScore": 1391.751894191916, "updatedConfidence": 35.0, "teamId": 99999}, {"id": 69856343, "state": 2, "submissionId": 23032370, "reward": 710084, "index": 1, "initialScore": 1429.5453604604825, "initialConfidence": 47.64644508584706, "updatedScore": 1436.795757319184, "updatedConfidence": 46.969867045988416, "teamId": 99999}]}