{"id": 27379229, "competitionId": 30067, "createTime": {"seconds": 1632930140}, "endTime": {"seconds": 1632930140}, "agents": [{"id": 69855058, "state": 2, "submissionId": 23032370, "reward": 260024, "index": 0, "initialScore": 1390.71788238342, "initialConfidence": 51.46574113426722, "updatedScore": 1399.460384358945, "updatedConfidence": 50.60435452845402, "teamId": 99999}, {"id": 69855059, "state": 2, "submissionId": 22946324, "reward": 0, "index": 1, "initialScore": 1366.305089075211, "initialConfidence": 35.0, "updatedScore": 1362.2617946653338, "updatedConfidence": 35.0, "teamId": 99999}]}