{"id": 27378840, "competitionId": 30067, "createTime": {"seconds": 1632929420}, "endTime": {"seconds": 1632929420}, "agents": [{"id": 69854280, "state": 2, "submissionId": 23032370, "reward": 130014, "index": 0, "initialScore": 1374.965774173607, "initialConfidence": 53.18876971179031, "updatedScore": 1382.7472022002532, "updatedConfidence": 52.31835777146312, "teamId": 99999}, {"id": 69854281, "state": 2, "submissionId": 22952342, "reward": 10001, "index": 1, "initialScore": 1305.1204373600106, "initialConfidence": 35.0, "updatedScore": 1301.7510146114396, "updatedConfidence": 35.0, "teamId": 99999}]}