{"id": 27376769, "competitionId": 30067, "createTime": {"seconds": 1632925580}, "endTime": {"seconds": 1632925580}, "agents": [{"id": 69850138, "state": 2, "submissionId": 23032370, "reward": 290029, "index": 0, "initialScore": 1142.5338221752538, "initialConfidence": 83.36895285075654, "updatedScore": 1166.5751772644785, "updatedConfidence": 79.82345513982732, "teamId": 99999}, {"id": 69850139, "state": 2, "submissionId": 22710007, "reward": 0, "index": 1, "initialScore": 1142.1554566025666, "initialConfidence": 35.0, "updatedScore": 1137.9181846489494, "updatedConfidence": 35.0, "teamId": 99999}]}