{"id": 27407418, "competitionId": 30067, "createTime": {"seconds": 1632982704}, "endTime": {"seconds": 1632982704}, "agents": [{"id": 69911436, "state": 2, "submissionId": 22638962, "reward": 10001, "index": 0, "initialScore": 1486.5988248639965, "initialConfidence": 35.0, "updatedScore": 1482.7121747309882, "updatedConfidence": 35.0, "teamId": 99999}, {"id": 69911437, "state": 2, "submissionId": 23032370, "reward": 130013, "index": 1, "initialScore": 1523.825032030688, "initialConfidence": 39.25841303468038, "updatedScore": 1528.7149867691626, "updatedConfidence": 38.87752188265869, "teamId": 99999}]}