{"id": 27436120, "competitionId": 30067, "createTime": {"seconds": 1633034745}, "endTime": {"seconds": 1633034745}, "agents": [{"id": 69968840, "state": 2, "submissionId": 22902119, "reward": 30003, "index": 0, "initialScore": 1597.863990432512, "initialConfidence": 35.0, "updatedScore": 1593.100042690142, "updatedConfidence": 35.0, "teamId": 99999}, {"id": 69968841, "state": 2, "submissionId": 23032370, "reward": 90011, "index": 1, "initialScore": 1581.382311233886, "initialConfidence": 35.55348344620437, "updatedScore": 1586.2981226835457, "updatedConfidence": 35.24295268011179, "teamId": 99999}]}