{"id": 27457797, "competitionId": 30067, "createTime": {"seconds": 1633073435}, "endTime": {"seconds": 1633073435}, "agents": [{"id": 70012194, "state": 2, "submissionId": 23032370, "reward": 120013, "index": 0, "initialScore": 1594.102115079996, "initialConfidence": 35.0, "updatedScore": 1599.0260347812405, "updatedConfidence": 35.0, "teamId": 99999}, {"id": 70012195, "state": 2, "submissionId": 22917746, "reward": 0, "index": 1, "initialScore": 1619.884438050682, "initialConfidence": 35.0, "updatedScore": 1614.9605183494373, "updatedConfidence": 35.0, "teamId": 99999}]}