{"id": 27505548, "competitionId": 30067, "createTime": {"seconds": 1633157547}, "endTime": {"seconds": 1633157547}, "agents": [{"id": 70107696, "state": 2, "submissionId": 23032370, "reward": 260008, "index": 0, "initialScore": 1626.1693897651555, "initialConfidence": 35.0, "updatedScore": 1630.4631826134791, "updatedConfidence": 35.0, "teamId": 99999}, {"id": 70107697, "state": 2, "submissionId": 23003907, "reward": 0, "index": 1, "initialScore": 1614.0307854471655, "initialConfidence": 35.0, "updatedScore": 1609.736992598842, "updatedConfidence": 35.0, "teamId": 99999}]}