{"id": 27547740, "competitionId": 30067, "createTime": {"seconds": 1633229845}, "endTime": {"seconds": 1633229845}, "agents": [{"id": 70192080, "state": 2, "submissionId": 23032370, "reward": 550055, "index": 0, "initialScore": 1664.5257307766065, "initialConfidence": 35.0, "updatedScore": 1668.1567442286985, "updatedConfidence": 35.0, "teamId": 99999}, {"id": 70192081, "state": 2, "submissionId": 22917589, "reward": 340032, "index": 1, "initialScore": 1609.7497250474703, "initialConfidence": 35.0, "updatedScore": 1606.1187115953785, "updatedConfidence": 35.0, "teamId": 99999}]}