{"id": 27548553, "competitionId": 30067, "createTime": {"seconds": 1633231283}, "endTime": {"seconds": 1633231283}, "agents": [{"id": 70193706, "state": 2, "submissionId": 23032370, "reward": 60006, "index": 0, "initialScore": 1668.1567442286985, "initialConfidence": 35.0, "updatedScore": 1671.181626789299, "updatedConfidence": 35.0, "teamId": 99999}, {"id": 70193707, "state": 2, "submissionId": 22902119, "reward": 1, "index": 1, "initialScore": 1571.0160100660491, "initialConfidence": 35.0, "updatedScore": 1567.9911275054487, "updatedConfidence": 35.0, "teamId": 99999}]}