{"id": 27541929, "competitionId": 30067, "createTime": {"seconds": 1633219975}, "endTime": {"seconds": 1633219975}, "agents": [{"id": 70180458, "state": 2, "submissionId": 23032370, "reward": 320031, "index": 0, "initialScore": 1656.7775255269478, "initialConfidence": 35.0, "updatedScore": 1660.5831038243189, "updatedConfidence": 35.0, "teamId": 99999}, {"id": 70180459, "state": 2, "submissionId": 22917589, "reward": 220015, "index": 1, "initialScore": 1613.5553033448416, "initialConfidence": 35.0, "updatedScore": 1609.7497250474703, "updatedConfidence": 35.0, "teamId": 99999}]}