{"id": 27577327, "competitionId": 30067, "createTime": {"seconds": 1633279765}, "endTime": {"seconds": 1633279765}, "agents": [{"id": 70251254, "state": 2, "submissionId": 23032370, "reward": 260011, "index": 0, "initialScore": 1689.8641826328817, "initialConfidence": 35.0, "updatedScore": 1694.0279290649332, "updatedConfidence": 35.0, "teamId": 99999}, {"id": 70251255, "state": 2, "submissionId": 22902113, "reward": 20012, "index": 1, "initialScore": 1669.6079677234636, "initialConfidence": 35.0, "updatedScore": 1665.4442212914118, "updatedConfidence": 35.0, "teamId": 99999}]}