{"id": 27583628, "competitionId": 30067, "createTime": {"seconds": 1633290325}, "endTime": {"seconds": 1633290325}, "agents": [{"id": 70263856, "state": 2, "submissionId": 23032370, "reward": 210021, "index": 0, "initialScore": 1697.370159639696, "initialConfidence": 35.0, "updatedScore": 1701.202787427009, "updatedConfidence": 35.0, "teamId": 99999}, {"id": 70263857, "state": 2, "submissionId": 23034455, "reward": 60006, "index": 1, "initialScore": 1655.91592631423, "initialConfidence": 35.0, "updatedScore": 1652.083298526917, "updatedConfidence": 35.0, "teamId": 99999}]}