{"id": 27379615, "competitionId": 30067, "createTime": {"seconds": 1632930861}, "endTime": {"seconds": 1632930861}, "agents": [{"id": 69855830, "state": 2, "submissionId": 23032370, "reward": 290037, "index": 0, "initialScore": 1413.869042309332, "initialConfidence": 49.10901665141446, "updatedScore": 1420.7595909762097, "updatedConfidence": 48.40740826096109, "teamId": 99999}, {"id": 69855831, "state": 2, "submissionId": 22889776, "reward": 0, "index": 1, "initialScore": 1352.447630951306, "initialConfidence": 35.0, "updatedScore": 1348.9476360061385, "updatedConfidence": 35.0, "teamId": 99999}]}