{"id": 27377934, "competitionId": 30067, "createTime": {"seconds": 1632927740}, "endTime": {"seconds": 1632927740}, "agents": [{"id": 69852468, "state": 2, "submissionId": 23032370, "reward": 120012, "index": 0, "initialScore": 1293.306240506989, "initialConfidence": 62.57258698132522, "updatedScore": 1302.975258131443, "updatedConfidence": 61.24807815599629, "teamId": 99999}, {"id": 69852469, "state": 2, "submissionId": 22790856, "reward": 0, "index": 1, "initialScore": 1199.7931479656932, "initialConfidence": 35.0, "updatedScore": 1196.767974940802, "updatedConfidence": 35.0, "teamId": 99999}]}