{"id": 27379999, "competitionId": 30067, "createTime": {"seconds": 1632931581}, "endTime": {"seconds": 1632931581}, "agents": [{"id": 69856598, "state": 2, "submissionId": 23032370, "reward": 280032, "index": 0, "initialScore": 1443.3182322610924, "initialConfidence": 46.34421020726415, "updatedScore": 1449.167414628149, "updatedConfidence": 45.76627598189573, "teamId": 99999}, {"id": 69856599, "state": 2, "submissionId": 22927605, "reward": 1, "index": 1, "initialScore": 1369.9471393741858, "initialConfidence": 35.0, "updatedScore": 1366.611030003407, "updatedConfidence": 35.0, "teamId": 99999}]}