{"id": 27379100, "competitionId": 30067, "createTime": {"seconds": 1632929901}, "endTime": {"seconds": 1632929901}, "agents": [{"id": 69854800, "state": 2, "submissionId": 22937130, "reward": 0, "index": 0, "initialScore": 1402.3028273563225, "initialConfidence": 35.0, "updatedScore": 1397.2452269976943, "updatedConfidence": 35.0, "teamId": 99999}, {"id": 69854801, "state": 2, "submissionId": 23032370, "reward": 140021, "index": 1, "initialScore": 1362.7935707602412, "initialConfidence": 54.29756956432966, "updatedScore": 1374.965774173607, "updatedConfidence": 53.18876971179031, "teamId": 99999}]}