{"id": 27375347, "competitionId": 30067, "createTime": {"seconds": 1632922940}, "endTime": {"seconds": 1632922940}, "agents": [{"id": 69847294, "state": 2, "submissionId": 23032370, "reward": 170017, "index": 0, "initialScore": 788.4761533524049, "initialConfidence": 170.0, "updatedScore": 843.8147946022683, "updatedConfidence": 155.0, "teamId": 99999}, {"id": 69847295, "state": 2, "submissionId": 22576325, "reward": 0, "index": 1, "initialScore": 659.4414412903783, "initialConfidence": 35.0, "updatedScore": 657.0957722408599, "updatedConfidence": 35.0, "teamId": 99999}]}