{"id": 27377806, "competitionId": 30067, "createTime": {"seconds": 1632927501}, "endTime": {"seconds": 1632927501}, "agents": [{"id": 69852212, "state": 2, "submissionId": 23032370, "reward": 90014, "index": 0, "initialScore": 1245.8455269926965, "initialConfidence": 67.9671319698358, "updatedScore": 1268.8683874829055, "updatedConfidence": 65.68097591356316, "teamId": 99999}, {"id": 69852213, "state": 2, "submissionId": 22608045, "reward": 0, "index": 1, "initialScore": 1352.9235852770294, "initialConfidence": 35.0, "updatedScore": 1346.8184192053418, "updatedConfidence": 35.0, "teamId": 99999}]}