{"id": 27380655, "competitionId": 30067, "createTime": {"seconds": 1632932781}, "endTime": {"seconds": 1632932781}, "agents": [{"id": 69857910, "state": 2, "submissionId": 23032370, "reward": 90010, "index": 0, "initialScore": 1464.5218939468582, "initialConfidence": 44.231123102211214, "updatedScore": 1469.5194736336553, "updatedConfidence": 43.74334139648573, "teamId": 99999}, {"id": 69857911, "state": 2, "submissionId": 22964919, "reward": 10001, "index": 1, "initialScore": 1376.009138131638, "initialConfidence": 35.0, "updatedScore": 1372.879890858468, "updatedConfidence": 35.0, "teamId": 99999}]}