{"id": 27380127, "competitionId": 30067, "createTime": {"seconds": 1632931821}, "endTime": {"seconds": 1632931821}, "agents": [{"id": 69856854, "state": 2, "submissionId": 23032370, "reward": 70006, "index": 0, "initialScore": 1436.795757319184, "initialConfidence": 46.969867045988416, "updatedScore": 1443.3182322610924, "updatedConfidence": 46.34421020726415, "teamId": 99999}, {"id": 69856855, "state": 2, "submissionId": 22969581, "reward": 0, "index": 1, "initialScore": 1383.3405144921562, "initialConfidence": 35.0, "updatedScore": 1379.7188363979228, "updatedConfidence": 35.0, "teamId": 99999}]}