{"id": 27395354, "competitionId": 30067, "createTime": {"seconds": 1632960287}, "endTime": {"seconds": 1632960287}, "agents": [{"id": 69887308, "state": 2, "submissionId": 23032370, "reward": 440043, "index": 0, "initialScore": 1506.9985436133975, "initialConfidence": 40.52704681432264, "updatedScore": 1512.5200598772235, "updatedConfidence": 40.09739373986199, "teamId": 99999}, {"id": 69887309, "state": 2, "submissionId": 22638962, "reward": 0, "index": 1, "initialScore": 1484.9150173345472, "initialConfidence": 35.0, "updatedScore": 1480.796844890384, "updatedConfidence": 35.0, "teamId": 99999}]}