{"id": 27408675, "competitionId": 30067, "createTime": {"seconds": 1632984867}, "endTime": {"seconds": 1632984867}, "agents": [{"id": 69913950, "state": 2, "submissionId": 23032370, "reward": 260025, "index": 0, "initialScore": 1528.7149867691626, "initialConfidence": 38.87752188265869, "updatedScore": 1536.0930656544904, "updatedConfidence": 38.43523413394404, "teamId": 99999}, {"id": 69913951, "state": 2, "submissionId": 22934122, "reward": 20002, "index": 1, "initialScore": 1615.1292578985915, "initialConfidence": 35.0, "updatedScore": 1609.1495188233218, "updatedConfidence": 35.0, "teamId": 99999}]}