{"id": 27418648, "competitionId": 30067, "createTime": {"seconds": 1633003105}, "endTime": {"seconds": 1633003105}, "agents": [{"id": 69933896, "state": 2, "submissionId": 23008895, "reward": 230026, "index": 0, "initialScore": 1599.5514001159436, "initialConfidence": 35.0, "updatedScore": 1594.3030834797266, "updatedConfidence": 35.0, "teamId": 99999}, {"id": 69933897, "state": 2, "submissionId": 23032370, "reward": 300016, "index": 1, "initialScore": 1554.4409675120062, "initialConfidence": 37.26103487972356, "updatedScore": 1560.3892798589952, "updatedConfidence": 36.88986386938726, "teamId": 99999}]}