{"id": 27463313, "competitionId": 30067, "createTime": {"seconds": 1633083275}, "endTime": {"seconds": 1633083275}, "agents": [{"id": 70023226, "state": 2, "submissionId": 23032370, "reward": 70010, "index": 0, "initialScore": 1599.0260347812405, "initialConfidence": 35.0, "updatedScore": 1603.8396917385962, "updatedConfidence": 35.0, "teamId": 99999}, {"id": 70023227, "state": 2, "submissionId": 22917589, "reward": 0, "index": 1, "initialScore": 1618.326763632323, "initialConfidence": 35.0, "updatedScore": 1613.5131066749673, "updatedConfidence": 35.0, "teamId": 99999}]}