{"id": 27478886, "competitionId": 30067, "createTime": {"seconds": 1633110932}, "endTime": {"seconds": 1633110932}, "agents": [{"id": 70054372, "state": 2, "submissionId": 23032370, "reward": 330026, "index": 0, "initialScore": 1608.1337231283037, "initialConfidence": 35.0, "updatedScore": 1612.737786123307, "updatedConfidence": 35.0, "teamId": 99999}, {"id": 70054373, "state": 2, "submissionId": 22913959, "reward": 150015, "index": 1, "initialScore": 1614.9415248053742, "initialConfidence": 35.0, "updatedScore": 1610.337461810371, "updatedConfidence": 35.0, "teamId": 99999}]}