{"id": 27475477, "competitionId": 30067, "createTime": {"seconds": 1633104932}, "endTime": {"seconds": 1633104932}, "agents": [{"id": 70047554, "state": 2, "submissionId": 23032370, "reward": 10001, "index": 0, "initialScore": 1612.54244564466, "initialConfidence": 35.0, "updatedScore": 1608.1337231283037, "updatedConfidence": 35.0, "teamId": 99999}, {"id": 70047555, "state": 2, "submissionId": 23003907, "reward": 40005, "index": 1, "initialScore": 1617.5962696428612, "initialConfidence": 35.0, "updatedScore": 1622.0049921592176, "updatedConfidence": 35.0, "teamId": 99999}]}