{"id": 27651429, "competitionId": 30067, "createTime": {"seconds": 1633402126}, "endTime": {"seconds": 1633402126}, "agents": [{"id": 70399458, "state": 2, "submissionId": 23032370, "reward": 150017, "index": 0, "initialScore": 1734.7715422434665, "initialConfidence": 35.0, "updatedScore": 1737.765599922371, "updatedConfidence": 35.0, "teamId": 99999}, {"id": 70399459, "state": 2, "submissionId": 22947606, "reward": 90009, "index": 1, "initialScore": 1635.3676357977438, "initialConfidence": 35.0, "updatedScore": 1632.3735781188393, "updatedConfidence": 35.0, "teamId": 99999}]}