{"id": 27671106, "competitionId": 30067, "createTime": {"seconds": 1633434044}, "endTime": {"seconds": 1633434044}, "agents": [{"id": 70438812, "state": 2, "submissionId": 23049510, "reward": 0, "index": 0, "initialScore": 1630.4268190640444, "initialConfidence": 35.0, "updatedScore": 1627.4622740144553, "updatedConfidence": 35.0, "teamId": 99999}, {"id": 70438813, "state": 2, "submissionId": 23032370, "reward": 120013, "index": 1, "initialScore": 1732.0087901647971, "initialConfidence": 35.0, "updatedScore": 1734.9733352143865, "updatedConfidence": 35.0, "teamId": 99999}]}