{"id": 27697115, "competitionId": 30067, "createTime": {"seconds": 1633475566}, "endTime": {"seconds": 1633475566}, "agents": [{"id": 70490830, "state": 2, "submissionId": 22947606, "reward": 0, "index": 0, "initialScore": 1621.8461307624889, "initialConfidence": 35.0, "updatedScore": 1618.990590532892, "updatedConfidence": 35.0, "teamId": 99999}, {"id": 70490831, "state": 2, "submissionId": 23032370, "reward": 160016, "index": 1, "initialScore": 1731.571604119728, "initialConfidence": 35.0, "updatedScore": 1734.4271443493249, "updatedConfidence": 35.0, "teamId": 99999}]}