{"id": 27768666, "competitionId": 30067, "createTime": {"seconds": 1633588065}, "endTime": {"seconds": 1633588065}, "agents": [{"id": 70633932, "state": 2, "submissionId": 23032370, "reward": 120014, "index": 0, "initialScore": 1753.7573385577534, "initialConfidence": 35.0, "updatedScore": 1756.5075856860158, "updatedConfidence": 35.0, "teamId": 99999}, {"id": 70633933, "state": 2, "submissionId": 23038485, "reward": 0, "index": 1, "initialScore": 1636.0098363292896, "initialConfidence": 35.0, "updatedScore": 1633.2595892010272, "updatedConfidence": 35.0, "teamId": 99999}]}