{"id": 27814534, "competitionId": 30067, "createTime": {"seconds": 1633658109}, "endTime": {"seconds": 1633658109}, "agents": [{"id": 70725668, "state": 2, "submissionId": 23032370, "reward": 220024, "index": 0, "initialScore": 1767.1438146484356, "initialConfidence": 35.0, "updatedScore": 1761.379542264401, "updatedConfidence": 35.0, "teamId": 99999}, {"id": 70725669, "state": 2, "submissionId": 23034455, "reward": 250026, "index": 1, "initialScore": 1693.73771350145, "initialConfidence": 35.0, "updatedScore": 1699.5019858854846, "updatedConfidence": 35.0, "teamId": 99999}]}