{"id": 27868162, "competitionId": 30067, "createTime": {"seconds": 1633738436}, "endTime": {"seconds": 1633738436}, "agents": [{"id": 70832924, "state": 2, "submissionId": 22931784, "reward": 2, "index": 0, "initialScore": 1622.614592132672, "initialConfidence": 35.0, "updatedScore": 1620.2778070767692, "updatedConfidence": 35.0, "teamId": 99999}, {"id": 70832925, "state": 2, "submissionId": 23032370, "reward": 40004, "index": 1, "initialScore": 1773.5808572860576, "initialConfidence": 35.0, "updatedScore": 1775.9176423419603, "updatedConfidence": 35.0, "teamId": 99999}]}