{"id": 27915429, "competitionId": 30067, "createTime": {"seconds": 1633807828}, "endTime": {"seconds": 1633807828}, "agents": [{"id": 70927458, "state": 2, "submissionId": 23032370, "reward": 80010, "index": 0, "initialScore": 1783.0774256832997, "initialConfidence": 35.0, "updatedScore": 1786.2975879232508, "updatedConfidence": 35.0, "teamId": 99999}, {"id": 70927459, "state": 2, "submissionId": 23034455, "reward": 0, "index": 1, "initialScore": 1700.0098427923388, "initialConfidence": 35.0, "updatedScore": 1696.7896805523874, "updatedConfidence": 35.0, "teamId": 99999}]}