{"id": 27961692, "competitionId": 30067, "createTime": {"seconds": 1633874823}, "endTime": {"seconds": 1633874823}, "agents": [{"id": 71019984, "state": 2, "submissionId": 23034455, "reward": 360036, "index": 0, "initialScore": 1706.0641157211855, "initialConfidence": 35.0, "updatedScore": 1712.21537932542, "updatedConfidence": 35.0, "teamId": 99999}, {"id": 71019985, "state": 2, "submissionId": 23032370, "reward": 110011, "index": 1, "initialScore": 1800.500351776764, "initialConfidence": 35.0, "updatedScore": 1794.3490881725295, "updatedConfidence": 35.0, "teamId": 99999}]}