{"id": 28073366, "competitionId": 30067, "createTime": {"seconds": 1634038057}, "endTime": {"seconds": 1634038057}, "agents": [{"id": 71243332, "state": 2, "submissionId": 23032370, "reward": 290022, "index": 0, "initialScore": 1826.6726671115705, "initialConfidence": 35.0, "updatedScore": 1829.4113414542592, "updatedConfidence": 35.0, "teamId": 99999}, {"id": 71243333, "state": 2, "submissionId": 23034455, "reward": 180019, "index": 1, "initialScore": 1708.0336411041449, "initialConfidence": 35.0, "updatedScore": 1705.294966761456, "updatedConfidence": 35.0, "teamId": 99999}]}