{"id": 28109053, "competitionId": 30067, "createTime": {"seconds": 1634087319}, "endTime": {"seconds": 1634087319}, "agents": [{"id": 71314706, "state": 2, "submissionId": 23032370, "reward": 440047, "index": 0, "initialScore": 1839.5971348420555, "initialConfidence": 35.0, "updatedScore": 1842.0194422181532, "updatedConfidence": 35.0, "teamId": 99999}, {"id": 71314707, "state": 2, "submissionId": 23034455, "reward": 220028, "index": 1, "initialScore": 1695.751330667563, "initialConfidence": 35.0, "updatedScore": 1693.329023291465, "updatedConfidence": 35.0, "teamId": 99999}]}