{"id": 28159300, "competitionId": 30067, "createTime": {"seconds": 1634155829}, "endTime": {"seconds": 1634155829}, "agents": [{"id": 71415200, "state": 2, "submissionId": 23032370, "reward": 290030, "index": 0, "initialScore": 1838.4839552899875, "initialConfidence": 35.0, "updatedScore": 1841.0087991699056, "updatedConfidence": 35.0, "teamId": 99999}, {"id": 71415201, "state": 2, "submissionId": 23034455, "reward": 160018, "index": 1, "initialScore": 1702.99410312231, "initialConfidence": 35.0, "updatedScore": 1700.4692592423917, "updatedConfidence": 35.0, "teamId": 99999}]}