{"id": 28195523, "competitionId": 30067, "createTime": {"seconds": 1634205069}, "endTime": {"seconds": 1634205069}, "agents": [{"id": 71487646, "state": 2, "submissionId": 23032370, "reward": 280030, "index": 0, "initialScore": 1849.103498318374, "initialConfidence": 35.0, "updatedScore": 1851.4317822387095, "updatedConfidence": 35.0, "teamId": 99999}, {"id": 71487647, "state": 2, "submissionId": 23034455, "reward": 150016, "index": 1, "initialScore": 1697.42154211034, "initialConfidence": 35.0, "updatedScore": 1695.0932581900042, "updatedConfidence": 35.0, "teamId": 99999}]}