{"id": 28224318, "competitionId": 30067, "createTime": {"seconds": 1634243651}, "endTime": {"seconds": 1634243651}, "agents": [{"id": 71545236, "state": 2, "submissionId": 23032370, "reward": 140013, "index": 0, "initialScore": 1857.583013292883, "initialConfidence": 35.0, "updatedScore": 1859.7757296127115, "updatedConfidence": 35.0, "teamId": 99999}, {"id": 71545237, "state": 2, "submissionId": 23034455, "reward": 80009, "index": 1, "initialScore": 1694.282520903689, "initialConfidence": 35.0, "updatedScore": 1692.0898045838603, "updatedConfidence": 35.0, "teamId": 99999}]}