{"id": 28231713, "competitionId": 30067, "createTime": {"seconds": 1634253831}, "endTime": {"seconds": 1634253831}, "agents": [{"id": 71560026, "state": 2, "submissionId": 23008895, "reward": 170016, "index": 0, "initialScore": 1644.3378127328806, "initialConfidence": 35.0, "updatedScore": 1642.6959485229588, "updatedConfidence": 35.0, "teamId": 99999}, {"id": 71560027, "state": 2, "submissionId": 23032370, "reward": 330032, "index": 1, "initialScore": 1859.7757296127115, "initialConfidence": 35.0, "updatedScore": 1861.417593822633, "updatedConfidence": 35.0, "teamId": 99999}]}