{"id": 27376376, "competitionId": 30067, "createTime": {"seconds": 1632924861}, "endTime": {"seconds": 1632924861}, "agents": [{"id": 69849352, "state": 2, "submissionId": 22682919, "reward": 90008, "index": 0, "initialScore": 1013.6432326781712, "initialConfidence": 35.0, "updatedScore": 1010.47555900384, "updatedConfidence": 35.0, "teamId": 99999}, {"id": 69849353, "state": 2, "submissionId": 23032370, "reward": 940084, "index": 1, "initialScore": 1089.306527817519, "initialConfidence": 91.82337165100527, "updatedScore": 1111.1092548579788, "updatedConfidence": 87.76197106745536, "teamId": 99999}]}