{"id": 27376247, "competitionId": 30067, "createTime": {"seconds": 1632924620}, "endTime": {"seconds": 1632924620}, "agents": [{"id": 69849094, "state": 2, "submissionId": 22887284, "reward": 0, "index": 0, "initialScore": 995.8287551902024, "initialConfidence": 35.0, "updatedScore": 992.107192369466, "updatedConfidence": 35.0, "teamId": 99999}, {"id": 69849095, "state": 2, "submissionId": 23032370, "reward": 50032, "index": 1, "initialScore": 1024.083707471555, "initialConfidence": 103.4076159351778, "updatedScore": 1056.5695636163746, "updatedConfidence": 97.29551052273794, "teamId": 99999}]}