{"id": 27391996, "competitionId": 30067, "createTime": {"seconds": 1632954046}, "endTime": {"seconds": 1632954046}, "agents": [{"id": 69880592, "state": 2, "submissionId": 23032370, "reward": 110007, "index": 0, "initialScore": 1500.7884820492045, "initialConfidence": 40.99025479158535, "updatedScore": 1506.9985436133975, "updatedConfidence": 40.52704681432264, "teamId": 99999}, {"id": 69880593, "state": 2, "submissionId": 22636791, "reward": 30003, "index": 1, "initialScore": 1504.309347951826, "initialConfidence": 35.0, "updatedScore": 1499.7817197269792, "updatedConfidence": 35.0, "teamId": 99999}]}