{"id": 27413397, "competitionId": 30067, "createTime": {"seconds": 1632993506}, "endTime": {"seconds": 1632993506}, "agents": [{"id": 69923394, "state": 2, "submissionId": 23032370, "reward": 650053, "index": 0, "initialScore": 1536.0930656544904, "initialConfidence": 38.43523413394404, "updatedScore": 1541.342981678723, "updatedConfidence": 38.05878538993072, "teamId": 99999}, {"id": 69923395, "state": 2, "submissionId": 22795785, "reward": 300030, "index": 1, "initialScore": 1528.330868221111, "initialConfidence": 35.0, "updatedScore": 1523.9774600970716, "updatedConfidence": 35.0, "teamId": 99999}]}