{"id": 27468495, "competitionId": 30067, "createTime": {"seconds": 1633092394}, "endTime": {"seconds": 1633092394}, "agents": [{"id": 70033590, "state": 2, "submissionId": 22930827, "reward": 90009, "index": 0, "initialScore": 1603.5148108242142, "initialConfidence": 35.0, "updatedScore": 1599.1052241988034, "updatedConfidence": 35.0, "teamId": 99999}, {"id": 70033591, "state": 2, "submissionId": 23032370, "reward": 280023, "index": 1, "initialScore": 1608.515672911739, "initialConfidence": 35.0, "updatedScore": 1612.92525953715, "updatedConfidence": 35.0, "teamId": 99999}]}