{"id": 27496047, "competitionId": 30067, "createTime": {"seconds": 1633141225}, "endTime": {"seconds": 1633141225}, "agents": [{"id": 70088694, "state": 2, "submissionId": 23032370, "reward": 60005, "index": 0, "initialScore": 1621.8275677097458, "initialConfidence": 35.0, "updatedScore": 1626.1693897651555, "updatedConfidence": 35.0, "teamId": 99999}, {"id": 70088695, "state": 2, "submissionId": 22913959, "reward": 1, "index": 1, "initialScore": 1612.6596128464632, "initialConfidence": 35.0, "updatedScore": 1608.3177907910535, "updatedConfidence": 35.0, "teamId": 99999}]}