{"id": 27532632, "competitionId": 30067, "createTime": {"seconds": 1633204135}, "endTime": {"seconds": 1633204135}, "agents": [{"id": 70161864, "state": 2, "submissionId": 23032370, "reward": 80008, "index": 0, "initialScore": 1641.3757468986885, "initialConfidence": 35.0, "updatedScore": 1645.1352132787483, "updatedConfidence": 35.0, "teamId": 99999}, {"id": 70161865, "state": 2, "submissionId": 23055500, "reward": 1, "index": 1, "initialScore": 1595.7105515895912, "initialConfidence": 38.7326098598722, "updatedScore": 1591.106463340138, "updatedConfidence": 38.37225080862446, "teamId": 99999}]}