{"id": 27620605, "competitionId": 30067, "createTime": {"seconds": 1633351315}, "endTime": {"seconds": 1633351315}, "agents": [{"id": 70337810, "state": 2, "submissionId": 23034455, "reward": 370042, "index": 0, "initialScore": 1660.4418733983616, "initialConfidence": 35.0, "updatedScore": 1656.88107375846, "updatedConfidence": 35.0, "teamId": 99999}, {"id": 70337811, "state": 2, "submissionId": 23032370, "reward": 690052, "index": 1, "initialScore": 1719.938777571407, "initialConfidence": 35.0, "updatedScore": 1723.4995772113086, "updatedConfidence": 35.0, "teamId": 99999}]}