{"id": 27854767, "competitionId": 30067, "createTime": {"seconds": 1633718455}, "endTime": {"seconds": 1633718455}, "agents": [{"id": 70806134, "state": 2, "submissionId": 22931784, "reward": 210027, "index": 0, "initialScore": 1619.9335171924029, "initialConfidence": 35.0, "updatedScore": 1617.5564137432327, "updatedConfidence": 35.0, "teamId": 99999}, {"id": 70806135, "state": 2, "submissionId": 23032370, "reward": 440044, "index": 1, "initialScore": 1767.525153897264, "initialConfidence": 35.0, "updatedScore": 1769.902257346434, "updatedConfidence": 35.0, "teamId": 99999}]}