{"id": 27875066, "competitionId": 30067, "createTime": {"seconds": 1633748520}, "endTime": {"seconds": 1633748520}, "agents": [{"id": 70846732, "state": 2, "submissionId": 23034455, "reward": 0, "index": 0, "initialScore": 1702.4056147045749, "initialConfidence": 35.0, "updatedScore": 1699.0493763571346, "updatedConfidence": 35.0, "teamId": 99999}, {"id": 70846733, "state": 2, "submissionId": 23032370, "reward": 130008, "index": 1, "initialScore": 1775.9176423419603, "initialConfidence": 35.0, "updatedScore": 1779.2738806894006, "updatedConfidence": 35.0, "teamId": 99999}]}