{"id": 27908917, "competitionId": 30067, "createTime": {"seconds": 1633798230}, "endTime": {"seconds": 1633798230}, "agents": [{"id": 70914434, "state": 2, "submissionId": 23032370, "reward": 500048, "index": 0, "initialScore": 1780.698735308869, "initialConfidence": 35.0, "updatedScore": 1783.0774256832997, "updatedConfidence": 35.0, "teamId": 99999}, {"id": 70914435, "state": 2, "submissionId": 23041086, "reward": 480051, "index": 1, "initialScore": 1633.2392672419376, "initialConfidence": 35.0, "updatedScore": 1630.860576867507, "updatedConfidence": 35.0, "teamId": 99999}]}