{"id": 28058886, "competitionId": 30067, "createTime": {"seconds": 1634018135}, "endTime": {"seconds": 1634018135}, "agents": [{"id": 71214372, "state": 2, "submissionId": 23032370, "reward": 80012, "index": 0, "initialScore": 1821.11089574715, "initialConfidence": 35.0, "updatedScore": 1823.906774189113, "updatedConfidence": 35.0, "teamId": 99999}, {"id": 71214373, "state": 2, "submissionId": 23034455, "reward": 0, "index": 1, "initialScore": 1706.859447212913, "initialConfidence": 35.0, "updatedScore": 1704.0635687709498, "updatedConfidence": 35.0, "teamId": 99999}]}