{"id": 28101861, "competitionId": 30067, "createTime": {"seconds": 1634077480}, "endTime": {"seconds": 1634077480}, "agents": [{"id": 71300322, "state": 2, "submissionId": 23032370, "reward": 570056, "index": 0, "initialScore": 1837.1782733564803, "initialConfidence": 35.0, "updatedScore": 1839.5971348420555, "updatedConfidence": 35.0, "teamId": 99999}, {"id": 71300323, "state": 2, "submissionId": 23034455, "reward": 320032, "index": 1, "initialScore": 1693.0482984458454, "initialConfidence": 35.0, "updatedScore": 1690.6294369602704, "updatedConfidence": 35.0, "teamId": 99999}]}