{"id": 28137228, "competitionId": 30067, "createTime": {"seconds": 1634125720}, "endTime": {"seconds": 1634125720}, "agents": [{"id": 71371056, "state": 2, "submissionId": 23034455, "reward": 270048, "index": 0, "initialScore": 1706.09311299264, "initialConfidence": 35.0, "updatedScore": 1703.553216599031, "updatedConfidence": 35.0, "teamId": 99999}, {"id": 71371057, "state": 2, "submissionId": 23032370, "reward": 380035, "index": 1, "initialScore": 1840.372075604328, "initialConfidence": 35.0, "updatedScore": 1842.9119719979367, "updatedConfidence": 35.0, "teamId": 99999}]}