{"id": 28173978, "competitionId": 30067, "createTime": {"seconds": 1634176037}, "endTime": {"seconds": 1634176037}, "agents": [{"id": 71444556, "state": 2, "submissionId": 23139073, "reward": 10002, "index": 0, "initialScore": 1601.2459934474618, "initialConfidence": 35.0, "updatedScore": 1599.8495370604337, "updatedConfidence": 35.0, "teamId": 99999}, {"id": 71444557, "state": 2, "submissionId": 23032370, "reward": 520052, "index": 1, "initialScore": 1843.401415222844, "initialConfidence": 35.0, "updatedScore": 1844.7978716098723, "updatedConfidence": 35.0, "teamId": 99999}]}