{"id": 28209899, "competitionId": 30067, "createTime": {"seconds": 1634224299}, "endTime": {"seconds": 1634224299}, "agents": [{"id": 71516398, "state": 2, "submissionId": 23032370, "reward": 410044, "index": 0, "initialScore": 1853.150938618046, "initialConfidence": 35.0, "updatedScore": 1855.379597487736, "updatedConfidence": 35.0, "teamId": 99999}, {"id": 71516399, "state": 2, "submissionId": 23034455, "reward": 290032, "index": 1, "initialScore": 1692.969622277381, "initialConfidence": 35.0, "updatedScore": 1690.7409634076907, "updatedConfidence": 35.0, "teamId": 99999}]}