{"id": 28275685, "competitionId": 30067, "createTime": {"seconds": 1634311836}, "endTime": {"seconds": 1634311836}, "agents": [{"id": 71647970, "state": 2, "submissionId": 23129375, "reward": 340035, "index": 0, "initialScore": 1668.812458749074, "initialConfidence": 35.0, "updatedScore": 1667.0145691613022, "updatedConfidence": 35.0, "teamId": 99999}, {"id": 71647971, "state": 2, "submissionId": 23032370, "reward": 590034, "index": 1, "initialScore": 1868.5374024387504, "initialConfidence": 35.0, "updatedScore": 1870.3352920265224, "updatedConfidence": 35.0, "teamId": 99999}]}