{"id": 28297260, "competitionId": 30067, "createTime": {"seconds": 1634340662}, "endTime": {"seconds": 1634340662}, "agents": [{"id": 71691120, "state": 2, "submissionId": 23010508, "reward": 110011, "index": 0, "initialScore": 1661.7302542422558, "initialConfidence": 35.0, "updatedScore": 1660.0538071192257, "updatedConfidence": 35.0, "teamId": 99999}, {"id": 71691121, "state": 2, "submissionId": 23032370, "reward": 200015, "index": 1, "initialScore": 1873.6089751847585, "initialConfidence": 35.0, "updatedScore": 1875.2854223077888, "updatedConfidence": 35.0, "teamId": 99999}]}