{"id": 28348618, "competitionId": 30067, "createTime": {"seconds": 1634407173}, "endTime": {"seconds": 1634407173}, "agents": [{"id": 71793836, "state": 2, "submissionId": 23034455, "reward": 10005, "index": 0, "initialScore": 1694.1919258172918, "initialConfidence": 35.0, "updatedScore": 1692.2054274245045, "updatedConfidence": 35.0, "teamId": 99999}, {"id": 71793837, "state": 2, "submissionId": 23032370, "reward": 130003, "index": 1, "initialScore": 1875.985657985328, "initialConfidence": 35.0, "updatedScore": 1877.972156378116, "updatedConfidence": 35.0, "teamId": 99999}]}