{"id": 28448670, "competitionId": 30067, "createTime": {"seconds": 1634533926}, "endTime": {"seconds": 1634533926}, "agents": [{"id": 71993940, "state": 2, "submissionId": 23176680, "reward": 0, "index": 0, "initialScore": 1665.9488949560607, "initialConfidence": 35.0, "updatedScore": 1664.2942978241892, "updatedConfidence": 35.0, "teamId": 99999}, {"id": 71993941, "state": 2, "submissionId": 23032370, "reward": 80008, "index": 1, "initialScore": 1880.0710351991077, "initialConfidence": 35.0, "updatedScore": 1881.725632330979, "updatedConfidence": 35.0, "teamId": 99999}]}