{"id": 28582442, "competitionId": 30067, "createTime": {"seconds": 1634699977}, "endTime": {"seconds": 1634699977}, "agents": [{"id": 72261484, "state": 2, "submissionId": 23128925, "reward": 540055, "index": 0, "initialScore": 1708.0389533008083, "initialConfidence": 35.0, "updatedScore": 1706.0748245014686, "updatedConfidence": 35.0, "teamId": 99999}, {"id": 72261485, "state": 2, "submissionId": 23032370, "reward": 690057, "index": 1, "initialScore": 1891.9049179095496, "initialConfidence": 35.0, "updatedScore": 1893.8690467088893, "updatedConfidence": 35.0, "teamId": 99999}]}