{"id": 28606485, "competitionId": 30067, "createTime": {"seconds": 1634728779}, "endTime": {"seconds": 1634728779}, "agents": [{"id": 72309570, "state": 2, "submissionId": 23032370, "reward": 180010, "index": 0, "initialScore": 1897.6600001471968, "initialConfidence": 35.0, "updatedScore": 1899.455216170276, "updatedConfidence": 35.0, "teamId": 99999}, {"id": 72309571, "state": 2, "submissionId": 23128925, "reward": 100012, "index": 1, "initialScore": 1697.6729573639373, "initialConfidence": 35.0, "updatedScore": 1695.8777413408577, "updatedConfidence": 35.0, "teamId": 99999}]}