{"id": 28630485, "competitionId": 30067, "createTime": {"seconds": 1634757496}, "endTime": {"seconds": 1634757496}, "agents": [{"id": 72357570, "state": 2, "submissionId": 23128925, "reward": 100010, "index": 0, "initialScore": 1696.2977869776298, "initialConfidence": 35.0, "updatedScore": 1694.5670726794456, "updatedConfidence": 35.0, "teamId": 99999}, {"id": 72357571, "state": 2, "submissionId": 23032370, "reward": 240019, "index": 1, "initialScore": 1902.6813187208263, "initialConfidence": 35.0, "updatedScore": 1904.4120330190108, "updatedConfidence": 35.0, "teamId": 99999}]}