{"id": 27379358, "competitionId": 30067, "createTime": {"seconds": 1632930380}, "endTime": {"seconds": 1632930380}, "agents": [{"id": 69855316, "state": 2, "submissionId": 22879588, "reward": 0, "index": 0, "initialScore": 1311.538800521986, "initialConfidence": 35.0, "updatedScore": 1308.4134515846515, "updatedConfidence": 35.0, "teamId": 99999}, {"id": 69855317, "state": 2, "submissionId": 23032370, "reward": 80009, "index": 1, "initialScore": 1399.460384358945, "initialConfidence": 50.60435452845402, "updatedScore": 1405.9937686347405, "updatedConfidence": 49.87991815267746, "teamId": 99999}]}