{"id": 27377026, "competitionId": 30067, "createTime": {"seconds": 1632926061}, "endTime": {"seconds": 1632926061}, "agents": [{"id": 69850652, "state": 2, "submissionId": 23032370, "reward": 140015, "index": 0, "initialScore": 1181.6099774837987, "initialConfidence": 77.21565966932754, "updatedScore": 1198.6760024221958, "updatedConfidence": 74.60296786441451, "teamId": 99999}, {"id": 69850653, "state": 2, "submissionId": 22956713, "reward": 1, "index": 1, "initialScore": 1127.399387154693, "initialConfidence": 35.0, "updatedScore": 1123.8930175535588, "updatedConfidence": 35.0, "teamId": 99999}]}