{"id": 27377155, "competitionId": 30067, "createTime": {"seconds": 1632926300}, "endTime": {"seconds": 1632926300}, "agents": [{"id": 69850910, "state": 2, "submissionId": 22875631, "reward": 0, "index": 0, "initialScore": 1171.3961760516584, "initialConfidence": 35.0, "updatedScore": 1167.4994627013791, "updatedConfidence": 35.0, "teamId": 99999}, {"id": 69850911, "state": 2, "submissionId": 23032370, "reward": 180013, "index": 1, "initialScore": 1198.6760024221958, "initialConfidence": 74.60296786441451, "updatedScore": 1216.3801320453476, "updatedConfidence": 72.11503676970327, "teamId": 99999}]}