{"id": 27378584, "competitionId": 30067, "createTime": {"seconds": 1632928941}, "endTime": {"seconds": 1632928941}, "agents": [{"id": 69853768, "state": 2, "submissionId": 23032370, "reward": 260027, "index": 0, "initialScore": 1343.330921520352, "initialConfidence": 56.426730683916496, "updatedScore": 1353.1205833993622, "updatedConfidence": 55.3417132476044, "teamId": 99999}, {"id": 69853769, "state": 2, "submissionId": 23026419, "reward": 60008, "index": 1, "initialScore": 1302.558107038876, "initialConfidence": 39.9788537341121, "updatedScore": 1297.6438418193293, "updatedConfidence": 39.59482094509568, "teamId": 99999}]}