{"id": 27430099, "competitionId": 30067, "createTime": {"seconds": 1633023775}, "endTime": {"seconds": 1633023775}, "agents": [{"id": 69956798, "state": 2, "submissionId": 22724492, "reward": 130014, "index": 0, "initialScore": 1535.96127550767, "initialConfidence": 35.0, "updatedScore": 1531.9640015607276, "updatedConfidence": 35.0, "teamId": 99999}, {"id": 69956799, "state": 2, "submissionId": 23032370, "reward": 310031, "index": 1, "initialScore": 1566.5171026331557, "initialConfidence": 36.52249998698435, "updatedScore": 1570.8697032520058, "updatedConfidence": 36.211001081503376, "teamId": 99999}]}