{"id": 27469301, "competitionId": 30067, "createTime": {"seconds": 1633093834}, "endTime": {"seconds": 1633093834}, "agents": [{"id": 70035202, "state": 2, "submissionId": 23003907, "reward": 200020, "index": 0, "initialScore": 1613.107763280819, "initialConfidence": 35.0, "updatedScore": 1617.5962696428612, "updatedConfidence": 35.0, "teamId": 99999}, {"id": 70035203, "state": 2, "submissionId": 23032370, "reward": 20003, "index": 1, "initialScore": 1612.92525953715, "initialConfidence": 35.0, "updatedScore": 1608.4367531751077, "updatedConfidence": 35.0, "teamId": 99999}]}