{"id": 27528059, "competitionId": 30067, "createTime": {"seconds": 1633196219}, "endTime": {"seconds": 1633196219}, "agents": [{"id": 70152718, "state": 2, "submissionId": 23032370, "reward": 390034, "index": 0, "initialScore": 1637.6153083589684, "initialConfidence": 35.0, "updatedScore": 1641.3757468986885, "updatedConfidence": 35.0, "teamId": 99999}, {"id": 70152719, "state": 2, "submissionId": 23049510, "reward": 160015, "index": 1, "initialScore": 1591.7931760747863, "initialConfidence": 37.3654397058215, "updatedScore": 1587.507270478012, "updatedConfidence": 37.04143125916124, "teamId": 99999}]}