{"id": 27541932, "competitionId": 30067, "createTime": {"seconds": 1633219975}, "endTime": {"seconds": 1633219975}, "agents": [{"id": 70180464, "state": 2, "submissionId": 22908160, "reward": 0, "index": 0, "initialScore": 1591.7775919749515, "initialConfidence": 35.0, "updatedScore": 1588.1868163736874, "updatedConfidence": 35.0, "teamId": 99999}, {"id": 70180465, "state": 2, "submissionId": 23032370, "reward": 120010, "index": 1, "initialScore": 1649.2536610574598, "initialConfidence": 35.0, "updatedScore": 1652.844436658724, "updatedConfidence": 35.0, "teamId": 99999}]}