{"id": 27626813, "competitionId": 30067, "createTime": {"seconds": 1633361634}, "endTime": {"seconds": 1633361634}, "agents": [{"id": 70350226, "state": 2, "submissionId": 23034455, "reward": 190034, "index": 0, "initialScore": 1651.720788634727, "initialConfidence": 35.0, "updatedScore": 1648.339570869386, "updatedConfidence": 35.0, "teamId": 99999}, {"id": 70350227, "state": 2, "submissionId": 23032370, "reward": 560056, "index": 1, "initialScore": 1723.4995772113086, "initialConfidence": 35.0, "updatedScore": 1726.8807949766492, "updatedConfidence": 35.0, "teamId": 99999}]}