{"id": 27639137, "competitionId": 30067, "createTime": {"seconds": 1633381953}, "endTime": {"seconds": 1633381953}, "agents": [{"id": 70374874, "state": 2, "submissionId": 22917589, "reward": 0, "index": 0, "initialScore": 1583.36236772629, "initialConfidence": 35.0, "updatedScore": 1580.9706756197563, "updatedConfidence": 35.0, "teamId": 99999}, {"id": 70374875, "state": 2, "submissionId": 23032370, "reward": 40004, "index": 1, "initialScore": 1729.7408182593754, "initialConfidence": 35.0, "updatedScore": 1732.1325103659087, "updatedConfidence": 35.0, "teamId": 99999}]}