{"id": 27716253, "competitionId": 30067, "createTime": {"seconds": 1633506073}, "endTime": {"seconds": 1633506073}, "agents": [{"id": 70529106, "state": 2, "submissionId": 23032370, "reward": 140014, "index": 0, "initialScore": 1739.862461499292, "initialConfidence": 35.0, "updatedScore": 1743.333830171073, "updatedConfidence": 35.0, "teamId": 99999}, {"id": 70529107, "state": 2, "submissionId": 23034455, "reward": 0, "index": 1, "initialScore": 1674.2876211599337, "initialConfidence": 35.0, "updatedScore": 1670.8162524881527, "updatedConfidence": 35.0, "teamId": 99999}]}