{"id": 27736418, "competitionId": 30067, "createTime": {"seconds": 1633537750}, "endTime": {"seconds": 1633537750}, "agents": [{"id": 70569436, "state": 2, "submissionId": 23034455, "reward": 0, "index": 0, "initialScore": 1679.414548324384, "initialConfidence": 35.0, "updatedScore": 1675.991316258364, "updatedConfidence": 35.0, "teamId": 99999}, {"id": 70569437, "state": 2, "submissionId": 23032370, "reward": 160009, "index": 1, "initialScore": 1748.2921475225814, "initialConfidence": 35.0, "updatedScore": 1751.7153795886013, "updatedConfidence": 35.0, "teamId": 99999}]}