{"id": 27895528, "competitionId": 30067, "createTime": {"seconds": 1633778789}, "endTime": {"seconds": 1633778789}, "agents": [{"id": 70887656, "state": 2, "submissionId": 23032370, "reward": 200021, "index": 0, "initialScore": 1784.7366473772602, "initialConfidence": 35.0, "updatedScore": 1786.779179434851, "updatedConfidence": 35.0, "teamId": 99999}, {"id": 70887657, "state": 2, "submissionId": 22993987, "reward": 90009, "index": 1, "initialScore": 1608.074200708663, "initialConfidence": 35.0, "updatedScore": 1606.0316686510726, "updatedConfidence": 35.0, "teamId": 99999}]}