{"id": 27902237, "competitionId": 30067, "createTime": {"seconds": 1633788627}, "endTime": {"seconds": 1633788627}, "agents": [{"id": 70901074, "state": 2, "submissionId": 23032370, "reward": 130015, "index": 0, "initialScore": 1786.779179434851, "initialConfidence": 35.0, "updatedScore": 1780.698735308869, "updatedConfidence": 35.0, "teamId": 99999}, {"id": 70901075, "state": 2, "submissionId": 23034455, "reward": 510051, "index": 1, "initialScore": 1696.1542812701343, "initialConfidence": 35.0, "updatedScore": 1702.234725396116, "updatedConfidence": 35.0, "teamId": 99999}]}