{"id": 28038186, "competitionId": 30067, "createTime": {"seconds": 1633983330}, "endTime": {"seconds": 1633983330}, "agents": [{"id": 71172972, "state": 2, "submissionId": 23010508, "reward": 0, "index": 0, "initialScore": 1640.6218278427964, "initialConfidence": 35.0, "updatedScore": 1638.641230372264, "updatedConfidence": 35.0, "teamId": 99999}, {"id": 71172973, "state": 2, "submissionId": 23032370, "reward": 130012, "index": 1, "initialScore": 1822.9608578067423, "initialConfidence": 35.0, "updatedScore": 1824.941455277275, "updatedConfidence": 35.0, "teamId": 99999}]}