{"id": 28087642, "competitionId": 30067, "createTime": {"seconds": 1634057738}, "endTime": {"seconds": 1634057738}, "agents": [{"id": 71271884, "state": 2, "submissionId": 23034455, "reward": 170036, "index": 0, "initialScore": 1704.3226944615817, "initialConfidence": 35.0, "updatedScore": 1701.7005438893252, "updatedConfidence": 35.0, "teamId": 99999}, {"id": 71271885, "state": 2, "submissionId": 23032370, "reward": 460037, "index": 1, "initialScore": 1832.052650138832, "initialConfidence": 35.0, "updatedScore": 1834.674800711088, "updatedConfidence": 35.0, "teamId": 99999}]}