{"id": 28130371, "competitionId": 30067, "createTime": {"seconds": 1634116360}, "endTime": {"seconds": 1634116360}, "agents": [{"id": 71357342, "state": 2, "submissionId": 23034455, "reward": 90009, "index": 0, "initialScore": 1714.4947057065128, "initialConfidence": 35.0, "updatedScore": 1711.8147983946, "updatedConfidence": 35.0, "teamId": 99999}, {"id": 71357343, "state": 2, "submissionId": 23032370, "reward": 260023, "index": 1, "initialScore": 1837.6921682924149, "initialConfidence": 35.0, "updatedScore": 1840.372075604328, "updatedConfidence": 35.0, "teamId": 99999}]}