{"id": 28246661, "competitionId": 30067, "createTime": {"seconds": 1634273675}, "endTime": {"seconds": 1634273675}, "agents": [{"id": 71589922, "state": 2, "submissionId": 23038485, "reward": 300027, "index": 0, "initialScore": 1649.0123249304193, "initialConfidence": 35.0, "updatedScore": 1647.3625348354478, "updatedConfidence": 35.0, "teamId": 99999}, {"id": 71589923, "state": 2, "submissionId": 23032370, "reward": 370031, "index": 1, "initialScore": 1863.6304703169103, "initialConfidence": 35.0, "updatedScore": 1865.2802604118815, "updatedConfidence": 35.0, "teamId": 99999}]}