{"id": 28319039, "competitionId": 30067, "createTime": {"seconds": 1634369015}, "endTime": {"seconds": 1634369015}, "agents": [{"id": 71734678, "state": 2, "submissionId": 23032370, "reward": 160017, "index": 0, "initialScore": 1869.058160146397, "initialConfidence": 35.0, "updatedScore": 1871.094554537552, "updatedConfidence": 35.0, "teamId": 99999}, {"id": 71734679, "state": 2, "submissionId": 23034455, "reward": 110011, "index": 1, "initialScore": 1691.837708783955, "initialConfidence": 35.0, "updatedScore": 1689.8013143928, "updatedConfidence": 35.0, "teamId": 99999}]}