{"id": 28326645, "competitionId": 30067, "createTime": {"seconds": 1634378852}, "endTime": {"seconds": 1634378852}, "agents": [{"id": 71749890, "state": 2, "submissionId": 23038485, "reward": 110011, "index": 0, "initialScore": 1657.6651746032287, "initialConfidence": 35.0, "updatedScore": 1656.0038491240691, "updatedConfidence": 35.0, "teamId": 99999}, {"id": 71749891, "state": 2, "submissionId": 23032370, "reward": 530055, "index": 1, "initialScore": 1871.094554537552, "initialConfidence": 35.0, "updatedScore": 1872.7558800167117, "updatedConfidence": 35.0, "teamId": 99999}]}