{"id": 28410178, "competitionId": 30067, "createTime": {"seconds": 1634485653}, "endTime": {"seconds": 1634485653}, "agents": [{"id": 71916956, "state": 2, "submissionId": 23032370, "reward": 320015, "index": 0, "initialScore": 1880.537514791544, "initialConfidence": 35.0, "updatedScore": 1882.3574297332316, "updatedConfidence": 35.0, "teamId": 99999}, {"id": 71916957, "state": 2, "submissionId": 23129375, "reward": 30019, "index": 1, "initialScore": 1682.962892441294, "initialConfidence": 35.0, "updatedScore": 1681.1429774996063, "updatedConfidence": 35.0, "teamId": 99999}]}