{"id": 28479410, "competitionId": 30067, "createTime": {"seconds": 1634572354}, "endTime": {"seconds": 1634572354}, "agents": [{"id": 72055420, "state": 2, "submissionId": 23034455, "reward": 90011, "index": 0, "initialScore": 1692.8811948245152, "initialConfidence": 35.0, "updatedScore": 1691.034377425533, "updatedConfidence": 35.0, "teamId": 99999}, {"id": 72055421, "state": 2, "submissionId": 23032370, "reward": 230019, "index": 1, "initialScore": 1887.8505118305104, "initialConfidence": 35.0, "updatedScore": 1889.6973292294929, "updatedConfidence": 35.0, "teamId": 99999}]}