{"id": 28494868, "competitionId": 30067, "createTime": {"seconds": 1634591887}, "endTime": {"seconds": 1634591887}, "agents": [{"id": 72086336, "state": 2, "submissionId": 23032370, "reward": 100010, "index": 0, "initialScore": 1891.4419518695383, "initialConfidence": 35.0, "updatedScore": 1893.186184646675, "updatedConfidence": 35.0, "teamId": 99999}, {"id": 72086337, "state": 2, "submissionId": 23128925, "reward": 0, "index": 1, "initialScore": 1686.4108745815931, "initialConfidence": 35.0, "updatedScore": 1684.6666418044567, "updatedConfidence": 35.0, "teamId": 99999}]}