{"id": 28518501, "competitionId": 30067, "createTime": {"seconds": 1634621436}, "endTime": {"seconds": 1634621436}, "agents": [{"id": 72133602, "state": 2, "submissionId": 23128925, "reward": 0, "index": 0, "initialScore": 1686.878065641229, "initialConfidence": 35.0, "updatedScore": 1685.1821623408828, "updatedConfidence": 35.0, "teamId": 99999}, {"id": 72133603, "state": 2, "submissionId": 23032370, "reward": 50011, "index": 1, "initialScore": 1896.7742468798365, "initialConfidence": 35.0, "updatedScore": 1898.470150180183, "updatedConfidence": 35.0, "teamId": 99999}]}