{"id": 28526330, "competitionId": 30067, "createTime": {"seconds": 1634631036}, "endTime": {"seconds": 1634631036}, "agents": [{"id": 72149260, "state": 2, "submissionId": 23032370, "reward": 140016, "index": 0, "initialScore": 1898.470150180183, "initialConfidence": 35.0, "updatedScore": 1900.2861015591852, "updatedConfidence": 35.0, "teamId": 99999}, {"id": 72149261, "state": 2, "submissionId": 23129375, "reward": 20002, "index": 1, "initialScore": 1700.5097309590194, "initialConfidence": 35.0, "updatedScore": 1698.693779580017, "updatedConfidence": 35.0, "teamId": 99999}]}