{"id": 28534266, "competitionId": 30067, "createTime": {"seconds": 1634640669}, "endTime": {"seconds": 1634640669}, "agents": [{"id": 72165132, "state": 2, "submissionId": 23032370, "reward": 320033, "index": 0, "initialScore": 1900.2861015591852, "initialConfidence": 35.0, "updatedScore": 1892.139996123657, "updatedConfidence": 35.0, "teamId": 99999}, {"id": 72165133, "state": 2, "submissionId": 23129375, "reward": 330033, "index": 1, "initialScore": 1703.9308916160055, "initialConfidence": 35.0, "updatedScore": 1712.076997051534, "updatedConfidence": 35.0, "teamId": 99999}]}