{"id": 28574496, "competitionId": 30067, "createTime": {"seconds": 1634690377}, "endTime": {"seconds": 1634690377}, "agents": [{"id": 72245592, "state": 2, "submissionId": 23032370, "reward": 130008, "index": 0, "initialScore": 1889.834349773788, "initialConfidence": 35.0, "updatedScore": 1891.9049179095496, "updatedConfidence": 35.0, "teamId": 99999}, {"id": 72245593, "state": 2, "submissionId": 23128925, "reward": 0, "index": 1, "initialScore": 1715.708442571122, "initialConfidence": 35.0, "updatedScore": 1713.63787443536, "updatedConfidence": 35.0, "teamId": 99999}]}