{"id": 28590164, "competitionId": 30067, "createTime": {"seconds": 1634709097}, "endTime": {"seconds": 1634709097}, "agents": [{"id": 72276928, "state": 2, "submissionId": 23128925, "reward": 20002, "index": 0, "initialScore": 1705.603296851359, "initialConfidence": 35.0, "updatedScore": 1703.6861678948676, "updatedConfidence": 35.0, "teamId": 99999}, {"id": 72276929, "state": 2, "submissionId": 23032370, "reward": 40004, "index": 1, "initialScore": 1893.8690467088893, "initialConfidence": 35.0, "updatedScore": 1895.7861756653808, "updatedConfidence": 35.0, "teamId": 99999}]}