{"id": 28614615, "competitionId": 30067, "createTime": {"seconds": 1634738382}, "endTime": {"seconds": 1634738382}, "agents": [{"id": 72325830, "state": 2, "submissionId": 23176680, "reward": 30005, "index": 0, "initialScore": 1664.479551976062, "initialConfidence": 35.0, "updatedScore": 1663.0196060072064, "updatedConfidence": 35.0, "teamId": 99999}, {"id": 72325831, "state": 2, "submissionId": 23032370, "reward": 120012, "index": 1, "initialScore": 1899.455216170276, "initialConfidence": 35.0, "updatedScore": 1900.915162139132, "updatedConfidence": 35.0, "teamId": 99999}]}