{"id": 28662204, "competitionId": 30067, "createTime": {"seconds": 1634795547}, "endTime": {"seconds": 1634795547}, "agents": [{"id": 72421008, "state": 2, "submissionId": 23032370, "reward": 140013, "index": 0, "initialScore": 1909.1558036312465, "initialConfidence": 35.0, "updatedScore": 1910.4849499022416, "updatedConfidence": 35.0, "teamId": 99999}, {"id": 72421009, "state": 2, "submissionId": 23243815, "reward": 40005, "index": 1, "initialScore": 1656.6117944987654, "initialConfidence": 35.0, "updatedScore": 1655.2826482277703, "updatedConfidence": 35.0, "teamId": 99999}]}