{"id": 28809788, "competitionId": 30067, "createTime": {"seconds": 1634968579}, "endTime": {"seconds": 1634968579}, "agents": [{"id": 72716176, "state": 2, "submissionId": 23176680, "reward": 180018, "index": 0, "initialScore": 1680.4436290842914, "initialConfidence": 35.0, "updatedScore": 1679.0658590354126, "updatedConfidence": 35.0, "teamId": 99999}, {"id": 72716177, "state": 2, "submissionId": 23032370, "reward": 210018, "index": 1, "initialScore": 1924.751920844921, "initialConfidence": 35.0, "updatedScore": 1926.1296908938, "updatedConfidence": 35.0, "teamId": 99999}]}