{"id": 28833750, "competitionId": 30067, "createTime": {"seconds": 1634995944}, "endTime": {"seconds": 1634995944}, "agents": [{"id": 72764100, "state": 2, "submissionId": 23032370, "reward": 30004, "index": 0, "initialScore": 1928.8496396451412, "initialConfidence": 35.0, "updatedScore": 1919.707057280879, "updatedConfidence": 35.0, "teamId": 99999}, {"id": 72764101, "state": 2, "submissionId": 23176680, "reward": 420042, "index": 1, "initialScore": 1684.5489602179728, "initialConfidence": 35.0, "updatedScore": 1693.6915425822351, "updatedConfidence": 35.0, "teamId": 99999}]}