{"id": 28859195, "competitionId": 30067, "createTime": {"seconds": 1635024981}, "endTime": {"seconds": 1635024981}, "agents": [{"id": 72814990, "state": 2, "submissionId": 23323058, "reward": 190019, "index": 0, "initialScore": 1693.5877452711838, "initialConfidence": 35.0, "updatedScore": 1702.379486012244, "updatedConfidence": 35.0, "teamId": 99999}, {"id": 72814991, "state": 2, "submissionId": 23032370, "reward": 0, "index": 1, "initialScore": 1921.1815534047155, "initialConfidence": 35.0, "updatedScore": 1912.389812663655, "updatedConfidence": 35.0, "teamId": 99999}]}