{"id": 28908940, "competitionId": 30067, "createTime": {"seconds": 1635081383}, "endTime": {"seconds": 1635081383}, "agents": [{"id": 72914480, "state": 2, "submissionId": 23032370, "reward": 270027, "index": 0, "initialScore": 1909.0648472228395, "initialConfidence": 35.0, "updatedScore": 1910.8353212234572, "updatedConfidence": 35.0, "teamId": 99999}, {"id": 72914481, "state": 2, "submissionId": 23323058, "reward": 140017, "index": 1, "initialScore": 1706.6409630795608, "initialConfidence": 35.0, "updatedScore": 1704.870489078943, "updatedConfidence": 35.0, "teamId": 99999}]}