{"id": 28935206, "competitionId": 30067, "createTime": {"seconds": 1635110927}, "endTime": {"seconds": 1635110927}, "agents": [{"id": 72967012, "state": 2, "submissionId": 23032370, "reward": 670048, "index": 0, "initialScore": 1904.4753119529432, "initialConfidence": 35.0, "updatedScore": 1906.387800154012, "updatedConfidence": 35.0, "teamId": 99999}, {"id": 72967013, "state": 2, "submissionId": 23323058, "reward": 410041, "index": 1, "initialScore": 1715.771673320122, "initialConfidence": 35.0, "updatedScore": 1713.859185119053, "updatedConfidence": 35.0, "teamId": 99999}]}